,ID,Name,PricePer1000,Min,Max,Description
0,1315,Instagram Views - [ Max - 50M ] [ SUPERFAST ] SUPER INSTANT,                                                                                                         $0.01                                                 ,200,100000,Instagram Views Min 100 ( Speed Upto 100k Per Day ) Best Price in the Market
1,1317,Instagram Likes [ 5k/hour] [5k/hour]  [ No Refill ],                                                                                                         $0.9667                                                 ,100,20000,Instant Start 500-1000 Per hour NO REFILL!
2,1318, Instagram Views + Impressions [ Max - 1M ] [ FAST ] INSTANT,                                                                                                         $0.0733                                                 ,500,100000,Superfast! Order Will Be Start Instant Per Hour Speed 1.5M! Impressions Will Come Randomly From Profile Explore Home Page Other! UNLIMITED!
3,1320,Instagram Views + Impressions + Profile Visits [ MAX- 1M ] [ Natural Increase ] INSTANT ,                                                                                                         $0.0414                                                 ,500,100000,Instant Min 500 Natural Views + Impressions (EXPLORE - HOME - LOCATION - PROFILE - OTHER)
4,1562,Tik Tok Views - [ Max - 1M ][ Speed: 200K/Day ][ INSTANT,                                                                                                         $0.006                                                 ,500,20000,- Instant - Speed: 250K/Day - Min 100 Max 10M
5,1677,Instagram Followers | Real and Active accounts ~ Auto Refill For 30 Days,                                                                                                         $8.5                                                 ,100,50000,â†’ Speed : 10k - 20k/day â†’ Stuck issues : No â†’ Min Order : 50 â†’ Max Order: 20000 â†’ For Refill :Refill button enabled â†’ Any extra ordinary specs : Real and active accounts with stories and posts also if they drops they will get auto refilled.
6,1519,Instagram PREMIUM Followers - [ Max - 100K ][ Speed: 20K/Day ][ 30 Days Refill Button ][ Real and Active ][ Premium Quality ][ SUPERFAST ] Start: 0-2hr ,                                                                                                         $6.2                                                 ,50,100000,Active ][ Premium Quality SUPERFAST ] Start: 0-2HR
7,1520,Instagram PREMIUM Followers - [ Max - 200K ][ Speed: 12k-15k/Day ][ 30 Days Refill Button ][ All Real and Active Accounts ][ Premium Quality ] Start: 0-2hr ,                                                                                                         $6.3                                                 ,100,200000,Real and Active Accounts ] Start: 0-2hr 
8,1521,Instagram Ultra Premium Followers - [ Max 45K ][ Speed: 5K/Day ][ NON DROP ][ 30 Days Refill ][ SUPER REAL QUALITY ] Start: 0-45 Minutes,                                                                                                         $4.9802                                                 ,50,45000,[ Speed: 5K/Day ] [ NON DROP ][ 30 Days Refill[ SUPER REAL QUALITY ] Start: 0-45Minutes 
9,1572,Instagram Real Followers | Max 1K | 1-2K/Day Speed | LQ ,                                                                                                         $1.4                                                 ,100,1000,â†’ Speed : 2k - /DAY â†’ Stuck issues : No â†’ Min Order : 100 â†’ Max Order: 1000 â†’ Any extra ordinary specs : These followers also have a high drop rate but they unfollow in natural pattern â†’ Note : These followers have a high unfollow rate upto 90% - 100% within 1 - 3days
10,1573,Instagram Real Followers | Max 2K | 1-2K/Day Speed | LQ,                                                                                                         $1.1739                                                 ,100,2000,â†’ Speed : 1K â†’ Stuck issues : No â†’ Min Order : 100 â†’ Max Order: 2000 â†’ Any extra ordinary specs : Cheapest instagram followers on Jephsmm â†’ Note : These followers have a high unfollow rate upto 90% - 100% within 1 - 3days
11,1676,Instagram Followers [10k] [3k Per Hour] ,                                                                                                         $0.95                                                 ,20,20000,Instant Start Bots Profile No Refill- No Refund 
12,1661,Instagram Followers[J-2]- [ Max - 5k ] [ NO REFILL ] [ REAL PROFILE ] [INSTANT [ Less Drop] ,                                                                                                         $2.5                                                 ,100,5000,Stable Service Less Drop No Refill 1-2k Per day Can be Drop No Gaurantee
13,1662,Instagram Followers [MixğŸ‡®ğŸ‡³ IndianğŸ‡®ğŸ‡³]   ğ‘ºğ’ğ‘´ğ’† ğ‘ğğšğ¥ ğ€ğœğœğ¨ğ®ğ§ğ­ğ¬ ğ–ğ¢ğ­ğ¡ ğ‹ğğ¬ğ¬ ğƒğ«ğ¨ğ© Instant 0-1Hr ,                                                                                                         $2.4243                                                 ,200,10000,Mix Indian Followers Mix Quality Bots + Real 0-1hr Start 
14,1690,Instagram Super HQ Followers Max-7k Non Refill LOW DROP SUPERFAST INSTANT ,                                                                                                         $1.8                                                 ,20,7000,Followers With active Stories And post QUALITY~Mostly Female Real Accounts Min-10 Max-7k R30 [Refill button ACTIVATED] [This service have 99% Real Female+male Accounts There is normal drop 0-5% maximum]
15,1201,Instagram Followers - [ ARAB - IRAN MIX ] [ REAL USERS ] INSTANT,                                                                                                         $7.3                                                 ,1000,2000,No Refill Less Drop
16,1202,Instagram Followers [ BRAZIL REAL USERS ] [ LESS DROPS ] [ MAX 250 ] SUPER INSTANT,                                                                                                         $9.6                                                 ,10,250,No Refill Less Drop
17,1203,Instagram Followers [ BRAZIL REAL USERS ] [ LESS DROPS ] [ MAX 1300 ] SUPER INSTANT,                                                                                                         $10.38                                                 ,25,1300,No Refill Less Drop
18,1204,Instagram Followers [ BRAZIL REAL USERS ] [ LESS DROPS ] [ MAX 2000 ] SUPER INSTANT,                                                                                                         $12                                                 ,25,2000,No Refill Less Drop
19,1522,ğŸ‡®ğŸ‡·ğŸ‡®ğŸ‡¶ ( IRAN | IRAQ ) Instagram Followers - [ Max 50K ][ Speed: 2k-5k/Day ][ Super High Quality ][ Real Accounts  Posts  Story ][ Almost Non-Drop ][ No Refill ][ Start 0-30 Minutes  ğŸ‡®ğŸ‡·ğŸ‡®ğŸ‡¶,                                                                                                         $4.6929                                                 ,50,50000,Super High Quality
20,1523,ğŸ‡¦ğŸ‡ª ( ARABIC ) Instagram Followers - [ Max 5K ][ Speed: 1-2K/D ][ No Refill ][ Real  HQ ][ Start: 0-30 Minutes  ğŸ‡¦ğŸ‡ª,                                                                                                         $5                                                 ,50,5000,Super High Quality
21,1524,ğŸ‡¦ğŸ‡ª ( ARABIC ) Instagram Followers - [ Max 10K ][ Speed: 1-2K/D ][ 15 Days Auto Refill ][ Real  HQ ][ Start: 0-30 Minutes ,                                                                                                         $6                                                 ,50,10000,Super High Quality
22,1525,ğŸ‡¦ğŸ‡ª ( ARAB ) Instagram Followers [ Max - 50K ][ Speed: 5k-10K/Day ][ No Refill  Superfast ][ Start: 0-1 hr,                                                                                                         $5                                                 ,50,50000,Super High Quality
23,1526,ğŸ‡¦ğŸ‡ª ( ARAB Mixed ) Instagram Followers - [ Max - 5K ][ Speed: 3K/Day ][ Recommended ] INSTANT,                                                                                                         $4.5                                                 ,50,5000,Super High Quality
24,1527,ğŸ‡®ğŸ‡³ğŸ‡¦ğŸ‡ª (  INDIAN | Arabic ) Instagram Followers - [ Mixed Indian / Arabic ][ Speed 5K/Day ][ No Refill ] Start: 0-1hr ğŸ‡®ğŸ‡³ğŸ‡¦ğŸ‡ª,                                                                                                         $1.9                                                 ,100,100000,Super High Quality
25,1528,( LATIN ) Instagram Followers - [ Max - 7K ][ Speed: 3K/Day ][ No Refill ][ High Quality ] Start: 0-1 hour,                                                                                                         $2.8                                                 ,50,7000,Super High Quality
26,1529,( LATIN ) Instagram Followers - [ Max - 30K ][ Speed: 5K/Day ][ 30 Days Refill ][ High Quality ] Start: 0-30 Minutes ,                                                                                                         $4.9                                                 ,30,30000,Super High Quality
27,1530,ğŸ‡§ğŸ‡· ( BRAZIL ) Instagram Followers - [ Max - 10K ][ Speed: 1K/Hour ][ Real Mixed ] Start: 0-1hr ğŸ‡§ğŸ‡·,                                                                                                         $5.748                                                 ,50,10000,Super High Quality
28,1531,ğŸ‡·ğŸ‡º ( RUSSIAN ) Instagram Followers [Max - 100K] [Speed: 5K] [No Refill] INSTANT ,                                                                                                         $2.3565                                                 ,10,100000,Super High Quality
29,1532,ğŸ‡·ğŸ‡º ( RUSSIAN ) Instagram Followers - [ Max 35K ][ Speed: 5K ][ 30 Days Refill Buttonâœ”ï¸ ][ High Quality | Just 5% Dropping ][ Start: 0-1 hr,                                                                                                         $2.7                                                 ,10,35000,Super High Quality
30,1533,ğŸ‡§ğŸ‡· ( SÃ£o Paulo ) Instagram Followers by state [ 30 Days Refill Button,                                                                                                         $20.6757                                                 ,100,15000,Super High Quality
31,1534,ğŸ‡§ğŸ‡· ( Rio de Janeiro ) Instagram Followers by state [ 30 Days Refill Button,                                                                                                         $20.6757                                                 ,100,9000,Super High Quality
32,1535,ğŸ‡§ğŸ‡· ( Minas Gerais ) Instagram Followers by state [ 30 Days Refill Button,                                                                                                         $20.6757                                                 ,100,7000,Super High Quality
33,1536,ğŸ‡§ğŸ‡· ( Bahia ) Instagram Followers by state [ 30 Days Refill Button,                                                                                                         $20.6757                                                 ,100,6600,Super High Quality
34,1537,ğŸ‡§ğŸ‡· ( CearÃ¡ ) Instagram Followers by state [ 30 Days Refill Button,                                                                                                         $20.6757                                                 ,100,4500,Super High Quality
35,1538,ğŸ‡§ğŸ‡· ( Pernambuco ) Instagram Followers by state [ 30 Days Refill Button,                                                                                                         $20.6757                                                 ,100,4500,Super High Quality
36,1539,ğŸ‡§ğŸ‡· ( ParanÃ¡ ) Instagram Followers by state [ 30 Days Refill Button,                                                                                                         $20.6757                                                 ,100,3100,Super High Quality
37,1540,ğŸ‡§ğŸ‡· ( GoiÃ¡s ) Instagram Followers by state [ 30 Days Refill Button,                                                                                                         $21.8243                                                 ,100,3000,Super High Quality
38,1541,ğŸ‡§ğŸ‡· ( Grande do Sul ) Instagram Followers by state [ 30 Days Refill ],                                                                                                         $20.6757                                                 ,100,3000,Super High Quality
39,1542,ğŸ‡§ğŸ‡· ( Santa Catarina ) Instagram Followers by state [ 30 Days Refill ],                                                                                                         $21.8243                                                 ,100,2100,Super High Quality
40,1543,ğŸ‡§ğŸ‡· ( ParÃ¡ ) Instagram Followers by state [ 30 Days Refill ],                                                                                                         $21.8243                                                 ,100,2100,Super High Quality
41,1544,ğŸ‡§ğŸ‡· ( MaranhÃ£o ) Instagram Followers by state [ 30 Days Refill ],                                                                                                         $20.6757                                                 ,100,1800,Super High Quality
42,1545,ğŸ‡§ğŸ‡· ( Distrito Federal ) Instagram Followers by state [ 30 Days Refill ],                                                                                                         $21.8243                                                 ,100,1500,Super High Quality
43,1546,ğŸ‡§ğŸ‡· ( EspÃ­rito Santo ) Instagram Followers by state [ 30 Days Refill ],                                                                                                         $21.8243                                                 ,100,1400,Super High Quality
44,1547,ğŸ‡§ğŸ‡· ( ParaÃ­ba ) Instagram Followers by state [ 30 Days Refill ],                                                                                                         $20.6757                                                 ,100,1300,Super High Quality
45,1548,ğŸ‡§ğŸ‡· ( Amazonas ) Instagram Followers by state [ 30 Days Refill ],                                                                                                         $20.6757                                                 ,100,1200,Super High Quality
46,1549,ğŸ‡§ğŸ‡· ( Rio Grande do Norte ) Instagram Followers by state [ 30 Days Refill ],                                                                                                         $21.8243                                                 ,100,1100,Super High Quality
47,1550,ğŸ‡§ğŸ‡· ( Alagoas ) Instagram Followers by state [ 30 Days Refill ],                                                                                                         $21.8243                                                 ,100,1100,Super High Quality
48,1311,â™› Instagram Followers - ( J-2 ) [REAL] [R30] [ALMOST Real HQ] [ Max - 10K ]  1K Daily ,                                                                                                         $3.468                                                 ,200,10000,1-6 hours All Real HQ Accounts Low Drop 30days Refill(manual) 1k/day
49,1647,Instagram FOLLOWERS (ENGLISH PROFILES) SPEED~3k/DAY [MAX-50K]  R30 SUPER INSTANT ,                                                                                                         $2.6                                                 ,100,50000,SPEC'S HQ ENGLISH PROFILES USERS SPEED~1-2K/DAY MIN-100 MAX-80K SUPER REAL PROFILES (R30 BUTTON ACTIVATED) ALMOST THERE IS 10% DROP RATIO 
50,1607,ğŸ”¥ Instagram Followers | Real and Old aged accounts + 30Days Refill ~ Best Quality ,                                                                                                         $2.8                                                 ,100,10000,â†’ Speed : 2 - 5k/day â†’ Stuck issues : No â†’ Min Order : 100 â†’ Max Order: 20]000 â†’ Any extra ordinary specs : Real and old aged accounts with not more than 10% - 20% drop also with refill button enable
51,1632,Instagram Followers - ( J-11 ) [ Max - 20k ] [ 20 Days Refill ] INSTANT ,                                                                                                         $1.95                                                 ,100,20000,Instant â€¢ 1k/day â€¢ Mixed Quality Profiles â€¢ 20 days refill 
52,1644,Instagram Refill [Old HQ Accounts] [20k] [30 Days Refill] ,                                                                                                         $2.5                                                 ,100,20000,â†¦ Instant Start â†¦ 1000 Per Day â†¦ Real Accounts\Old Accounts â†¦ 30 Days Refill 
53,1646,ğŸ”¥ Instagram Followers | Real and Active accounts ~ Auto Refill For 30 DaysğŸ”¥ğŸ”¥ğŸ”¥ ,                                                                                                         $8.5                                                 ,100,50000,0-1 Hrs 
54,1663,â™› Instagram Followers - ( J-6 ) [REAL Most Stable services ,                                                                                                         $2.1                                                 ,200,10000,Stable services 30 Days Refill Speed 2k day 
55,1689,Instagram Super HQ Followers Max-5k {R30] Real Female+male  Accounts,                                                                                                         $2                                                 ,20,7000,Followers With active Stories And post QUALITY~Mostly Female Real Accounts Min-10 Max-7k R30 [Refill button ACTIVATED] [This service have 99% Real Female+male Accounts There is normal drop 0-5% maximum] 
56,1668,Instagram Followers R30 (Motly Business Profiles) Max -30k Instant Start ,                                                                                                         $2.9                                                 ,50,30000,Spec's MOST STABLE [System Will automatically Refill in Every 12hrs if getting any drop ratio] Min-50 Max-35k INSTANT-START SPEED~1K-2K/DAY GRADUAL SPEED R30 BUTTON ACTIVATED
57,1496,ğŸ‡¦ğŸ‡ª ( ARABIC ) Instagram Likes - [ Max 100K][ Speed: 5K/Day ][ Super-High-Quality ][ All choice accounts have 5K  10K 100K or 1M followers ] Start: 0-5 Minutes ğŸ‡¦ğŸ‡ª,                                                                                                         $3.3                                                 ,20,100000,Speed: 5K/Day ][Super-High-Quality ] [ All choice accounts have 5K 10K 100K or 1M followers ] Start: 0-5 Minutes ğŸ‡¦ğŸ‡ª
58,1497,ğŸ‡¸ğŸ‡¦ ( ARABIC ) Instagram Likes - [ Speed: 4k-5K/Day ][ HQ ARABIC LIKES ][ INSTANT ğŸ‡¸ğŸ‡¦,                                                                                                         $3.65                                                 ,100,10000,Likes - [ Speed: 4k-5K/Day ][ HQ ARABIC LIKES ][ INSTANT ğŸ‡¸ğŸ‡¦
59,1498,ğŸ‡·ğŸ‡º ( RUSSIAN ) Instagram Likes - [ Speed: 5K/Day ][ BOT ][ No Refill ] INSTANT ğŸ”¥ğŸ‡·ğŸ‡º,                                                                                                         $1.7241                                                 ,10,5000,Likes - [ Speed: 5K/Day ] BOT ][ No Refill ] INSTANT ğŸ‡·ğŸ‡º
60,1499,ğŸ‡·ğŸ‡º ( RUSSIAN ) Instagram Likes - [ Speed: 5K/Day ][ NON DROP ][ Real ] Start: 0-10 Min ğŸ‡·ğŸ‡º,                                                                                                         $1.428                                                 ,10,10000,Likes - [ Speed: 5K/Day ][ NON DROP ] [ Real ] Start: 0-10 Min ğŸ‡·ğŸ‡º
61,1500,ğŸ‡¹ğŸ‡· ( TURKEY ) Instagram Likes - [ Real Mixed ][ Fastest Delivery ][ Start: 0-5 Minutes ğŸ‡¹ğŸ‡·,                                                                                                         $0.99                                                 ,20,10000,Likes - [ Real Mixed ][ Fastest Delivery ][ Start: 0-5 Minutes ğŸ‡¹ğŸ‡·
62,1501,ğŸ‡§ğŸ‡· ( SÃ£o Paulo ) Instagram Likes [ Super Fast ] INSTANT,                                                                                                         $7.1                                                 ,100,15000,ğŸ‡§ğŸ‡· ( SÃ£o Paulo ) Instagram Likes [ Super Fast ] INSTANT
63,1502,ğŸ‡§ğŸ‡· ( Rio de Janeiro ) Instagram Likes [ Super Fast ] INSTANT,                                                                                                         $7.0785                                                 ,100,9000,ğŸ‡§ğŸ‡· ( Rio de Janeiro ) Instagram Likes [ Super Fast ] INSTANT
64,1503,ğŸ‡§ğŸ‡· ( Minas Gerais ) Instagram Likes [ Super Fast ] INSTANT,                                                                                                         $7.0785                                                 ,100,7000,ğŸ‡§ğŸ‡· ( Minas Gerais ) Instagram Likes [ Super Fast ] INSTANT
65,1504,ğŸ‡§ğŸ‡· ( Bahia ) Instagram Likes [ Super Fast ] INSTANT,                                                                                                         $7.0785                                                 ,100,7000,ğŸ‡§ğŸ‡· ( Bahia ) Instagram Likes [ Super Fast ] INSTANT
66,1505,ğŸ‡§ğŸ‡· ( CearÃ¡ ) Instagram Likes [ Super Fast ] INSTANT,                                                                                                         $7.0785                                                 ,100,4500,ğŸ‡§ğŸ‡· ( CearÃ¡ ) Instagram Likes [ Super Fast ] INSTANT
67,1506,ğŸ‡§ğŸ‡· ( Pernambuco ) Instagram Likes [ Super Fast ] INSTANT,                                                                                                         $7.0785                                                 ,100,3800,ğŸ‡§ğŸ‡· ( Pernambuco ) Instagram Likes [ Super Fast ] INSTANT
68,1507,ğŸ‡§ğŸ‡· ( ParanÃ¡ ) Instagram Likes [ Super Fast ] INSTANT,                                                                                                         $7.0785                                                 ,100,3000,ğŸ‡§ğŸ‡· ( ParanÃ¡ ) Instagram Likes [ Super Fast ] INSTANT
69,1508,ğŸ‡§ğŸ‡· ( GoiÃ¡s ) Instagram Likes [ Super Fast ] INSTANT,                                                                                                         $7.0785                                                 ,100,3000,ğŸ‡§ğŸ‡· ( GoiÃ¡s ) Instagram Likes [ Super Fast ] INSTANT
70,1509,ğŸ‡§ğŸ‡· ( Rio Grande do Sul ) Instagram Likes [ Super Fast ] INSTANT,                                                                                                         $7.0785                                                 ,100,3000,ğŸ‡§ğŸ‡· ( Rio Grande do Sul ) Instagram Likes [ Super Fast ] INSTANT
71,1510,ğŸ‡§ğŸ‡· ( Santa Catarina ) Instagram Likes [ Super Fast ] INSTANT,                                                                                                         $7.0785                                                 ,100,2000,ğŸ‡§ğŸ‡· ( Santa Catarina ) Instagram Likes [ Super Fast ] INSTANT
72,1511,ğŸ‡§ğŸ‡· ( ParÃ¡ ) Instagram Likes [ Super Fast ] INSTANT,                                                                                                         $7.0785                                                 ,100,1800,ğŸ‡§ğŸ‡· ( ParÃ¡ ) Instagram Likes [ Super Fast ] INSTANT
73,1512,ğŸ‡§ğŸ‡· ( MaranhÃ£o ) Instagram Likes [ Super Fast ] INSTANT,                                                                                                         $7.0785                                                 ,100,1800,ğŸ‡§ğŸ‡· ( MaranhÃ£o ) Instagram Likes [ Super Fast ] INSTANT
74,1513,ğŸ‡§ğŸ‡· ( Federal ) Instagram Likes [ Super Fast ] INSTANT,                                                                                                         $7.0785                                                 ,100,1500,ğŸ‡§ğŸ‡· ( Federal ) Instagram Likes [ Super Fast ] INSTANT
75,1514,ğŸ‡§ğŸ‡· ( EspÃ­rito Santo ) Instagram Likes [ Super Fast ] INSTANT,                                                                                                         $7.0785                                                 ,100,1400,ğŸ‡§ğŸ‡· ( EspÃ­rito Santo ) Instagram Likes [ Super Fast ] INSTANT
76,1515,ğŸ‡§ğŸ‡· ( ParaÃ­ba ) Instagram Likes [ Super Fast ] INSTANT,                                                                                                         $7.0785                                                 ,100,1400,ğŸ‡§ğŸ‡· ( ParaÃ­ba ) Instagram Likes [ Super Fast ] INSTANT
77,1516,ğŸ‡§ğŸ‡· ( Amazonas ) Instagram Likes [ Super Fast ] INSTANT,                                                                                                         $7.0785                                                 ,100,1200,ğŸ‡§ğŸ‡· ( Amazonas ) Instagram Likes [ Super Fast ] INSTANT
78,1517,ğŸ‡§ğŸ‡· ( Rio Grande do Norte ) Instagram Likes [ Super Fast ] INSTANT,                                                                                                         $7.0785                                                 ,100,1200,ğŸ‡§ğŸ‡· ( Rio Grande do Norte ) Instagram Likes [ Super Fast ] INSTANT
79,1518,ğŸ‡§ğŸ‡· ( Alagoas ) Instagram Likes [ Super Fast ] INSTANT,                                                                                                         $7.0785                                                 ,100,1100,ğŸ‡§ğŸ‡· ( Alagoas ) Instagram Likes [ Super Fast ] INSTANT
80,1688,ğŸ”¥ Instagram Real Power Likes | 1k - 2k/hr ~ Best Quality Accounts  0-5min start ,                                                                                                         $1                                                 ,50,10000,0-5min start After start very fast work Min-100 Max-10k Speed~10k/hour Lifetime-Guranteed 
81,1695,New | Instagram Real Likes | Max 20K | Hourly Speed 5-8K | NonDrop ,                                                                                                         $2.55                                                 ,50,20000,Hourly Speed 5-8K 
82,1586,Instagram Real Likes NON-DROP USAğŸ‡ºğŸ‡² QUALITYHQ 500-800/Hour ,                                                                                                         $0.69                                                 ,20,10000,Instant start Speed~500-800/Hour Currently no-drop Note:-if drop no refill
83,1622,â–¶Instagram Likes Real [20k] [1k Per Hour],                                                                                                         $1.4                                                 ,20,10000,â†¦Instant Start â†¦ Non Drop â†¦ 1k per Hour â†¦ Real Likes
84,1633,Instagram Likes - [ Max - 20k ] [ HQ  Superfast ] SUPER INSTANT ,                                                                                                         $1.42                                                 ,100,10000,Instant Start Mixed Real ( No Bots ) 
85,1634,â™› Instagram Likes - [ Max - 10k ] [ Best Service  100-200/Hour ] INSTANT,                                                                                                         $0.5962                                                 ,100,10000,Instant â€¢ 100-200/hour â€¢ Best Service Less Drops â€¢ No Refill
86,1655,Emergency instagram likesâš ï¸(Real Likes)  Max-10k Speed~1500/Hour Super Instant 0-5min start ,                                                                                                         $1.1                                                 ,100,10000,0-5min start After start very fast work Min-100 Max-10k Speed~10k/hour 
87,1656,Instagram ğŸ”¥Always WorkingğŸ”¥ Likes [Max-10k]  Instant-Start,                                                                                                         $0.69                                                 ,100,30000,Instant-Start
88,1659,Instagram Likes - [ Max - 5k ] [ Fastest  Real Likes ] INSTANT ,                                                                                                         $1.4                                                 ,50,5000,Instant 200-400 Per Hour Speed. High Quality min 50 
89,1492,Instagram POWER Likes - [ Max 100K][ Speed: 5-7K/Day ][ Only Quality ][ Accounts with 5K 10K100K or 1M followers will like your post ][ Start: 0-5 Minutes ğŸ‡¦ğŸ‡ª,                                                                                                         $2.772                                                 ,20,100000,Instagram POWER Likes - [ Max 100K][ Speed: 5-7K/Day ][ Only Quality][ Accounts with 5K 10K100K or 1M followers will like your post ][ Start: 0-5 Minutes ğŸ‡¦ğŸ‡ª
90,1493,Instagram Power Likes - [ Max - 70K ][ Speed: 10K/Hour ][ Ultrafast ] Start: 0-10 Minute,                                                                                                         $1.881                                                 ,20,70000,Instagram Power Likes - [ Max - 70K ][ Speed: 10K/Hour ][ Ultrafast ] Start: 0-10 Minute
91,1494,Instagram POWER Likes [Max - 50K] [Speed: 5K/Day] SUPER INSTANT,                                                                                                         $3.168                                                 ,20,50000,Instagram POWER Likes [Max - 50K] [Speed: 5K/Day] SUPER INSTANT
92,1495,Instagram SUPER POWER Likes [Max - 100K] [Speed: 10K/Day] SUPER INSTANT,                                                                                                         $3.553                                                 ,20,100000,Instagram SUPER POWER Likes [Max - 100K] [Speed: 10K/Day] SUPER INSTANT
93,1333,Instagram Views - [ Max - 10M ] [ SUPERFAST ] SUPER INSTANT,                                                                                                         $0.094                                                 ,500,100000,Superfast Start Instant Per Hour Speed 1.5M UNLIMITED!
94,1334,Instagram Views + Impressions [ Max - 10M ] [ SUPERFAST ] SUPER INSTANT,                                                                                                         $0.0819                                                 ,500,100000,Superfast Per Hour Speed 1.5M Impressions Will Come Randomly From Profile Explore Home Page Other! UNLIMITED!
95,1335,Instagram Views + Impressions + Profile Visits [ Max - 10M ] [ SUPERFAST ] SUPER INSTANT,                                                                                                         $0.07                                                 ,500,100000,Superfast! Start Instant Per Hour Speed 1.5M! Impressions Will Come Randomly From Profile Explore Home Page Other! With %20-30 Profile Visits! UNLIMITED!
96,1614, - Instagram - Video Views - /1k - Speed 200k/hrs,                                                                                                         $0.0316                                                 ,1000,100000,1k - Speed 200k/hrs
97,1664,Instagram  Views Instant ,                                                                                                         $0.05                                                 ,500,10000000,1-5Million Per Day Cheapest in market
98,1336,Instagram Saves - [ Max - 50K ] [ FAST ] INSTANT,                                                                                                         $0.04                                                 ,100,25000,Instant Start Put Post URL Min 100
99,1638,New | Instagram Saves | Max 10K | Instant | SuperFast | Â± 5% Delivery ,                                                                                                         $0.01                                                 ,100,10000, 5% Delivery
100,1694,Instagram Live Video | Max 1K | Staying until Video Ends ,                                                                                                         $1.8                                                 ,200,1000,INSTANST
101,1635,Instagram TV Views [ Max - 1M ] INSTANT ,                                                                                                         $0.04                                                 ,500,1000000,INSTANT
102,1691,Instagram Comments [Real Profiles] [Best] ,                                                                                                         $32                                                 ,5,1000,Instant to 6Hours - Real Profiles 
103,1692,Instagram Indian Random Comments ,                                                                                                         $19                                                 ,1,400,Instant-1 Hours - Mix Profiles 
104,1693,Indian Instagram Custom Comments [Mix Profiles] [Instant] ,                                                                                                         $20                                                 ,1,300,Instant Always 
105,1680,Youtube Views [Non Drop] 500-1M Per Day Speed ,                                                                                                         $1.1                                                 ,100,100000,Instant Start - Lifetime Refill - 30-60 Seconds Retention 
106,1681, Youtube Views | 50k - 100k/day ~ Lifetime Guaranteed ,                                                                                                         $0.9                                                 ,1000,10000000,â†’ Speed : 50k - 100k/day â†’ Stuck issues : No â†’ Min Order : 1000 â†’ Max Order: Unlimited â†’ Any extra ordinary specs : Cheapest and fastest lifetime guaranteed Views â†’ Note : If your order shows as completed but the views don't show up then open your video and hit like button and then refresh your video and your views will appear
107,1630,Youtube ADS Views - [ Min - 10k ] [ Speed - 5k-30k/day ] [ Start 6-48 Hrs ] ,                                                                                                         $1                                                 ,10000,30000,6-48 Hrs Start Time â€¢ 5k-30k/day â€¢ 100% Real Views By ADS â€¢ Video Must Be Less Than 5 Mins! 
108,1604,Youtube - Subscribers - USA [100-/day ] INSTANT,                                                                                                         $16.5                                                 ,50,1500,Speed 50-100/day High Quality subs Usa Country Total Base 50k Once First order completed you can add again If you add video link - counter will not work but subs will go to channel 30 Days refill gurantee
109,1678,Youtube Subscribers 30-50 Per Day [30 Days Refill] ,                                                                                                         $13.5                                                 ,20,2000,0-24 Hours Start 30-50 Per Day Speed Non Drop 
110,1679,Youtube Subscribers [200-300 Per Day] ,                                                                                                         $17                                                 ,20,5000,200-300 Per Day 30 Days Refill Only 
111,1118,Youtube - Comments [RANDOM] [300] [USA] [SUPERQUALITY] INSTANT-1hrs,                                                                                                         $40                                                 ,10,500, Instant-1hrs Start time - High Quality Niche Related Random Comments - 300/day - No refill - Minimum 10 and Maximum 300
112,1119,Youtube - Comments [CUSTOM] [300] [USA] [SUPERQUALITY] INSTANT-1hrs,                                                                                                         $55                                                 ,10,500,- Instant-1hrs Start Time - High Quality Custom Comments - 300/day - No refill - Minimum 10 and Maximum 500
113,1120,Youtube - Comments [CUSTOM] [100] [FEMALE] [USA] NSTANT-1hrs,                                                                                                         $0.78                                                 ,10,100,- Instant-1hrs Start Time - Only FEMALE Profile From USA - High Quality Custom Comments - 100/day - No refill - Minimum 10 and Maximum 100
114,1121,Youtube - Comments [CUSTOM] [100] [FEMALE] [USA] NSTANT-1hrs,                                                                                                         $54                                                 ,10,100,- Instant-1hrs Start Time - Only FEMALE Profile From USA - High Quality Custom Comments - 100/day - No refill - Minimum 10 and Maximum 100
115,1123,Youtube - Comment Replay [500] [CUSTOM] [USA] INSTANT-4HRS,                                                                                                         $4.125                                                 ,1000,300,- Comment Link ONLY - High Quality - No refill - Min 10 Max 300 Note: If you added Original Video Link it would do Comment on original Video and order will mark completed. 
116,1650,Youtube - Custom Comments [ Max - 7k ] [ HQ ] [ SUPERFAST ] SUPER INSTANT ,                                                                                                         $7                                                 ,20,5000,SUPER INSTANT â€¢ High Quality Comments â€¢ No Refill
117,1459,Youtube Monetization Views - [ Sources - Facebook ] [ Retention - 25-30mins ] INSTANT,                                                                                                         $3.52                                                 ,1000,1000,Youtube Monetization Views - [ Sources - Facebook ] [ Retention - 25-30mins ] INSTANT
118,1460,Youtube Monetization Views - [ Sources - Direct ] [ Retention - 25-30mins ] INSTANT,                                                                                                         $3.52                                                 ,1000,1000,Youtube Monetization Views - [ Sources - Direct ] [ Retention - 25-30mins ] INSTANT
119,1462,Youtube Monetization Views - [ Sources - Direct ] [ Retention - 90-120mins ] INSTANT,                                                                                                         $14.3                                                 ,1000,3000,Youtube Monetization Views - [ Sources - Direct ] [ Retention - 90-120mins ] INSTANT
120,1463,Youtube Monetization Views - [ Sources - Facebook ] [ Retention - 90-120mins ] INSTANT,                                                                                                         $14.3                                                 ,1000,3000,Youtube Monetization Views - [ Sources - Facebook ] [ Retention - 90-120mins ] INSTANT
121,1464,Youtube Monetization Views - [ Sources - Direct ] [ Retention - 200-240mins ] INSTANT,                                                                                                         $28.6                                                 ,1000,2000,Youtube Monetization Views - [ Sources - Direct ] [ Retention - 200-240mins ] INSTANT
122,1465,Youtube Monetization Views - [ Sources - Facebook ] [ Retention - 200-240mins ] INSTANT,                                                                                                         $28.6                                                 ,1000,2000,Youtube Monetization Views - [ Sources - Facebook ] [ Retention - 200-240mins ] INSTANT
123,1623,YouTube Watchtime [NON DROP ] [ Minimum 30+ Minutes Video Length ],                                                                                                         $15                                                 ,500,4000, Estimated Start Time: 2 Hours â†¦ Delivery speed: 1000 Hours Per Day! â†¦ Min: 1000 Max: 4000 â†¦ Refill: [ NON DROP ] â†¦ 100% High Retention Views â†¦ Minimum Video length 30 Minutes
124,1683,Youtube Watch Time [1hr+ Video Only] [One Day Delivery] ,                                                                                                         $5.5                                                 ,1000,4000,0-24 Hours Start Time 30 Days Refill 1 Hour Video Only 
125,1687,YouTube Watchtime [NON DROP ] [ Minimum 30+ Minutes Video Length ],                                                                                                         $15                                                 ,500,4000,â†¦ Estimated Start Time: 2 Hours! â†¦ Delivery speed: 1000 Hours Per Day â†¦ Min: 1000 Max: 4000! â†¦ Refill: [ NON DROP ] â†¦ 100% High Retention Views â†¦ Minimum Video length 30 Minutes 
126,1684,YouTube Watchtime [1000 Hours] [Monetization Safe - NON DROP] [100% Real] ,                                                                                                         $18                                                 ,1000,4000,â†¦ Minimum 2-3 Hours Video â†¦ Put Video Link â†¦ Please Upload Your Own Content Otherwise Youtube Will Not Approve Your Monetization â†¦ Non Drop
127,1685, Youtube Likes | No Guarantee ~ Cheapest + Low Quality ,                                                                                                         $1.4                                                 ,100,20000,â†’ Speed : 500 - 1k/day | If Stuck Start Time : 0 - 24hr â†’ Stuck issues : No â†’ Min Order : 50 â†’ Max Order: 10000 â†’ Any extra ordinary specs : Cheapest no guarantee youtube likes 
128,1624,Youtube Likes [Lifetime Refill] [Super Instant],                                                                                                         $8                                                 ,100,100000,â†¦Instant Start â†¦5-8K Per Day â†¦Very Less Drop â†¦Lifetime Refill
129,1631,Youtube Likes - [ Max - 10k ] [ 500-700/day ] [ 20 Days Refill ] INSTANT ,                                                                                                         $3                                                 ,100,10000,Instant Start â€¢ Minimum - Maximum: 100 - 50 000 â€¢ 300 - 700 Per Day â€¢ 30 Days Refill Guarantee! Note: Likes Can Drop 10-30% We Will Provide 30 Days Refill
130,1686,Youtube Likes | 30 days guarantee ~ Cheapest + Low Quality ,                                                                                                         $2.4                                                 ,100,20000,â†’ Speed : 500 - 1k/day | If Stuck Start Time : 0 - 24hr â†’ Stuck issues : No â†’ Min Order : 100 â†’ Max Order: 15000 â†’ Any extra ordinary specs : Cheapest youtube 30days guarantee likes 
131,1370,YouTube - Shares ,                                                                                                         $2                                                 ,500,10000,0-1 Hour Lifetime Guarantee Speed 1.5K/Day
132,1657,Facebook Page Likes - [ 500-700/day ] [ Start - 1-12hrs ] ,                                                                                                         $4                                                 ,100,10000,ONLY FOR PAGES! Likes + Followers 30 Days Refill 
133,1658,Facebook Page Likes - [ Max - 5K ] [ 30 Days Refill Guarantee ] INSTANT,                                                                                                         $5                                                 ,100,5000,30 days refill 
134,1672,Facebook Real Page Likes+Followers | Max 10K | Non Drop | Manual R30 | 2K+/Day ,                                                                                                         $5                                                 ,50,10000,2K+/Day
135,1666,Facebook Post Likes [15 Days Refill] ,                                                                                                         $2                                                 ,1000,1000,Facebook Photo Likes Profile Photo Likes Status Likes ( ALL Work ) Instant start Real Likes Guarantee
136,1667,Facebook Post Likes [30 Days Refill] INSTANT ,                                                                                                         $3.1613                                                 ,100,10000,Facebook Photo Likes Profile Photo Likes Status Likes ( ALL Work ) Instant start Real Likes . Life Time Guarantee
137,1671,Facebook Real Post Likes | Max 15K | Less Drop | Manual R7 day | 2K+/Day ,                                                                                                         $1.85                                                 ,100,20000, Less Drop 
138,1601,Facebook - Page Followers [ Max - 10k ] [ 30 Days Refill ] INSTANT-6HRS,                                                                                                         $4.9367                                                 ,100,10000,Facebook - Page Followers [ Max - 10k ] [ 30 Days Refill ] INSTANT-6HRS
139,1602,Facebook - Profile Followers [ Max - 10k ] [ 30 Days Refill ] INSTANT-6HRS,                                                                                                         $4.68                                                 ,100,10000,Facebook - Profile Followers [ Max - 10k ] [ 30 Days Refill ] INSTANT-6HRS
140,1673,Facebook Real Profile Followers | Max 30K | Non Drop | Manual R30 | 3K+/Day ,                                                                                                         $4.55                                                 ,50,10000,3K+/Day 
141,1253,[J-1]Facebook Live Stream Views [ 30 minutes ],                                                                                                         $11.8519                                                 ,50,400,[ 30 minutes ]
142,1254,[J-2]Facebook Live Stream Views [ 60 minutes ],                                                                                                         $22.716                                                 ,50,400,[ 60 minutes ]
143,1255,[J-3]Facebook Live Stream Views [ 90 minutes ],                                                                                                         $33.5802                                                 ,50,400,[ 90 minutes ]
144,1256,[J-4] Facebook Live Stream Views [ 120 minutes ],                                                                                                         $45.4321                                                 ,50,400,[ 120 minutes ]
145,1257,[J-5]Facebook Live Stream Views [ 150 minutes ],                                                                                                         $57.284                                                 ,50,400, [ 150 minutes ]
146,1258,[J-6]Facebook Live Stream Views [ 180 minutes ],                                                                                                         $68.1481                                                 ,50,400,[ 180 minutes ]
147,1259,[J-7]Facebook Live Stream Views [ 210 minutes ],                                                                                                         $80                                                 ,50,400, [ 210 minutes ]
148,1260,[J-8]Facebook Live Stream Views [ 240 minutes ],                                                                                                         $91.8519                                                 ,50,500,[ 240 minutes ]
149,1261,[J-9]Facebook Live Stream Views [ 300 minutes ],                                                                                                         $114.5679                                                 ,50,2000,[ 300 minutes ]
150,1262,[J-10]Facebook Live Stream Views [ 600 minutes ],                                                                                                         $217.284                                                 ,50,1000,[ 600 minutes ] 
151,1598,Tiktok - Random Comments [ Superfast ] INSTANT,                                                                                                         $4.92                                                 ,20,1000,Tiktok - Random Comments [ Superfast ] INSTANT
152,1608,ğ“ğ™šğ”€ ~ TikTok - Likes ~ Max  20k ~ INSTANT ,                                                                                                         $0.9714                                                 ,100,20000,INSTANT'
153,1619, TikTok - Custom comment - 11$/1k - Max 1k,                                                                                                         $10.56                                                 ,5,60000,INSTANT
154,1643,Tiktok - Likes [ Max - 5k ] [ 500-1k/hour ] INSTANT ,                                                                                                         $0.62                                                 ,100,3000,INSTANT
155,1396,Twitter Likes ( S1 ) - [ Max - 10k ] [ 5k/day ] INSTANT,                                                                                                         $1.44                                                 ,200,10000,[ 5k/day ] INSTANT
156,1670,New - Twitter Real Likes | Max 10K | 500-1K/H | Max 10% Drop | No Refill ,                                                                                                         $1.3                                                 ,50,10000,instant
157,1593,Twitter - Followers [ Max - 5k ] [ HQ ] [ 30 days AUTO REFILL ] INSTANT-1hrs,                                                                                                         $10.7                                                 ,500,4000,Twitter - Followers [ Max - 5k ] [ HQ ] [ 30 days AUTO REFILL ] INSTANT-1hrs
158,1669,Twitter 100% Real-Active Followers Max-10k [R30 With Button] Instant Start,                                                                                                         $4.2                                                 ,10,10000,Instant Start
159,1594,Twitter - Video Views [ Fastest  Cheapest ] INSTANT,                                                                                                         $0.168                                                 ,10,15000,Twitter - Video Views [ Fastest Cheapest ] INSTANT
160,1595,Twitter - Impression [ Fastest  Cheapest ] INSTANT,                                                                                                         $0.168                                                 ,10,15000,Twitter - Impression [ Fastest Cheapest ] INSTANT
161,1290,Buy Free Fire Diamonds 50 INSTANT NON-DROP ğŸ”¥,                                                                                                         $1.056                                                 ,1000,1000,Buy Free Fire Diamonds 50 INSTANT NON-DROP ğŸ”¥
162,1291,Buy Free Fire Diamonds 100 INSTANT NON-DROP ğŸ”¥,                                                                                                         $1.92                                                 ,1000,1000,Buy Free Fire Diamonds 100 INSTANT NON-DROP ğŸ”¥
163,1292,Buy Free Fire Diamonds 310 INSTANT NON-DROP ğŸ”¥,                                                                                                         $5.04                                                 ,1000,1000,Buy Free Fire Diamonds 310 INSTANT NON-DROP ğŸ”¥
164,1293,Buy Free Fire Diamonds 520 INSTANT NON-DROP ğŸ”¥,                                                                                                         $8.28                                                 ,1000,1000,Buy Free Fire Diamonds 520 INSTANT NON-DROP ğŸ”¥
165,1294,Buy Free Fire Diamonds 1060 INSTANT NON-DROP ğŸ”¥,                                                                                                         $15.6                                                 ,1000,1000,Buy Free Fire Diamonds 1060 INSTANT NON-DROP ğŸ”¥
166,1295,Buy Free Fire Diamonds 2180 INSTANT NON-DROP ğŸ”¥,                                                                                                         $30                                                 ,1000,1000,Buy Free Fire Diamonds 2180 INSTANT NON-DROP ğŸ”¥
167,1296,Buy Free Fire Diamonds 5600 INSTANT NON-DROP ğŸ”¥,                                                                                                         $90                                                 ,1000,1000,Buy Free Fire Diamonds 5600 INSTANT NON-DROP ğŸ”¥
168,1297,Buy Lords Mobile Diamonds 31 INSTANT NON-DROP ğŸ”¥,                                                                                                         $0.636                                                 ,1000,1000,Buy Lords Mobile Diamonds 31 INSTANT NON-DROP ğŸ”¥
169,1298,Buy Lords Mobile Diamonds 126 INSTANT NON-DROP ğŸ”¥,                                                                                                         $2.34                                                 ,1000,1000,Buy Lords Mobile Diamonds 126 INSTANT NON-DROP ğŸ”¥
170,1299,Buy Lords Mobile Diamonds 628 INSTANT NON-DROP ğŸ”¥,                                                                                                         $10.2                                                 ,1000,1000,Buy Lords Mobile Diamonds 628 INSTANT NON-DROP ğŸ”¥
171,1551,Buy PUBG Royal Pass {Season 13} Buy 660 UC Get Additional 170 UC FREE + 1 Gift additional,                                                                                                         $13                                                 ,1000,1000,PUBG Royal Pass 
172,1552, Buy PUBG Buy 8 UC,                                                                                                         $0.1815                                                 ,1000,1000,Buy PUBG Buy 8 UC
173,1553,Buy PUBG Buy 30 UC Get Additional 5 UC FREE + 1 Gift additional ,                                                                                                         $0.66                                                 ,1000,1000, Buy PUBG Buy 30 UC Get Additional 5 UC FREE + 1 Gift additional 
174,1554, Buy PUBG Buy 60 UC Get Additional 15 UC FREE + 1 Gift additional ,                                                                                                         $1.287                                                 ,1000,1000, Buy PUBG Buy 60 UC Get Additional 15 UC FREE + 1 Gift additional 
175,1555, Buy PUBG Buy 180 UC Get Additional 40 UC FREE + 1 Gift additional ,                                                                                                         $4                                                 ,1000,1000,Buy PUBG Buy 180 UC Get Additional 40 UC FREE + 1 Gift additional 
176,1556,Buy PUBG Buy 600 UC Get Additional 170 UC FREE + 1 Gift additional ,                                                                                                         $12                                                 ,1000,1000,Buy PUBG Buy 600 UC Get Additional 170 UC FREE + 1 Gift additional 
177,1557, Buy PUBG Buy 1500 UC Get Additional 510 UC FREE + 1 Gift additional ,                                                                                                         $30                                                 ,1000,1000,Buy PUBG Buy 1500 UC Get Additional 510 UC FREE + 1 Gift additional 
178,1558,Buy PUBG Buy 3000 UC Get Additional 1200 UC FREE + 1 Gift additional ,                                                                                                         $57                                                 ,1000,1000, Buy PUBG Buy 3000 UC Get Additional 1200 UC FREE + 1 Gift additional 
179,1559, Buy PUBG Buy 6000 UC Get Additional 2750 UC FREE + 1 Gift additional ,                                                                                                         $120                                                 ,1000,1000,Buy PUBG Buy 6000 UC Get Additional 2750 UC FREE + 1 Gift additional 
180,1674,Telegram - Channnel Members [ Max 10K] ,                                                                                                         $1.5                                                 ,1000,5000,Instant Start No Refill 5k per Day 
181,1675,Telegram - Channel Members [ Max 3k ] ,                                                                                                         $1.7                                                 ,1000,3000,Non refill
182,1407,Netflix aacount Uhd (1 Aacount only) ,                                                                                                         $3.28                                                 ,1000,1000,link - your what's app number Delivery - 0-24hr
183,1617,~ Mixcloud Plays - 1k - 100k speed/days,                                                                                                         $0.25                                                 ,100,100000,INSTANT
184,1618, Mixcloud - Followers - /1k - 100k speed/days,                                                                                                         $4.5                                                 ,100,100000,INSTANT
185,1397,Pinterest Followers ( Max 100k ) [INSTANT],                                                                                                         $2.5                                                 ,25,100000,
186,1398,Pinterest Followers [ BOARD ] [ 500K ] ,                                                                                                         $2.5                                                 ,10,50000,
187,1399,Pinterest Pin Likes,                                                                                                         $2.6                                                 ,25,50000,
188,1400,Pinterest RePins [10M] ,                                                                                                         $3.3                                                 ,20,10000000,
189,1401,Pinterest Followers,                                                                                                         $2.5                                                 ,25,100000,
190,1413,UK Studio veiws ,                                                                                                         $1.35                                                 ,500,1000000,ONLY VIP 
191,1414,UK  STUDIO YOUTUBE COMMENTS (PUNJABI MIX),                                                                                                         $21                                                 ,20,2000,1-24 Hours NON DROP 
