,ID,Service,Rate($USD)per1000,Minorder,Maxorder,Averagetime,Description
0,1084,üÜï Youtube Views [30 Days Refill  10-20k Speed Per Day 12hrs] [10m Max],0.72,1000,10000000,Not enough data,Estimated Start Time: 6-12hrsSpeed: 10-20k Speed Per DayRefill: 30 Days Refill WarrantyRetention: 0-30 sec Minimum: 1000Maximum: 10000000
1,1033,üÜï Youtube Views [Instant Lifetime Guaranteed 10-30k Speed Per Day] [1m Max],0.87,200,10000000,48 hours and 59 minutes,Estimated Start Time: 0-6hrsSpeed: 10-30k Speed Per DayRefill: Lifetime Refill guaranteed
2,1034,üÜï  Youtube Views [Lifetime Guaranteed  30-60k Speed  Non Drop] [Instant Start] [10m Max] üî•,1.01,500,10000000,Not enough data,Estimated Start Time: 0-3hrsSpeed: 30-60k Speed Per DayRefill: Lifetime Refill guaranteed
3,1035,Youtube Views [Lifetime Warranty  1-2M Speed Per Day  0-3hrs Starting],1.38,1000,100000000,Not enough data,Estimated Start Time: 0-3hrsSpeed: 1-2M Speed Per DayRefill: Lifetime Refill guaranteedRetention Is RandomAuto Refill
4,1036,üÜï Youtube Views [Lifetime Warranty  2-5M Speed Per Day  HQ FAST SERVER  0-2hrs Starting] üî•,1.50,1000,100000000,Not enough data,Estimated Start Time: 0-2hrsSpeed: 2-5M Speed Per DayHQ FAST VIEWS SERVERRefill: Lifetime Refill guaranteedRetention Is RandomAuto-Refill
5,755,Youtube Views [Lifetime Guaranteed  Good for ranking  30k-80k Speed  Recommended] [Instant Start] üî•,1.80,500,10000000,27 hours and 47 minutes,Estimated Start Time: Instant - 6 HrsSpeed: 2-10k Speed Per DayRetention: 1-5mins Refill: Lifetime Refill guaranteedMinimum: 500 Maximum: 1000000
6,802,Youtube Views [Lifetime Guaranteed  50k Speed] [Instant Start] [1m Max],1.05,500,10000000,29 hours and 52 minutes,Starting : Instant - 6hrsSpeed: Up to 50k Per DayWarranty: LifetimeRetention: Random
7,1043,üÜï Youtube Views [Lifetime Guaranteed  Refill Button Enabled  10-20k/Day] 10m Max,1.60,1000,1000000,Not enough data,Estimated Start Time: InstantSpeed: 10-20k Speed Per Day Refill: Lifetime GuaranteeAuto-Refill EnabledMinimum: 1000Maximum: 10000000
8,757,‚ôõ YouTube Views ‚ñ∫‚ñ∫[Speed 15-80k per day] [Lifetime Guaranteed] [Max 1M]‚ö°Ô∏èüî•,1.50,100,10000000,Not enough data,Estimated Start Time: Instant-48hrs Speed: 15-80k Speed Per Day [Fast speed]Refill: Lifetime Guarantee Minimum: 2000Maximum: 1000000
9,797,‚ôõ Youtube INSTANT NON-DROP  Views [HQ] [Speed 150-350 k/day] [Lifetime Guaranteed] [Max 8M]‚ö°Ô∏èüî•,1.80,1000,8000000,Not enough data,Estimated Start Time: INSTANT-4 hrsHIGH QUALITY AND REAL NON-DROP VIEWSSpeed: 150-350 k per dayRefill: Lifetime GuaranteeRetention time: 30-60 secondsMinimum: 500Maximum: 8000000Order will be placed in quantity as increment of 100
10,498,Youtube Views  [Lifetime Guaranteed  50-200 Speed Per Day] [0-48hrs Starting],1.28,1000,10000,15 hours and 13 minutes,Estimated Start Time: 0-48hrsSpeed: 50-250 Speed Per DayRetention: 20-120 sec Refill: Lifetime Refill guaranteedMinimum: 1000 Maximum: 10 000
11,857,YouTube Monetized Views [SLOW VIEWS] [100-300 Per Day] [15k Max],0.87,1000,15000,Not enough data,Estimated Start Time: 0-72hrsSpeed: 100-350 Speed Per DayRetention: 10-180 sec Refill: No Refill / No RefundMinimum: 1000 Maximum: 15 000
12,756,üÜï YouTube Views ‚ñ∫‚ñ∫[Speed 400k-1m per day] [No Refill/ Refund] [Max 10M] üî•,0.85,1000,10000000,Not enough data,Estimated Start Time: InstantRetention time: 1-2 minsSpeed: 400k-1M Speed Per DayRefill: No Refund / Refill even if they drop next hour. We won't be able to help you. Minimum: 1000Maximum: 10000000
13,1042,‚ôõ YouTube Views ‚ñ∫‚ñ∫[Speed 15-20k per day] [No Refill/ Refund] [Max 1M]‚ö°Ô∏è,0.90,1000,10000000,Not enough data,Estimated Start Time: Instant-3hrsRetention time: 1-2 minsSpeed: 15k-20k Speed Per DayRefill: No Refund / Refill even if they drop next hour. We won't be able to help you.Minimum: 1000Maximum: 10000000
14,1041,‚ôõ YouTube INSTANT Views [Speed 40-80k per day] [No Refill/ Refund] [Max 10M]‚ö°Ô∏è,0.95,500,10000000,Not enough data,Estimated Start Time: Instant-12hrs Retention time: 1-3 minsSpeed: 40-80k Speed Per DayRefill: No Refund / Refill even if they drop next hour. We won't be able to help you. Minimum: 500Maximum: 10000000
15,1040,Youtube Views Playlist [HQ  Monetizable] [10m Max],2.18,10000,10000000,Not enough data,Estimated Start Time: Instant-24hrsMonetizable100% Real view comes from playlist naturalOrder can take up to 1-2 daysVideo length should be less than 10 minutesAnalytics :https://prnt.sc/pv65rthttps://prnt.sc/pv65y4
16,930,üÜï YouTube High Retention Views [5-20 Mins Retention  Lifetime Warranty  2-5k/Day] [10M Max],1.60,500,2000000,Not enough data,Estimated Start Time: Instant-12hrsSpeed: 2-5k Speed Per DayHigh Watch Time: 5-20 MinutesRefill: Lifetime WarrantyMinimum: 500Maximum: 10000000
17,1082,YouTube Medium Retention Views [1-5 Mins Retention  Lifetime Warranty  30-100k/Day] [10M Max],0.89,500,10000000,1 hour and 43 minutes,Estimated Start Time: Instant-6hrsSpeed: 30-100k Speed Per DayMedium Watch Time: 1-5 MinutesRefill: Lifetime WarrantyMinimum: 500Maximum: 10000000
18,1044,üÜï YouTube High Retention Views [5-20 Mins Retention  Lifetime Warranty  5-15k/Day] [20M Max] üî•,1.72,200,2000000,Not enough data,Estimated Start Time: Instant-6hrsSpeed: 5-15k Speed Per DayHigh Watch Time: 5-20 MinutesRefill: Lifetime WarrantyMinimum: 200Maximum: 20000000
19,1045,YouTube High Retention Views [8-20 Mins Retention  Lifetime Warranty  5-10k/Day] [10M Max] [Recommended] üî•,2.20,1000,1000000,Not enough data,Estimated Start Time: Instant-6hrsSpeed: 5-10k Speed Per DayHigh Watch Time: 8-20 MinutesRefill: Lifetime WarrantyMinimum: 1000Maximum: 10000000
20,1083,YouTube Medium Retention Views [1-5 Mins Retention  Lifetime Warranty  200-500k/Day] [10M Max],0.96,1000,10000000,Not enough data,Estimated Start Time: Instant-6hrsSpeed: 200-500k Speed Per DayMedium Watch Time:1-5 MinutesRefill: Lifetime WarrantyMinimum: 1000Maximum: 10000000
21,1204,üÜïYoutube Watchtime Views (4000 HR) [Instant - 24hr  30 Days Refill Warranty  1hr+ Video Only],5.88,1000,4000,Not enough data,*Use this service for video length more then 1hour+ only*Start: Instant-24hrsSpeed: 4k/DayWarranty: 30 Days RefillThe amount of quantity you add is the hour you will receive.
22,1059,üÜïYoutube Watchtime Views (4000 HR) [Instant - 2hr  30 Days Refill Warranty  1hr+ Video Only],6.53,500,4000,Not enough data,*Use this service for video length more then 1hour+ only*Start: Instant-2hrsSpeed: 4k/DayWarranty: 30 Days RefillThe amount of quantity you add is the hour you will receive.
23,1075,üÜïYoutube Watchtime Views (1000 HR) [Instant - 2hr  30 Days Refill Warranty  1hr+ Video Only],6.98,500,1000,Not enough data,*Use this service for video length more then 1hour+ only*Start: Instant-6hrsSpeed: 1k/DayWarranty: 30 Days RefillThe amount of quantity you add is the hour you will receive.
24,1076,üÜïYoutube Watchtime Views (2000 HR) [Instant - 2hr  30 Days Refill Warranty  1hr+ Video Only],6.98,500,2000,Not enough data,*Use this service for video length more then 1hour+ only*Start: Instant-6hrsSpeed: 2k/DayWarranty: 30 Days RefillThe amount of quantity you add is the hour you will receive.
25,1077,üÜïYoutube Watchtime Views (3000 HR) [Instant - 2hr  30 Days Refill Warranty  1hr+ Video Only],6.53,500,3000,Not enough data,*Use this service for video length more then 1hour+ only*Start: Instant-6hrsSpeed: 3k/DayWarranty: 30 Days RefillThe amount of quantity you add is the hour you will receive.
26,1078,Youtube Watchtime Views (1000 HR) [Instant - 2hr  30 Days Refill Warranty  2hr+ Video Only],22.48,1000,1000,Not enough data,*Use this service for video length more then 2-3hour or more only*Start: Instant-6hrsSpeed: 1k/DayWarranty: 30 Days Refill
27,1079,Youtube Watchtime Views (2000 HR) [Instant - 2hr  30 Days Refill Warranty  2hr+ Video Only],44.95,1000,1000,Not enough data,*Use this service for video length more then 2-3hour or more only*Start: Instant-6hrsSpeed: 2k/DayWarranty: 30 Days Refill
28,1080,Youtube Watchtime Views (3000 HR) [Instant - 2hr  30 Days Refill Warranty  2hr+ Video Only],67.43,1000,1000,1 hour and 38 minutes,*Use this service for video length more then 2-3hour or more only*Start: Instant-6hrsSpeed: 3k/DayWarranty: 30 Days Refill
29,1081,Youtube Watchtime Views (4000 HR) [Instant - 2hr  30 Days Refill Warranty  2hr+ Video Only],89.90,1000,1000,Not enough data,*Use this service for video length more then 2-3hour or more only*Start: Instant-6hrsSpeed: 4k/DayWarranty: 30 Days Refill
30,1038,Youtube Adwords view [100-200k Speed Per Day  Instant-24hrs Approval],1.38,100000,1000000,Not enough data,Starting time: Instant-24hrsSpeed: 100-200k Per DayGoogle can take 24-72hrs sometimes to approve.High-Quality AD VIEWSNON DROPDon't Use Any Abusive Content!
31,1053,üÜï Youtube Adwords view [300-500k Speed Per Day  Instant-12hrs Approval] [Zero Drop] üî•,1.62,100000,1000000,Not enough data,Starting time: Instant-12hrsSpeed: 300-500k Per DayGoogle can take 24-72hrs sometimes to approve.High-Quality AD VIEWSNON DROPDon't Use Any Abusive Content!
32,1054,üÜï Youtube Adwords view [500-1M Speed Per Day  NON DROP  Instant-12hrs Approval] [Recommended] üî•,1.76,100000,1000000,Not enough data,Starting time: Instant-6hrsSpeed: 500-1M Per DayGoogle can take 24 sometimes to approve.High-Quality AD VIEWSNON DROPDon't Use Any Abusive Content!
33,1055,Youtube Adwords view [200-300k Speed Per Day  Instant-12hrs Approval],1.48,100000,1000000,Not enough data,Starting time: Instant-12hrsSpeed: 200-300k Per DayGoogle can take 24 sometimes to approve.High-Quality AD VIEWSNON DROPDon't Use Any Abusive Content!
34,1056,Youtube Adwords view [300-400k Speed Per Day  Instant-12hrs Approval],1.57,100000,1000000,Not enough data,Starting time: Instant-12hrsSpeed: 300-400k Per DayGoogle can take 24 sometimes to approve.High-Quality AD VIEWSNON DROPDon't Use Any Abusive Content!
35,637,‚ôõ YouTube Discovery Ad Views ‚ñ∫‚ñ∫ [Non Drop  Lifetime Warranty  500k-1m/Day] [10m Max],2.42,10000,10000000,Not enough data,Estimated Start Time: 24-72hrsDiscovery views come with like + subs!Speed: 1M Speed Per DayNon Drop Ad ViewsMinimum: 10 000 Maximum: 10000000
36,1057,‚ôõ YouTube Discovery Ad Views ‚ñ∫‚ñ∫ [Non Drop  Lifetime Warranty  200k-500K/Day] [10m Max],2.42,10000,10000000,Not enough data,Estimated Start Time: 24-72hrsDiscovery views come with like + subs!Speed: 200-500k Speed Per DayNon Drop Ad ViewsMinimum: 10 000 Maximum: 10000000
37,1058,‚ôõ YouTube Discovery Ad Views ‚ñ∫‚ñ∫ [Non Drop  Lifetime Warranty  NON DROP  500k-1m/Day] [10m Max] üî•,2.76,10000,10000000,Not enough data,Estimated Start Time: 24-72hrsDiscovery views come with like + subs!Speed: 500k-1M Speed Per DayNon Drop Ad ViewsMinimum: 10 000 Maximum: 10000000
38,431,‚ôõ YouTube Views [USA] [Lifetime Guaranteed] [1M Max] ‚ö°Ô∏è‚≠ê,1.74,1000,10000000,Not enough data,Estimated Start Time: Instant-3hrsSpeed: 30-150k Speed Per DayRefill: Lifetime Refill GuaranteedMinimum:1000Maxmimum:1000000
39,432,‚ôõ YouTube Views [UK] [Lifetime Guaranteed] [1M Max] ‚ö°Ô∏è‚≠ê,1.74,1000,10000000,Not enough data,Estimated Start Time: Instant-3hrsSpeed: 30-150k Speed Per DayRefill: Lifetime Refill GuaranteedMinimum:1000Maxmimum:1000000
40,449,‚ôõ YouTube Views [AUSTRALIA] [Lifetime Guaranteed] [1M Max] ‚ö°Ô∏è‚≠ê,1.74,1000,10000000,Not enough data,Estimated Start Time: Instant-3hrsSpeed: 30-150k Speed Per DayRefill: Lifetime Refill GuaranteedMinimum:1000Maxmimum:1000000
41,447,‚ôõ YouTube Views [CANADA] [Lifetime Guaranteed] [1M Max] ‚ö°Ô∏è‚≠ê,1.74,1000,10000000,Not enough data,Estimated Start Time: Instant-3hrsSpeed: 30-150k Speed Per DayRefill: Lifetime Refill GuaranteedMinimum:1000Maxmimum:1000000
42,450,‚ôõ YouTube Views [FRANCE] [Lifetime Guaranteed] [1M Max] ‚ö°Ô∏è‚≠ê,1.74,1000,10000000,Not enough data,Estimated Start Time: Instant-3hrsSpeed: 30-150k Speed Per DayRefill: Lifetime Refill GuaranteedMinimum:1000Maxmimum:1000000
43,433,‚ôõ YouTube Views [INDIA] [Lifetime Guaranteed] [1M Max] ‚ö°Ô∏è‚≠ê,1.74,1000,10000000,Not enough data,Estimated Start Time: Instant-3hrsSpeed: 30-150k Speed Per DayRefill: Lifetime Refill GuaranteedMinimum:1000Maxmimum:1000000
44,434,YouTube Views [BRAZIL] [Lifetime Guaranteed] [ 1M Max],1.74,1000,10000000,Not enough data,Estimated Start Time: Instant-3hrsSpeed: 30-150k Speed Per DayRefill: Lifetime Refill GuaranteedMinimum:1000Maxmimum:1000000
45,435,YouTube Views [EGYPT] [Lifetime Guaranteed] [1M Max],1.74,1000,10000000,Not enough data,Estimated Start Time: Instant-3hrsSpeed: 30-150k Speed Per DayRefill: Lifetime Refill GuaranteedMinimum:1000Maxmimum:1000000
46,436,YouTube Views [GERMANY] [Lifetime Guaranteed] [1M Max],1.74,1000,10000000,Not enough data,Estimated Start Time: Instant-3hrsSpeed: 30-150k Speed Per DayRefill: Lifetime Refill GuaranteedMinimum:1000Maxmimum:1000000
47,205,YouTube Views [ISRAEL] [Lifetime Guaranteed ][1M Max],1.74,1000,10000000,Not enough data,Estimated Start Time: Instant-3hrsSpeed: 30-150k Speed Per DayRefill: Lifetime Refill GuaranteedMinimum:1000Maxmimum:1000000
48,206,YouTube Views [ITALY] [Lifetime Guaranteed] [1M Max],1.74,1000,10000000,Not enough data,Estimated Start Time: Instant-3hrsSpeed: 30-150k Speed Per DayRefill: Lifetime Refill GuaranteedMinimum:1000Maxmimum:1000000
49,207,YouTube Views [JAPAN] [Lifetime Guaranteed] [1M Max],1.74,1000,10000000,Not enough data,Estimated Start Time: Instant-3hrsSpeed: 30-150k Speed Per DayRefill: Lifetime Refill GuaranteedMinimum:1000Maxmimum:1000000
50,208,YouTube Views [PAKISTAN] [Lifetime Guaranteed] [1M Max],1.74,1000,10000000,Not enough data,Estimated Start Time: Instant-3hrsSpeed: 30-150k Speed Per DayRefill: Lifetime Refill GuaranteedMinimum:1000Maxmimum:1000000
51,368,YouTube Views [POLAND] [Lifetime Guaranteed] [1M Max],2.76,1000,1000000,Not enough data,Estimated Start Time: Instant-3hrsSpeed: 30-150k Speed Per DayRefill: Lifetime Refill GuaranteedMinimum:1000Maxmimum:1000000
52,367,YouTube Views [SAUDI ARABIA] [Lifetime Guaranteed] [1M Max],3.83,5000,100000000,Not enough data,Estimated Start Time: Instant-3hrsSpeed: 30-150k Speed Per DayRefill: Lifetime Refill GuaranteedMinimum:5000Maxmimum:1000000
53,369,YouTube Views [SPAIN] [Lifetime Guaranteed] [1M Max],2.88,1000,10000000,Not enough data,Estimated Start Time: Instant-3hrsSpeed: 30-150k Speed Per DayRefill: Lifetime Refill GuaranteedMinimum:1000Maxmimum:1000000
54,119,YouTube Views [TAIWAN] [Lifetime Guaranteed] [1M Max],1.74,1000,10000000,Not enough data,Estimated Start Time: Instant-3hrsSpeed: 30-150k Speed Per DayRefill: Lifetime Refill GuaranteedMinimum:1000Maxmimum:1000000
55,363,YouTube Views [TURKEY] [Lifetime Guaranteed] [1M Max],1.74,1000,10000000,Not enough data,Estimated Start Time: Instant-3hrsSpeed: 30-150k Speed Per DayRefill: Lifetime Refill GuaranteedMinimum:1000Maxmimum:1000000
56,864,YouTube Views [PORTUGAL] [Lifetime Guaranteed] [1M Max],1.74,1000,10000000,Not enough data,Estimated Start Time: Instant-3hrsSpeed: 30-150k Speed Per DayRefill: Lifetime Refill GuaranteedMinimum:1000Maxmimum:1000000
57,865,YouTube Views [BELGIUM] [Lifetime Guaranteed] [1M Max],1.74,1000,10000000,Not enough data,Estimated Start Time: Instant-3hrsSpeed: 30-150k Speed Per DayRefill: Lifetime Refill GuaranteedMinimum:1000Maxmimum:1000000
58,872,YouTube Views [SOUTH KOREA] [Lifetime Guaranteed] [1M Max],3.83,5000,100000000,Not enough data,Estimated Start Time: Instant-3hrsSpeed: 30-150k Speed Per DayRefill: Lifetime Refill GuaranteedMinimum:5000Maxmimum:1000000
59,873,YouTube Views [RUSSIA [Lifetime Guaranteed] [1M Max],1.74,1000,10000000,11 minutes,Estimated Start Time: Instant-3hrsSpeed: 30-150k Speed Per DayRefill: Lifetime Refill GuaranteedMinimum:1000Maxmimum:1000000
60,121,‚ôõ YouTube Comment Likes [Upvote] [20k Max] ‚ö°Ô∏è‚≠ê,7.69,10,20000,55 minutes,Estimated Start time: Instant-12hrsNo Refill / No Refund1k Speed Per DayMinimum: 10 Maximum: 20 000* For comment link please do copy the comment time of it posted by right clicking and copy link url from there.*
61,1028,‚ôõ YouTube Comment Likes [Upvote] [2k Max] ‚ö°Ô∏è‚≠ê,14.79,5,2000,Not enough data,
62,122,‚ôõ YouTube Comment Dislikes  [Downvote] [20k Max] ‚ö°Ô∏è‚≠ê,7.69,10,20000,14210 hours and 32 minutes,Estimated Start time: Instant-12hrsNo Refill / No Refund1k Speed Per DayMinimum: 10 Maximum: 20 000* For comment link please do copy the comment time of it posted by right clicking and copy link url from there.*
63,1132,‚ôõ YouTube Likes ‚ñ∫‚ñ∫ [1k-2k speed] [30 Days Refill Guarantee  Refill Button Available] [Max 30k],1.60,50,30000,1 hour and 31 minutes,Estimated Start time: 0-2 hrsSpeed: 1-2k/DayRefill: 30 Days Refill GuaranteeMinimum: 50Maxmimum:30000Drop Ratio - 3-15%Refill Button Enabled!
64,1088,Youtube Likes [Cheapest Instant  No Refill / No Refund] [50k Max],1.60,20,50000,58 minutes,Estimated Start time: 0-3 hrsSpeed: 1-3k Speed Per DayRefill: No Refill / No Refund Even If Likes Drop Next Minute You OrderMinimum: 20Maxmimum:50000
65,1133,üÜï  Youtube Likes [30 Days Refill  5-10k Speed/Day  Refill Button] [20k Max],2.90,20,20000,57 minutes,Estimated Start Time: Instant-12hrsSpeed: 5-10k/DayRefill: 30 Days Refill GuaranteeMinimum: 20Maxmimum:20000Drop Ratio - 3-10%Refill Button Enabled!
66,1136,üÜï Youtube Super Fast Likes (50k Max) [Lifetime Always Instant  Never Drop  HQ] [BEST] üî•,30.06,100,50000,Not enough data,Estimated Start Time: Super InstantSpeed: 20-30k/DayRefill: Lifetime WarrantyMinimum: 100Maxmimum:50000
67,1134,üÜï  Youtube Likes [30 Days Refill  10-20k Speed/Day  Refill Button] [50k Max],3.60,50,50000,Not enough data,Estimated Start Time: Instant-6hrsSpeed: 10-20k/DayRefill: 30 Days Refill GuaranteeMinimum: 50Maxmimum:50000Drop Ratio - 2-12%Refill Button Enabled!
68,1025,üÜï  YouTube Likes ‚ñ∫‚ñ∫ [500-1k speed] [30 Days Refill Guarantee] [Max 50k] [Recommended] üî•,4.90,30,50000,Not enough data,Estimated Start Time: Instant-6hrsSpeed: 500-1k/DayRefill: 30 Days Refill Guarantee (Stable)Minimum: 30Maxmimum:50000Drop Ratio - 2-15%Refill Button Enabled!
69,582,üÜï  YouTube Real Likes ‚ñ∫‚ñ∫ [3k-6k speed] [30 Days Refill Guarantee] [Max 100k] [Recommended] üî•,6.00,50,100000,Not enough data,Estimated Start time: 0-3 hrsSpeed: 3k-6k Speed Per DayRefill: 30 Days Refill GuaranteeMinimum:20Maxmimum:100 000
70,1135,Youtube Fast Likes [Lifetime Warranty  Instant  Non-Drop] [20k Max],26.10,100,20000,Not enough data,Estimated Start Time: Super InstantSpeed: 5-15k/DayRefill: Lifetime WarrantyMinimum: 100Maxmimum:20000
71,1021,‚ôõ YouTube Slow Likes ‚ñ∫‚ñ∫ [300-600 speed] [30 Days Refill Guarantee] [Max 10k],2.61,50,10000,8 hours and 31 minutes,Estimated Start time: 0-12 hrsSpeed: 300-600 Speed Per DayRefill: 30 Days Refill GuaranteeMinimum: 50Maxmimum: 5000
72,1137,Youtube Likes [Cheapest Instant  No Refill / No Refund] [200k Max],1.87,50,200000,Not enough data,Estimated Start time: InstantSpeed: 1-5k Speed Per DayRefill: No Refill / No Refund Even If Likes Drop Next Minute You OrderMinimum: 50Maxmimum:200000
73,465,‚ôõYoutube Likes [HQ  Super Fast  No Refill / Refund] [500k Max] ‚ö°Ô∏è‚ö°Ô∏è‚≠ê,1.74,20,500000,12 hours and 19 minutes,Estimated Start Time: InstantSpeed: 3-10k Speed Per DayRefill: No Refill / No Refund Even If Likes Drop Next Minute You OrderMinimum: 20Maxmimum:500000
74,560,‚ôõYoutube Fast Dislikes [30 Days Refill Warranty] [400k Max] ‚ö°Ô∏è‚ö°Ô∏è‚≠ê,12.53,10,400000,2083 hours and 6 minutes,Starting: Instant-6hrsWarranty: 30 Days Refill WarrantySpeed - 20-40k Speer Per DayMinimum: 10Maximum: 400000
75,559,‚ôõ Youtube Fast Likes [30 Days Refill Warranty] [400k Max] ‚ö°Ô∏è‚ö°Ô∏è‚≠ê,9.57,20,400000,Not enough data,Starting: Instant-6hrsWarranty: 30 Days Refill WarrantySpeed - 20-40k Speer Per DayMinimum: 20Maximum: 400 000
76,874,‚ôõYoutube Dislikes [Super Fast  30 Days Refill] [500k Max] ‚ö°Ô∏è‚ö°Ô∏è‚≠ê,12.53,10,500000,Not enough data,Starting: Instant-6hrsWarranty: 30 Days Refill WarrantySpeed - 30k Per DayMinimum: 10Maximum: 500 000
77,581,‚ôõ YouTube Slow USA Likes ‚ñ∫‚ñ∫ [ 30 Days Refill Guarantee] [1.2k Max],14.79,5,1200,713 hours and 34 minutes,Estimated Start time: Instant-3hrsSpeed: 50-300 Per DayUSA Based AccountsRefill: 30 Days Refill GuaranteeMinimum:5Maxmimum: 1200
78,875,‚ôõ Youtube Slow Likes [10 Days Refill Warranty  50-100 Speed] [4k Max] ‚ö°Ô∏è‚ö°Ô∏è‚≠ê,6.96,5,4000,200 hours and 53 minutes,Estimated Start time: 0-12 hrsSpeed: 50-100 Speed Per DayRefill: 10 Days Refill GuaranteeMinimum: 5Maxmimum:4000
79,876,‚ôõ Youtube Slow Dislikes [10 Days Refill Warranty  50-100 Speed] [2.5k Max] ‚ö°Ô∏è‚ö°Ô∏è‚≠ê,6.96,5,2500,Not enough data,Estimated Start time: 0-12 hrsSpeed: 50-100 Speed Per DayRefill: 10 Days Refill GuaranteeMinimum: 5Maxmimum:2500
80,466,‚ôõYoutube Dislikes [HQ  Super Fast  10 Days Refill Button] [320k Max] ‚ö°Ô∏è‚ö°Ô∏è‚≠ê,11.60,20,320000,Not enough data,Estimated Start Time: Instant-9hrsRefill: 10 Days Refill Warranty30-40k Speed Per DayMinimum: 20Maximum: 320 000
81,877,‚ôõ YouTube Slow USA Subscribers [30 Days Refill Warranty  30-50 subs/day] [1.5k Max] ‚ö°Ô∏è,17.40,5,1500,594 hours and 48 minutes,Estimated Start Time: Instant-6hrsRefill: 30 Days Refill WarrantySpeed: 30-50 Subs Per DayMinimum: 5Maximum: 1500USA ACCOUNTS
82,1022,‚ôõ YouTube Slow Subscribers [30 Days Refill Warranty  50-200 subs/day] [5k Max] ‚ö°Ô∏è,17.40,20,2000,Not enough data,Estimated Start Time: Instant-6hrsRefill: 30 Days Refill WarrantySpeed: 50-200 Subs Per DayMinimum: 10Maximum: 5000
83,878,‚ôõ YouTube USA Subscribers [50 Days Refill Warranty  30-80 subs/day] [30k Max] ‚ö°Ô∏è,17.40,20,2000,644 hours and 34 minutes,Estimated Start Time: 0-24hrs usually Can take longer if servers are overloaded.Refill: 50 Days Refill WarrantySpeed: 30-80 Subs Per DayMinimum: 50Maximum: 30 000USA ACCOUNTS
84,879,‚ôõ YouTube Video Custom Comments  [6k Max] [Instant]‚ö°Ô∏è,9.43,10,6000,7 hours and 4 minutes,Start: Instant-3hrsWarranty: No Refill / RefundMinimum: 10Maximum: 6000
85,1138,‚ôõ YouTube Video Custom Comments  [8k Max] [Instant]‚ö°Ô∏è,9.43,10,8000,Not enough data,Start: Instant-1hrsWarranty: No Refill / RefundMinimum: 10Maximum: 8000
86,414,‚ôõ YouTube Custom Comments [USA Accounts] [400 Max]‚ö°Ô∏è‚≠ê,66.12,20,400,34 hours and 38 minutes,Estimated Start Time: 0-1hrs No Refund / Refill even if they drop the next hour. We won't be able to help you. 100 Speed Per DayMinimum: 20 Maximum: 400
87,569,‚ôõ YouTube HQ FEMALE Comments ‚ñ∫‚ñ∫ [Random] [USA] [Instant  Lifetime Guarranteed] [85 Max],43.50,15,85,42 hours and 2 minutes,Estimated Start time: 0-3hrsLifetime WarrantyHigh quality USA based AccountsInstant Starts!Minimum: 15Maximum: 85
88,568,‚ôõ YouTube Instant Random Comments ‚ñ∫‚ñ∫ [USA] [High Quality] [Lifetime Guarranteed][250 Max],48.72,20,250,Not enough data,Estimated Start time: 0-3hrsLifetime WarrantyHigh quality USA based AccountsInstant Starts!Minimum: 20Maximum: 250
89,570,‚ôõ YouTube HQ Instant FEMALE Comments ‚ñ∫‚ñ∫[Custom] [USA] [Lifetime Guarranteed] [85 Max]‚≠ê‚ö°Ô∏è,60.90,15,85,Not enough data,Estimated Start time: 0-3hrsLifetime WarrantyHigh quality USA based AccountsInstant Starts!Minimum: 20Maximum: 250
90,571,‚ôõ YouTube High Quality Random Comments‚ñ∫‚ñ∫ [INDIA] [Instant] [90 Max],43.50,20,90,Not enough data,Estimated Start time: 0-3hrsHigh quality INDIAN AccountsInstant Starts!Minimum: 20Maximum: 90
91,572,‚ôõ YouTube High Quality Custom Comments ‚ñ∫‚ñ∫ [INDIA] [Instant] [90 Max]‚≠ê‚ö°Ô∏è,60.90,20,90,Not enough data,Estimated Start time: 0-3hrsHigh quality INDIAN AccountsInstant Starts!Minimum: 20Maximum: 90
92,574,‚ôõ YouTube Custom Comments ‚ñ∫‚ñ∫ [BRAZIL] [Lifetime Guarranteed] [90 Max],60.90,10,90,6 hours and 6 minutes,Estimated Start time: 0-24hrsLifetime WarrantyMinimum: 15Maximum: 90
93,573,‚ôõ YouTube Random Comments ‚ñ∫‚ñ∫ [BRAZIL] [Lifetime Guarranteed] [90 Max],43.50,15,90,Not enough data,Estimated Start time: 0-24hrsLifetime WarrantyMinimum: 15Maximum: 90
94,575,‚ôõ YouTube Random Comments ‚ñ∫‚ñ∫ [RUSSIAN] [Lifetime Guarranteed] [85 Max],43.50,15,85,Not enough data,Estimated Start time: 0-24hrsLifetime WarrantyMinimum: 15Maximum: 85
95,576,‚ôõ YouTube Custom Comments ‚ñ∫‚ñ∫ [RUSSIAN] [Lifetime Guarranteed] [85 Max],60.90,15,85,25 minutes,Estimated Start time: 0-24hrsLifetime WarrantyMinimum: 15Maximum: 85
96,579,‚ôõ YouTube Custom Comment ‚ñ∫‚ñ∫[JAPAN] [Lifetime Guarranteed] [90 max],60.90,15,90,Not enough data,Estimated Start time: 0-24hrsLifetime WarrantyMinimum: 15Maximum: 90
97,133,‚ôõ YouTube Video Share Random [400k Max] ‚ö°Ô∏è‚≠ê,1.60,50,400000,25 hours and 47 minutes,Estimated Start time: 0-6hrsRandom Social Media SharesRefill: Lifetime guaranteedMinimum:50Maximum: 400 000*Shares will be shows in analytics after 24-48hrs according to order time!
98,376,‚ôõ YouTube Shares [USA] [10k Max] ‚ö°Ô∏è‚≠ê,2.18,50,10000,1480 hours and 4 minutes,Estimated Start time: 0-24hrsRefill: Lifetime guaranteedMinimum:50Maximum: 10 000*Shares will be shows in analytics after 24-48hrs according to order time!
99,132,‚ôõ YouTube Shares [Pinterest Refferer] [90k Max] ‚ö°Ô∏è‚≠ê,1.31,100,90000,Not enough data,Estimated Start time: 0-24hrsRefill: Lifetime guaranteedMinimum:100Maximum: 90 000*Shares will be shows in analytics after 24-48hrs according to order time!
100,476,‚ôõ YouTube Shares [Facebook Refferer] [100k Max] ‚ö°Ô∏è‚≠ê,1.31,100,100000,Not enough data,Estimated Start time: 0-24hrsRefill: Lifetime guaranteedMinimum:100Maximum: 100 000*Shares will be shows in analytics after 24-48hrs according to order time!
101,477,‚ôõ YouTube Shares [Twitter Refferer] [200k Max] ‚ö°Ô∏è‚≠ê,1.31,100,200000,Not enough data,Estimated Start time: 0-24hrsRefill: Lifetime guaranteedMinimum:100Maximum: 200 000*Shares will be shows in analytics after 24-48hrs according to order time!
102,479,‚ôõ YouTube Shares [Tumblr Refferer] [200k Max] ‚ö°Ô∏è‚≠ê,1.31,100,200000,Not enough data,Estimated Start time: 0-24hrsRefill: Lifetime guaranteedMinimum:100Maximum: 200 000*Shares will be shows in analytics after 24-48hrs according to order time!
103,1139,‚ôõ YouTube Shares [Linkedin Refferer] [200k Max] ‚ö°Ô∏è‚≠ê,1.31,100,200000,Not enough data,Estimated Start time: 0-24hrsRefill: Lifetime guaranteedMinimum:100Maximum: 200 000*Shares will be shows in analytics after 24-48hrs according to order time!
104,1140,‚ôõ YouTube Shares [Blogger Refferer] [200k Max] ‚ö°Ô∏è‚≠ê,1.31,100,200000,Not enough data,Estimated Start time: 0-24hrsRefill: Lifetime guaranteedMinimum:100Maximum: 200 000*Shares will be shows in analytics after 24-48hrs according to order time!
105,1141,‚ôõ YouTube Shares [Stumbleupon Refferer] [200k Max] ‚ö°Ô∏è‚≠ê,1.31,100,200000,Not enough data,Estimated Start time: 0-24hrsRefill: Lifetime guaranteedMinimum:100Maximum: 200 000*Shares will be shows in analytics after 24-48hrs according to order time!
106,134,YouTube Shares [VK Refferer] [200k Max] ‚ö°Ô∏è,1.31,100,200000,Not enough data,Estimated Start time: 0-24hrsRefill: Lifetime guaranteedMinimum:100Maximum: 200 000*Shares will be shows in analytics after 24-48hrs according to order time!
107,478,YouTube Shares [Odnoklassniki Refferer] [200k Max] ‚ö°,1.31,100,200000,Not enough data,Estimated Start time: 0-24hrsRefill: Lifetime guaranteedMinimum:100Maximum: 200 000*Shares will be shows in analytics after 24-48hrs according to order time!
108,480,YouTube Shares [Reddit Refferer] [200k Max] ‚ö°Ô∏è,1.31,100,200000,Not enough data,Estimated Start time: 0-24hrsRefill: Lifetime guaranteedMinimum:100Maximum: 200 000*Shares will be shows in analytics after 24-48hrs according to order time!
109,135,‚ôõ YouTube Favorite [Instant  HQ] [5k Max] ‚ö°Ô∏è‚≠ê,10.00,100,5000,Not enough data,Estimated Start time: 0-3hrs Refill: Lifetime guaranteed Minimum:100 Maximum: 5000
110,136,‚ôõ YouTube Favorite [Super Fast Max 150K] [Speed 20k-30k/Day] ‚ö°Ô∏è‚≠ê,15.00,100,150000,Not enough data,Estimated Start time: 0-3hrs Refill: Lifetime guaranteed Minimum:100 Maximum: 150000
111,881,Youtube Monetizable Live Stream Views [100k Max],4.86,1000,100000,Not enough data,Estimated Start Time: InstantSpeed: Avg Concurrent 2000-5000+* will stay for 1 hourMinimum: 5000Maximum: 5000‚Ä¢ Avg Concurrent 2000-5000+* will stay for 1 hour‚Ä¢ Real Human Desktop Views‚Ä¢ Interactions from users‚Ä¢ Social Referred‚Ä¢ Must be unrestricted & open for all countries‚Ä¢ Worldwide Viewers‚Ä¢ Order can't be cancelled once started.‚Ä¢ Over Delivery Guaranteed!https://i.gyazo.com/1fce291b9964740c2693f8fc8d6849bb.pngpicture shown is for illustration purpose only. actual product may vary due to product enhancement*Note that our viewers will be sent ONLY to the live stream broadcast version and NOT to the offline recorded version YouTube will not pass or count the live stream viewers as offline views on the recorded version.
112,882,Youtube (S2) Monetizable Live Stream Views [Super Fast  Real] [100k Max],4.86,1000,100000,Not enough data,Estimated Start Time: InstantMinimum: 1000Maximum: 10 000‚Ä¢ Real Human Desktop Views‚Ä¢ Interactions from users‚Ä¢ Social Referred‚Ä¢ Must be unrestricted & open for all countries‚Ä¢ Worldwide Viewers‚Ä¢ The order can't be canceled once its started.‚Ä¢ Over Delivery Guaranteed!https://i.gyazo.com/1fce291b9964740c2693f8fc8d6849bb.pngpicture shown is for illustration purpose only. actual product may vary due to product enhancement*Note that our viewers will be sent ONLY to the live stream broadcast version and NOT to the offline recorded version YouTube will not pass or count the live stream viewers as offline views on the recorded version.
113,884,Youtube REAL Premiere Views [10k Max],0.70,1000,10000,Not enough data,Estimated Start Time: Instant-1hrsSpeed: 1-6k SpeedRefill: 30 Days Refill WarrantyMinimum: 1000Maximum: 10 000
114,464,YouTube Live Stream Views ‚ñ∫‚ñ∫ [Real Human  Monetizable  Social Reffered] [100k Max] ‚ö°Ô∏è‚ö°Ô∏è,4.86,1000,100000,Not enough data,Estimated Start Time: InstantLifetime Guaranteed*Windows desktop watch page & embedded views *Possible user engagements *Social referrer(Twitter) *Worldwide viewers added in a non-stop natural pattern *Must be unrestricted & open for all countries *Monetizable (Can be used with ads enabled) Minimum: 1000Maximum:100000
115,1146,üÜï  Instagram Followers [75k Max] [Good Quality  Avatar No Refill / No Refund] [Instant] [Recommended] üî•,1.89,100,75000,Not enough data,Real Looking + Bot Avatar FollowersEstimated Start Time: InstantSpeed: 5-20k Speed Per DayWarranty: No Refill / No Refund even if they drop the next hour.Minimum: 100Maximum: 75000
116,1142,üÜï Instagram Bot Followers [High Drop  5k Speed Per Day  No Refill / No Refund] [30k Max],0.87,10,30000,Not enough data,High Drop Bot Quality Followers!Estimated Start Time: 0-24hrsSpeed: 10-30k Speed Per DayWarranty: No Refill / No Refund even if they drop the next hour.Minimum: 10Maximum: 30000
117,1143,üÜï Instagram Spam Followers [Good for spam  5-10k Speed Per Day  No Refill / No Refund] [Read Description] üî•,0.93,10,25000,Not enough data,These followers are good for spam they all will drop in next 24hrs or 2-3 days.Estimated Start Time: 0-12hrsSpeed: 10-20k Speed Per DayWarranty: No Refill / No Refund even if they drop the next hour.Minimum: 10Maximum: 25000
118,1144,üÜï  Instagram Followers [10k Max] [Medium Quality  0-3hrs  No Refill / No Refund],1.53,20,6000,Not enough data,Real + Bot FollowersEstimated Start Time: 0-3hrsSpeed: 3-5k Speed Per DayWarranty: No Refill / No Refund even if they drop the next hour.Minimum: 20Maximum: 6000
119,1024,Instagram Followers Super Fast [8k Max] [High Quality  25k/Speed  No Refill / Refund] [Best Service],7.98,250,8000,Not enough data,Estimated Start Time: Instant-3hrsSpeed: 25k Speed Per DayRefill: No Refill / No Refund even if they drop the next hour.Minimum: 250Maximum: 8000
120,1145,üÜï  Instagram Followers [25k Max] [Good Quality  No Refill / No Refund] [Instant],1.68,50,25000,Not enough data,Real Looking FollowersEstimated Start Time: InstantSpeed: 5-10k Speed Per DayWarranty: No Refill / No Refund even if they drop the next hour.Minimum: 50Maximum: 25000
121,890,Instagram Super Fast Followers [18k Max] [High Quality  20k/Speed  No Refill / Refund] [Recommended],8.20,150,18000,Not enough data,Estimated Start Time: Instant-3hrsSpeed: 20k order can be done in 4-6hrs Refill: No Refill / No Refund even if they drop the next hour.Minimum: 150Maximum: 18000-NO PARTIAL / CANCEL ISSUE-
122,1023,Instagram Followers [200k Max] [Low Quality  10-20k/Speed  No Refill / Refund],3.34,50,200000,7 hours and 49 minutes,Estimated Start Time: 0-6hrsSpeed: 10-20k Speed Per DayRefill: No Refill / No Refund even if they drop the next hour.Minimum: 50Maximum: 200000
123,889,Instagram Followers [15k Max] [High Quality  15k/Speed  No Refill / Refund] [Best Service],4.00,100,15000,9 hours and 7 minutes,Estimated Start Time: Instant-3hrsSpeed: 15k Speed Per DayRefill: No Refill / No Refund even if they drop the next hour.Minimum: 100Maximum: 15 000
124,1147,üÜï Instagram Followers [6k Max] [30 Days Refill  1-3k Speed Per Day],2.32,100,6000,Not enough data,Estimated Start Time: Instant-6hrsSpeed: 1-3k Speed Per DayRefill: 30 Days Refill WarrantyMinimum: 100Maximum: 6000
125,1148,Instagram Followers [10k Max] [7 Days Refill  Low Quality  0-3hrs],0.80,20,20000,Not enough data,Estimated Start Time: Instant-2hrsSpeed: 500-1k Speed Per DayRefill: 7 Days Refill WarrantyMinimum: 20Maximum: 20000
126,1154,Instagram Followers [100k Max] [45 Days Refill  HQ Accounts  Low Drop],3.27,100,100000,Not enough data,High-Quality AccountsEstimated Start Time: Instant-2hrsSpeed: 1-3k Speed Per DayRefill: 45 Days Refill WarrantyMinimum: 100Maximum: 100000Low Drop Ratio!
127,895,üÜï Instagram Followers [12k Max] [30 Days Refill  3-6k Speed Per Day] üî•,2.48,100,5000,Not enough data,Estimated Start Time: Instant-6hrsSpeed: 3-6k Speed Per DayRefill: 30 Days Refill WarrantyMinimum: 100Maximum: 5000
128,892,Instagram HQ Followers [200k Max] [30 Days Refill  2-10k Speed Per Day] [Recommended],5.52,200,200000,17 hours and 8 minutes,Estimated Start Time: Instant-9hrsSpeed: 2k-10k Speed Per DayRefill: 30 Days Refill WarrantyMinimum: 200Maximum: 200 000
129,516,üÜï Instagram Real Followers [50k Max] [30 Days Refill  5-10k/Speed] üî•,5.50,100,50000,Not enough data,Estimated Start time: Instant-2hrsSpeed: 5k-10k Speed Per DayRefill: 30 Days Refill WarrantyMinimum: 100Maximum: 50 000
130,1149,üÜï Instagram Followers [500k Max] [90 Days Refill  2-5k Speed Per Day  Refill Button Available],3.26,20,70000,Not enough data,Estimated Start Time: Instant-2hrsSpeed: 2-5k Speed Per DayRefill: 30 Days Auto Refill WarrantyMinimum: 20Maximum: 70000Refill Button Available!
131,894,Instagram Followers [5k Max] [30 Days Refill  5k/Speed],6.53,300,5000,Not enough data,Estimated Start Time: Instant-6hrsSpeed: 5k Speed Per DayRefill: 30 Days Refill WarrantyMinimum: 300Maximum: 5 000
132,1150,Instagram Followers [Real+Bot  0-3hrs  Refill / Cancel Button  6-12k/Day] [20k Max],4.14,50,20000,Not enough data,Estimated Start Time: Instant-3hrsSpeed: 6-12k Speed Per DayRefill: 30 Days Refill WarrantyMinimum: 50Maximum: 20000Refill and Cancel Button Available!
133,896,üÜï Instagram Followers [200k Max] [90 Days Refill  2-5k Speed Per Day  Refill Button Available],3.05,20,70000,Not enough data,Estimated Start Time: Instant-3hrsSpeed: 2-5k Speed Per DayRefill: 90 Days Refill WarrantyMinimum: 20Maximum: 70000Refill Button Available!
134,1153,Instagram Followers [Real + Bot  2-3k/Day  Refill Button  30 Days Refill] [6k Max],3.48,50,6000,Not enough data,Estimated Start Time: Instant-6hrsSpeed: 2-3k Speed Per DayRefill: 30 Days Refill WarrantyDrop Ratio: 10-15% Minimum: 50Maximum: 6000Refill Button Available!
135,1152,Instagram Followers [Real+Bot  0-3hrs  Refill / Cancel Button  6-12k/Day] [50k Max],4.42,50,50000,Not enough data,Estimated Start Time: Instant-3hrsSpeed: 6-12k Speed Per DayRefill: 30 Days Refill WarrantyMinimum: 50Maximum: 50000Refill and Cancel Button Available!
136,850,Instagram Followers [15k Max] [30 Days Refill  5-10k Speed Per Day] [Recommended],6.75,150,15000,43 minutes,Estimated Start Time: Instant-12hrsSpeed: 2-10k Per DayRefill: 30 Days Refill WarrantyMinimum: 150Maximum: 15000
137,855,Instagram Real Followers [50k Max] [Auto Refill 30 Days  Recommended] [BEST SERVICE]‚ö°Ô∏è‚ö°‚≠ê,8.56,300,50000,16 hours and 46 minutes,Estimated Start Time: Instant-3hrsSpeed: 15k-35k Speed Per DayRefill: 30 Days Refill WarrantyMinimum: 300Maximum: 50 000Refill and cancel button enabled!
138,893,Instagram Fast Followers [15k Max] [30 Days Refill  10k/ Speed Per Day] [Fast Start],7.88,150,15000,Not enough data,Estimated Start Time: Instant-3hrsMix AccountsSpeed: 10k Per DayRefill: 30 Days Refill WarrantyMinimum: 150Maximum: 15000
139,854,Instagram Real Followers [45k Max] [Auto Refill 30 Days  20-30k/Speed],7.76,100,45000,7 hours and 47 minutes,Estimated Start Time: Instant-3hrsSpeed: 20k-30k Speed Per DayRefill: 30 Days Refill WarrantyMinimum: 100Maximum: 45 000Refill and cancel button enabled!
140,1168,üÜï Instagram Likes [Low Quality 1-2k/Day Instant-2hrs] [30k Max],0.48,20,30000,Not enough data,Low QualityEstimated Start Time: Instant-2hrsSpeed: 1-2k Speed Per DayRefill: No Refund / Refill even if they drop the next hourMinimum: 20Maximum: 30 000
141,1174,üÜï Instagram High Quality Likes [Profile Picture Low Drop] [10k Max] [Recommended]üíßüî•,0.85,20,10000,Not enough data,High-Quality Server Estimated Start Time: InstantSpeed: 10k Speed Per DayRefill: No Refund / Refill even if they drop the next hourMinimum: 20Maximum: 10 000
142,1165,Instagram Likes [Instant  Good Quality Picture ] [20k Max],0.76,50,20000,Not enough data,Good Quality With PictureEstimated Start Time: InstantSpeed: 5-8k Speed Per DayRefill: No Refund / Refill even if they drop the next hourMinimum: 50Maximum: 20 000
143,1169,Instagram Likes [Instant  Medium Quality] [20k Max],0.50,20,20000,Not enough data,Medium Quality With PictureEstimated Start Time: InstantSpeed: 20k Speed Per DayRefill: No Refund / Refill even if they drop the next hourMinimum: 20Maximum: 20 000
144,1175,Instagram Real Looking Likes [HQ Instant] [100k Max],0.90,50,100000,Not enough data,Real Looking Accounts!Estimated Start Time: InstantSpeed: 1-3k Speed Per DayRefill: No Refund / Refill even if they drop the next hourMinimum: 50Maximum: 100 000
145,1170,Instagram Likes + Impression [Low Quality  20k/Day Instant  30 Days Refill] [50k Max],1.22,10,50000,Not enough data,High-Quality Accounts!Estimated Start Time: InstantSpeed: 1-5k Speed Per DayRefill: 30 Days Refill Minimum: 10Maximum: 50 000*This server can help you to Reach Explore Page!*
146,1167,üÜï Instagram Likes [Low Quality 200-500/Day] [10k Max],0.44,25,10000,Not enough data,Low-Quality Accounts!Estimated Start Time: Instant-2hrsSpeed: 200-500 Speed Per DayRefill: No Refund / Refill even if they drop the next hourMinimum: 25Maximum:10 000
147,1172,Instagram Likes + Impression [Medium Quality  50k/Day Instant  30 Days Refill] [200k Max],1.35,50,200000,Not enough data,High-Quality Accounts!Estimated Start Time: InstantSpeed: 50-100k Speed Per DayRefill: 30 Days Refill Minimum: 50Maximum: 200 000*This server can help you to Reach Explore Page!*
148,1171,Instagram Likes [Profile Picture Available 100k/Day Super Fast] [100k Max],0.70,10,100000,Not enough data,High-Quality Accounts!Estimated Start Time: InstantSpeed: 100k Speed Per DayRefill: No Refund / Refill even if they drop the next hourMinimum: 10Maximum:200 000
149,1173,üÜï Instagram Likes [Low Quality 1-2k/Day Instant-2hrs] [30k Max],0.48,20,30000,Not enough data,Low-Quality Accounts!Estimated Start Time: Instant-2hrsSpeed: 1-2k Speed Per DayRefill: No Refund / Refill even if they drop the next hourMinimum: 20Maximum:30 000
150,899,Instagram Medium Quality Likes [Instant  1-5k/ Speed]  [Max 7K]‚ö°Ô∏è,0.77,20,7000,56 hours and 53 minutes,Medium Quality LikesEstimated Start Time: Instant-1hrsSpeed: 1-5k Speed Per DayRefill: No Refill [Non-Drop / Less Drop usually]Minimum: 20Maximum: 7 000
151,1176,üÜï Instagram Likes [High Quality Non Drop] [30k Max] üî•üî•,0.86,20,30000,27 hours and 42 minutes,High-Quality LikesEstimated Start Time: Instant-1hrsSpeed: 1-3k Speed Per DayRefill: No Refill [Non-Drop Usually]Minimum: 20Maximum: 30 000
152,1177,üÜï  Instagram Super Fast Likes [Recommended Non Drop  HQ] [100k Max] üî•,0.92,20,100000,Not enough data,High-Quality LikesEstimated Start Time: Instant-1hrsSpeed: 5-10k Speed Per DayRefill: No Refill [Non-Drop Usually]Minimum: 20Maximum: 100 000
153,827,Instagram SUPER INSTANT Likes [Recommended  Speed 5-10k per day] [Max 50 K]‚ö°Ô∏è,1.45,50,50000,Not enough data,High-Quality LikesEstimated Start Time: Instant-30minsSpeed: 5-20k Speed Per DayRefill: No Refill [Non-Drop Usually]Minimum: 20Maximum: 50 000
154,1178,üÜï Instagram Likes [Non Drop  5k Speed Per Day] [75k Max],0.87,100,75000,Not enough data,High-Quality LikesEstimated Start Time: Instant-1hrSpeed: 5-k Speed Per DayRefill: No Refill [Non-Drop Usually]Minimum: 100Maximum: 75 000
155,1181,üÜï Instagram Real Likes [FASTEST] [Non Drop  HQ Instant] [25k Max],2.06,10,25000,Not enough data,High-Quality Real LikesEstimated Start Time: InstantSpeed: 10-30k Speed Per DayRefill: Lifetime Refill WarrantyMinimum: 10Maximum: 25 000
156,900,Instagram HQ SUPERFAST Likes [Speed 5-20k per day] [Max 200K]‚ö°Ô∏è [Recommended],1.75,50,200000,17 hours and 57 minutes,Estimated Start Time: InstantSpeed: 5-20k Speed Per DayRefill: No Refill [Non-Drop Usually]Minimum: 50Maximum: 200 000
157,1179,üÜï Instagram Real Likes [Natural Pattern NON DROP  Instant] [15k Max] [Good For Slow Likes],1.74,20,15000,Not enough data,Real Quality LikesEstimated Start Time: Instant-30minsSpeed: Very Slow [Natural Pattern]Refill: No Refill [Non-Drop Usually]Minimum: 20Maximum: 15 000
158,903,Instagram HQ Likes Exclusive [Instant] [20k Max] [10k-20k Speed Per hour],1.19,100,20000,33 hours and 46 minutes,High-Quality LikesEstimated Start Time: InstantSpeed: 10-20k Speed Per HourRefill: No Refill [Non-Drop Usually]Minimum: 100Maximum: 20 000
159,1180,üÜï Instagram SUPER Real Likes [1-3k Speed Per Hour] [Max 25K] üî•,1.31,50,50000,Not enough data,Real LikesEstimated Start Time: Instant-30minsSpeed:1-3k Speed Per HourRefill: No Refill [Non-Drop Usually]Minimum: 50Maximum: 50 000
160,853,Instagram Medium Quality INSTANT Likes  [Max 4K]‚ö°Ô∏è,1.40,20,4000,Not enough data,Medium-Quality LikesEstimated Start Time: Super FastSpeed: 10k Speed Per HourRefill: No Refill [Non-Drop Usually]Minimum: 20Maximum: 4 000
161,852,Instagram INSTANT Likes [2k Speed Per Hour] [Max 9K]‚ö°Ô∏è,1.45,50,9000,15 hours and 23 minutes,High-Quality LikesEstimated Start Time: InstantSpeed: 2k Speed Per HourRefill: No Refill [Non-Drop Usually]Minimum: 20Maximum: 9000
162,826,Instagram Likes ‚ñ∫‚ñ∫ [MAX 2k] [Super Instant  Non Drop] ‚≠ê,1.89,100,2000,1 hour and 11 minutes,High-Quality Estimated Start Time: InstantSpeed: 2k Speed Per HourRefill: No Refill [Non-Drop Usually]Minimum: 100Maximum: 2000
163,815,‚ôõ Instagram [ARAB] Likes [INSTANT]  [Max 10k],2.72,100,10000,Not enough data,Estimated Start Time: Instant-1hrsSpeed: 1500 Speed Per DayRefill: No Refund / Refill Minimum: 100Maximum: 1500Arab Gulf (ÿÆŸÑŸäÿ¨Ÿä) BASED ACCOUNTS
164,905,‚ôõ Instagram [IRAN] Likes [2k Max],2.72,100,10000,12 hours and 21 minutes,Estimated Start Time: Instant-1hrsSpeed: 200-500 Speed Per DayRefill: No Refund / Refill Minimum: 100Maximum: 2000IRAN BASED ACCOUNTS
165,906,‚ôõ Instagram [Russian] Likes [5k Max],25.23,5,2000,Not enough data,Estimated Start Time: Instant-1hrsSpeed: 5000 Speed Per DayRefill: No Refund / Refill Minimum: 50Maximum: 5000RUSSIAN BASED ACCOUNTS
166,923,‚ôõ Instagram Low Quality Auto Likes [Instant  1-3k/ Speed] [Max 10K]‚ö°Ô∏è,0.44,20,20000,124 hours and 43 minutes,Estimated Start Time: Instant-1hrsSpeed: 1-3k Speed Per DayRefill: No Refund / Refill even if they drop the next hour. We won't be able to help you.Minimum: 10Maximum: 10 000*Cheap Server Might have delay or Partial/Cancel Issue*
167,926,‚ôõ Instagram Medium Quality Auto Likes [Instant  1-5k/ Speed] [Max 7K]‚ö°Ô∏è [Recommended],0.50,20,7000,58 hours and 17 minutes,Estimated Start Time: Instant-1hrsSpeed: 1-5k Speed Per DayRefill: No Refund / Refill even if they drop the next hour. We won't be able to help you.Minimum: 20Maximum: 7 000*Cheap Server Might have delay or Partial/Cancel Issue*
168,927,‚ôõ Instagram SuperFast Auto Likes [10k Max] [10k/ Speed Per hour  HQ],0.93,20,10000,Not enough data,Estimated Start Time: Instant-1hrsSpeed: 10k Speed Per HourRefill: No Refund / Refill even if they drop the next hour. We won't be able to help you.Minimum: 20Maximum: 10 000Super Fast Delivery Speed 10k/ Per Hour!
169,928,‚ôõ Instagram [USA] Auto Likes + Impressions [15k Max],3.19,10,30000,5 hours and 46 minutes,Estimated Start Time: Instant-1hrsSpeed: 5-15k Speed Per DayRefill: No Refund / Refill Minimum: 100Maximum: 15 000USA BASED ACCOUNTS
170,912,‚ù§Ô∏è‚ôõüíß Instagram Cheapest Views [10M/Day] [50M Max],0.02,200,10000000,7 minutes,Estimated Start Time: Instant-1hrsSpeed: 10 Million Speed Per DayMinimum: 100Maximum: 50000000*Cheap Server Might have delay or Partial/Cancel Issue*
171,915,‚ù§Ô∏è‚ôõüíß Instagram Views + Impression + Reach [1-3M/DAY] [100M Max],0.03,100,100000000,18 minutes,Estimated Start Time: Instant-1hrsSpeed: 1-3M Speed Per DayMinimum: 1000Maximum: 100 000000
172,914,‚ù§Ô∏è‚ôõüíß Instagram Cheap Views and Impression [100-200K/DAY] [50M Max],0.03,100,50000000,Not enough data,Estimated Start Time: Instant-1hrsSpeed: 100-200K Speed Per DayMinimum: 1000Maximum: 50 000000
173,917,‚ù§Ô∏è‚ôõüíß Instagram Real Views + Impression + Profile Visit [200K-600k/DAY] [1.2M Max],0.11,100,1200000,36 minutes,Estimated Start Time: Instant-1hrsSpeed: 200-600k Speed Per DayMinimum: 500Maximum: 1200 000
174,916,‚ù§Ô∏è‚ôõüíß Instagram Real Views + Impression + Profile Visit [100K-500k/DAY] [500k Max],0.07,100,500000,1 hour and 19 minutes,Estimated Start Time: Instant-1hrsSpeed: 100-500k Speed Per DayMinimum: 500Maximum: 500 000
175,919,‚ù§Ô∏è‚ôõüíß Instagram Views and Impression [RANDOM] [300-500K/DAY] [1M Max],0.05,100,1000000,11 minutes,Estimated Start Time: Instant-1hrsSpeed: 300-500k Speed Per DayMinimum: 100Maximum: 1000 000
176,920,‚ù§Ô∏è‚ôõüíß Instagram Views and Impression [LOCATION] [600K/DAY] [4M Max],0.06,100,4000000,Not enough data,Estimated Start Time: Instant-1hrsSpeed: 600k Speed Per DayMinimum: 100Maximum: 4000 000
177,921,‚ù§Ô∏è‚ôõüíß Instagram Views and Impression [HOME] [600K/DAY] [4M Max],0.06,100,4000000,4 hours and 36 minutes,Estimated Start Time: Instant-1hrsSpeed: 600k Speed Per DayMinimum: 100Maximum: 4000 000
178,922,‚ù§Ô∏è‚ôõüíß Instagram Views and Impression [EXPLORE] [600K/DAY] [4M Max],0.06,100,4000000,12 minutes,Estimated Start Time: Instant-1hrsSpeed: 600k Speed Per DayMinimum: 100Maximum: 4000 000
179,913,‚ù§Ô∏è‚ôõüíß Instagram Cheapest Views [80M/Day] [80M Max],0.15,500,80000000,Not enough data,Estimated Start Time: Instant-1hrsSpeed: 80 Million Speed Per DayMinimum: 100Maximum: 80000000*Cheap Server Might have delay or Partial/Cancel Issue*
180,398,‚ù§Ô∏è‚ôõüíß Instagram Cheap Fast Views [1M/Day] [1M Max],0.04,100,1000000,27 minutes,Estimated Start Time: Instant-1hrsSpeed: 1 Million Speed Per DayMinimum: 500Maximum: 1000000*Cheap Server Might have delay or Partial/Cancel Issue*
181,909,‚ù§Ô∏è‚ôõüíß Instagram Cheap Fast Views [3M/Day] [6M Max],0.04,100,6000000,24 minutes,Estimated Start Time: Instant-1hrsSpeed: 1 Million Speed Per DayMinimum: 500Maximum: 6000000*Cheap Server Might have delay or Partial/Cancel Issue*
182,165,‚ôõ‚ù§Ô∏èüíß Instagram Views [USA] ‚ñ∫‚ñ∫ HQ (Unlimited  Instant  Real) [45k Max],0.29,100,45000,20 minutes,Estimated Start Time: Instant-1hrsSpeed: 30k Speed Per DayRefill: No Refund / Refill Minimum: 100Maximum: 45 000
183,174,‚ôõ‚ù§Ô∏èüíß Instagram Views [UK] ‚ñ∫‚ñ∫ HQ (Unlimited  Instant  Real) [45k Max],0.29,100,45000,Not enough data,Estimated Start Time: Instant-1hrsSpeed: 30k Speed Per DayRefill: No Refund / Refill Minimum: 100Maximum: 45 000
184,171,‚ôõüíß Instagram Views [French] ‚ñ∫‚ñ∫ HQ (Unlimited  Instant  Real) [45k Max],0.29,100,45000,14 hours,Estimated Start Time: Instant-1hrsSpeed: 30k Speed Per DayRefill: No Refund / Refill Minimum: 100Maximum: 45 000
185,169,‚ôõüíß Instagram Views [Dubai] ‚ñ∫‚ñ∫ HQ (Unlimited  Instant  Real) [50k Max],0.29,100,50000,6 hours and 22 minutes,Estimated Start Time: Instant-1hrsSpeed: 30k Speed Per DayRefill: No Refund / Refill Minimum: 100Maximum: 50 000
186,166,‚ôõüíß Instagram Views [China] ‚ñ∫‚ñ∫ HQ (Unlimited  Instant  Real),1.74,20,30000,Not enough data,Estimated Start Time: Instant-1hrsSpeed: 500k Speed Per DayRefill: No Refund / Refill Minimum: 100Maximum: 100000000
187,935,‚ù§Ô∏è‚ôõüíß Instagram Auto Views + Impression + Reach [1-3M/DAY] [100M Max],0.03,100,100000000,Not enough data,Estimated Start Time: Instant-1hrsSpeed: 1-3M Speed Per DayMinimum: 1000Maximum: 100 000000
188,933,‚ù§Ô∏è‚ôõüíß Instagram Real Auto Views + Impression + Profile Visit [200K-600k/DAY] [1.2M Max],0.11,100,1200000,Not enough data,Estimated Start Time: Instant-1hrsSpeed: 200-600k Speed Per DayMinimum: 500Maximum: 1200 000
189,934,‚ù§Ô∏è‚ôõüíß Instagram Cheap Auto Views and Impression [100-200K/DAY] [50M Max],0.03,100,50000000,Not enough data,Estimated Start Time: Instant-1hrsSpeed: 100-200K Speed Per DayMinimum: 1000Maximum: 50 000000
190,940,‚ù§Ô∏è‚ôõüíß Instagram Cheap Auto Fast Views [1M/Day] [1M Max],0.04,100,1000000,Not enough data,Estimated Start Time: Instant-1hrsSpeed: 1 Million Speed Per DayMinimum: 500Maximum: 1000000*Cheap Server Might have delay or Partial/Cancel Issue*
191,936,‚ù§Ô∏è‚ôõüíß Instagram Auto Views and Impression [RANDOM] [300-500K/DAY] [1M Max],0.05,100,1000000,Not enough data,Estimated Start Time: Instant-1hrsSpeed: 300-500k Speed Per DayMinimum: 100Maximum: 1000 000
192,937,‚ù§Ô∏è‚ôõüíß Instagram Auto Views and Impression [LOCATION] [600K/DAY] [4M Max],0.06,100,4000000,Not enough data,Estimated Start Time: Instant-1hrsSpeed: 600k Speed Per DayMinimum: 100Maximum: 4000 000
193,938,‚ù§Ô∏è‚ôõüíß Instagram Auto Views and Impression [HOME] [600K/DAY] [4M Max],0.06,100,4000000,Not enough data,Estimated Start Time: Instant-1hrsSpeed: 600k Speed Per DayMinimum: 100Maximum: 4000 000
194,939,‚ù§Ô∏è‚ôõüíß Instagram Auto Views and Impression [EXPLORE] [600K/DAY] [4M Max],0.06,100,4000000,18 minutes,Estimated Start Time: Instant-1hrsSpeed: 600k Speed Per DayMinimum: 100Maximum: 4000 000
195,555,‚ôõüíß Instagram Super Fast HQ Custom Comments HQ [Max 1k],29.00,5,1000,89 hours and 47 minutes,Estimated Start Time: Instant-1hrsQuality: HQSpeed: 300k Per DayRefill: No RefillMinimum: 5Maximum: 400 000Comment with @Mention is not accepted!
196,942,‚ôõüíß Instagram Random Comments [Max 800],29.00,5,800,58 hours and 26 minutes,Estimated Start Time: Instant-1hrsSpeed: 800 Per DayRefill: No RefillMinimum: 5Maximum: 800Comment with @Mention is not accepted!
197,943,‚ôõ‚ù§Ô∏è Instagram Custom Comments Reply [200 Max],468.00,5,200,Not enough data,Estimated Start Time: Instant-1hrsSpeed: 200 Per DayRefill: No RefillMinimum: 5Maximum: 200Comment with @Mention is not accepted!
198,180,‚ôõ Instagram Saves [10k Max] [Instant] [2-8k/Day],0.04,10,10000,56 hours and 57 minutes,Estimated Start Time: Instant-1hrsSpeed: 2-8k Per DayRefill: No RefillMinimum: 100Maximum: 10000
199,946,‚ôõ Instagram Saves HQ [40k Max] [Instant] [40k/Day  Recommended],0.27,200,40000,Not enough data,Estimated Start Time: Instant-1hrsSpeed: 40k Per DayRefill: No RefillMinimum: 200Maximum: 40000
200,945,‚ôõ Instagram Saves Super Fast [15k Max] [Instant] [15k/Day],0.22,500,15000,Not enough data,Estimated Start Time: Instant-1hrsSpeed: 15k Per DayRefill: No RefillMinimum: 500Maximum: 15000
201,944,‚ôõ Instagram Saves Instant [35k Max] [Instant] [10-15k/Day],0.15,10,35000,Not enough data,Estimated Start Time: Instant-1hrsSpeed: 10-15k Per DayRefill: No RefillMinimum: 100Maximum: 35000
202,947,‚ôõ Instagram Impressions + Reach [Instant  2-5k/Day] [10k Max],0.03,25,10000,4 hours and 41 minutes,Estimated Start Time: Instant-1hrsSpeed: 2-5k Per DayRefill: No RefillMinimum: 250Maximum: 10000
203,948,‚ôõ Instagram Impressions  [Instant  1M/Day] [1.5M Max],0.07,100,1500000,Not enough data,Estimated Start Time: Instant-1hrsSpeed: 1M Per DayRefill: No RefillMinimum: 100Maximum: 1500000
204,950,‚ôõ Instagram USA HQ Instant Impressions [50k Max],0.40,20,50000,Not enough data,Estimated Start Time: Instant-1hrsSpeed: 50k Per DayRefill: No RefillMinimum: 20Maximum: 50000
205,949,‚ôõ Instagram Profile Visit + Impressions [80k Max],0.91,100,80000,Not enough data,Estimated Start Time: Instant-3hrsSpeed: 50k Per DayRefill: No RefillMinimum: 250Maximum: 80000
206,960,‚ôõ Instagram Profile Visit HQ Instant [50k Max],0.19,20,50000,Not enough data,Estimated Start Time: Instant-3hrsSpeed: 50k Per DayRefill: No RefillMinimum: 20Maximum: 50000
207,961,‚ôõ Instagram Photo Reach [15k Max],0.66,100,30000,Not enough data,Estimated Start Time: InstantSpeed: 15k Per DayRefill: No RefillMinimum: 20Maximum: 15000Link: Use Full Photo Link!
208,962,‚ôõ Instagram Video Reach [15k Max],0.66,100,15000,Not enough data,Estimated Start Time: InstantSpeed: 15k Per DayRefill: No RefillMinimum: 20Maximum: 15000Link: Use Full Video Link!
209,963,‚ôõ Instagram Comment Likes [Comment of your choice] [5k Max],1.38,30,5000,Not enough data,Estimated Start Time: InstantSpeed: 2k Per DayRefill: No RefillMinimum: 30Maximum: 5000*Include any comment of your choice*
210,964,‚ôõ Instagram Comment SUPER FAST Likes [Comment of your choice] [10k Max],1.71,30,10000,Not enough data,Estimated Start Time: InstantSpeed: 5-10k Per DayRefill: No RefillMinimum: 30Maximum: 10000*Include any comment of your choice*
211,965,‚ôõ Instagram Auto Story Views [30 Days] [5k/Day],29.00,500,5000,Not enough data,Estimated Start Time: InstantSpeed: 5k Per DayRefill: No RefillMinimum: 500Maximum: 5000*Use Username Only*
212,957,‚ôõ Instagram Last Story Views [Instant] [25k Max],0.15,50,25000,11 hours and 54 minutes,Estimated Start Time: InstantSpeed: 10-20k Per DayRefill: No RefillMinimum: 50Maximum: 25000*Use Username Only*
213,955,‚ôõ Instagram [Male] Story Views [Instant] [25k Max],0.37,50,25000,Not enough data,Estimated Start Time: InstantSpeed: 10k Per DayRefill: No RefillMinimum: 50Maximum: 25000Male Story Views*Use Username Only*
214,956,‚ôõ Instagram [Female] Story Views [Instant] [25k Max],0.37,50,25000,Not enough data,Estimated Start Time: InstantSpeed: 10k Per DayRefill: No RefillMinimum: 50Maximum: 25000Female Story Views*Use Username Only*
215,958,‚ôõ Instagram Story Pool Votes Instant [9k Max],7.25,30,9000,Not enough data,Estimated Start Time: Instant-1hrsSpeed: 9k Per DayRefill: No RefillMinimum: 30Maximum: 9000Link Example for Option 1: USERNAME?vote=1Link Example for Option 2: USERNAME?vote=2
216,959,‚ôõ Instagram Story Pool Votes HQ Instant [20k Max],7.25,50,20000,Not enough data,Estimated Start Time: InstantSpeed: 20k Per DayRefill: No RefillMinimum: 50Maximum: 20000Link Example for Option 1: USERNAME?vote=1Link Example for Option 2: USERNAME?vote=2
217,966,‚ôõ‚ù§Ô∏èüíß Instagram Live Views [3k Max],14.50,100,3000,Not enough data,Estimated Start Time: InstantSpeed: 3k Per DayRefill: No RefillMinimum: 100Maximum: 3000
218,184,‚ôõ‚ù§Ô∏èüíß Instagram Live Views Instant [6k Max],17.00,100,6000,Not enough data,Estimated Start Time: InstantSpeed: 3k Per DayRefill: No RefillMinimum: 100Maximum: 6000
219,967,‚ôõ‚ù§Ô∏èüíß Instagram Live Video Likes [8k Max],0.29,200,8000,18 hours and 32 minutes,Estimated Start Time: InstantSpeed: 3k Per DayRefill: No RefillMinimum: 200Maximum: 8000
220,968,‚ôõ‚ù§Ô∏èüíß Instagram Live Video Likes [200k Max],1.24,50,200000,Not enough data,Estimated Start Time: InstantSpeed: 50k Per DayRefill: No RefillMinimum: 200Maximum: 200 000
221,970,‚ôõ‚ù§Ô∏èüíß Instagram Live Video Likes [Instant] [500k Max],1.32,100,500000,Not enough data,Estimated Start Time: InstantSpeed: 100k Per DayRefill: No RefillMinimum: 100Maximum: 500 000
222,971,‚ôõ‚ù§Ô∏èüíß Instagram Live Video Comments [Random] [2k Max],7.98,60,2000,Not enough data,Estimated Start Time: InstantSpeed: 2k Per DayRefill: No RefillMinimum: 60Maximum: 2000* Use Username Only*
223,972,‚ôõ‚ù§Ô∏èüíß Instagram Live Video Comments [Custom] [1k Max],15.95,15,1000,Not enough data,Estimated Start Time: InstantSpeed: 1k Per DayRefill: No RefillMinimum: 150Maximum: 1000* Use Username Only*
224,973,‚ôõ‚ù§Ô∏èüíß Instagram Random Live Video Comments [Male] [2k Max],13.05,60,2000,Not enough data,Estimated Start Time: InstantMale CommentsSpeed: 2k Per DayRefill: No RefillMinimum: 60Maximum: 2000* Use Username Only*
225,974,‚ôõ‚ù§Ô∏èüíß Instagram Random Live Video Comments [Female] [2k Max],7.25,60,2000,Not enough data,Estimated Start Time: InstantFemale CommentsSpeed: 2k Per DayRefill: No RefillMinimum: 60Maximum: 2000* Use Username Only*
226,975,‚ôõ‚ù§Ô∏èüíß Instagram Random Live Emoji + Video Comments  [2k Max],43.50,60,2000,Not enough data,Estimated Start Time: InstantSpeed: 2k Per DayRefill: No RefillMinimum: 60Maximum: 2000* Use Username Only*
227,976,‚ôõ‚ù§Ô∏èüíß Instagram Mentions (Custom List) [200k Max],1.92,2000,200000,Not enough data,Estimated Start Time: Instant-48hrsRefill: No RefillMinimum: 2000Maximum: 200 000Enter your Instagram post link then enter 20 000 individual users you want to tag onto that post. They will then be tagged onto your post. This is the best marketing method on Instagram because you can target a specific audience from a similar/competitor account :)
228,977,‚ôõ‚ù§Ô∏èüíß Instagram Mentions (S2) (Custom List) [200k Max],1.66,16000,400000,Not enough data,Estimated Start Time: Instant-36hrsRefill: No RefillMinimum: 16000Maximum: 400 000Enter your Instagram post link then enter 20 000 individual users you want to tag onto that post. They will then be tagged onto your post. This is the best marketing method on Instagram because you can target a specific audience from a similar/competitor account :)
229,979,‚ôõ‚ù§Ô∏èüíß Instagram HQ Post Share (ANY) [300k Max],0.96,5000,30000,Not enough data,
230,897,IGTV Views [75M Max] [Instant  HQ  1m/Day],0.03,100,75000000,1 minute,Estimated Start Time: InstantRefill: No RefillMinimum: 50Maximum: 75 000000*FULL IGTV URL IS REQUIRED*
231,653,‚ôõ Facebook Low Quality Page Likes [No Refill / Refund  1k/Day] [1k Max],6.96,20,3000,Not enough data,Estimated Start Time: Instant-1hrsSpeed: 1k Per DayRefill: No Refill / No Refund Minimum: 20Maximum: 1000
232,983,‚ôõ Facebook Low Quality Page Likes (S3) [No Refill / Refund  1-3k/Day] [10k Max],2.76,100,4000,29 hours and 22 minutes,Estimated Start Time: Instant-12hrsSpeed: 1-3k Per DayRefill: No Refill / No Refund Minimum: 100Maximum: 5000
233,990,‚ôõ Facebook Real Page Likes HQ [Instant] [30 Days Refill  2-5k/Day] [25k Max] [Recommended],16.38,100,25000,8 hours and 30 minutes,Estimated Start Time: Instant-6hrsSpeed: 2-5k Per DayRefill: 30 Days Refill Minimum: 100Maximum: 25000
234,988,‚ôõ Facebook Real Page Likes [Instant] [30 Days Refill  2-5k/Day] [15k Max],12.18,100,15000,Not enough data,Estimated Start Time: Instant-6hrsSpeed: 2-5k Per DayRefill: 30 Days RefillMinimum: 100Maximum: 15000
235,642,‚ôõ Facebook Low Quality Fast Post Likes [500 Max],1.40,20,500,73 hours and 6 minutes,Estimated Start Time: Instant-1hrsSpeed: 500 Per DayRefill: No Refill / RefundMinimum: 20Maximum: 500
236,995,‚ôõ Facebook Photo/Post Likes HQ [Instant  5k/Day] [10k Max] [Recommended],5.10,25,5000,22 hours and 31 minutes,Estimated Start Time: Instant-1hrsSpeed: 5k Per DayRefill: No Refill / RefundMinimum: 25Maximum: 10000
237,997,‚ôõ Facebook Real Photo/Post Likes HQ [Instant  10k/Day] [20k Max] [Recommended],12.00,50,20000,465 hours and 27 minutes,Estimated Start Time: InstantSpeed: 10k Per DayRefill: Lifetime WarrantyMinimum: 20Maximum: 20 000
238,996,‚ôõ Facebook Post Likes [Arab] [0-36hrs  2k/Day] [8k Max],1.74,100,8000,45 minutes,Estimated Start Time: 0-36hrsSpeed: 1-3k Per DayRefill: No Refill / RefundMinimum: 100Maximum: 8000
239,994,‚ôõ Facebook Photo/Post Likes [Instant  2k/Day] [5k Max],4.35,30,5000,Not enough data,Estimated Start Time: Instant-1hrsSpeed: 2k Per DayRefill: No Refill / RefundMinimum: 30Maximum: 5000
240,644,‚ôõ Facebook Post REAL EUROPEAN Shares ‚ñ∫‚ñ∫[Lifetime Guaranteed] [Max 1.5K]‚≠ê,145.00,100,1500,Not enough data,Estimated Start time: 0-24hrsLifetime GuaranteeEUROPEAN Shares100% REALONLY For Pages and ProfilesSpeed:50-300 per DayMinimum 100Maximum 1500
241,799,‚ù§Ô∏è‚ôõ Facebook Fan Page Follower [1k Max],5.22,50,1000,Not enough data,Estimated Start Time: Instant-1hrsSpeed: 500-1k Per DayRefill: No Refill / No RefundMinimum: 50Maximum: 1000
242,1004,‚ù§Ô∏è‚ôõ Facebook Fan Page Follower HQ (S2) [2k Max] [Recommended],10.80,100,1000,Not enough data,Estimated Start Time: Instant-1hrsSpeed: 1-2k Per DayRefill: No Refill / No RefundMinimum: 100Maximum: 2000
243,1005,‚ù§Ô∏è‚ôõ Facebook Profile Follower [2k Max],6.62,100,2000,Not enough data,Estimated Start Time: Instant-1hrsSpeed: 500 Per DayRefill: 30 Days Refill WarrantyMinimum: 100Maximum: 2000
244,1006,‚ù§Ô∏è‚ôõ Facebook Instant Profile Follower [3k Max  1k/Day  30/Day Refill],7.53,200,3000,Not enough data,Estimated Start Time: InstantSpeed: 1k Per DayRefill: 30 Days Refill WarrantyMinimum: 200Maximum: 3000
245,1007,‚ôõ Facebook Profile Friend Request [2.5k Max] [200-500/Day],13.92,100,2500,Not enough data,Estimated Start Time: Instant-12hrsSpeed: 200-500 Per DayRefill: 30 Days Refill WarrantyMinimum: 100Maximum: 2500
246,1008,‚ôõ Facebook Group Members [10k Max],6.62,100,10000,Not enough data,Estimated Start Time: Instant-6hrsSpeed: 1k Per DayRefill: 30 Days Refill WarrantyMinimum: 100Maximum: 10000
247,1009,‚ôõ Facebook USA Group Members [1k Max],60.90,100,2000,4 hours and 7 minutes,Estimated Start Time: Instant-12hrsSpeed: 300-600 Per DayRefill: 30 Days Refill WarrantyMinimum: 100Maximum: 1000*GROUP MUST BE PUBLIC*
248,396,‚ù§Ô∏è‚ôõüíß Facebook Video Views [1m Max] [200-300k/Day],0.13,1000,1000000,56 hours and 30 minutes,Estimated Start Time: Instant-3hrsSpeed: 200-300k Per DayRefill: No RefillMinimum: 1000Maximum: 1000000
249,1003,‚ù§Ô∏è‚ôõüíß Facebook SUPERFAST Video Views [3m Max] [500k-1M/Day] [Recommended],0.19,1000,3000000,Not enough data,Estimated Start Time: InstantSpeed: 500k-1M Per DayRefill: No RefillMinimum: 1000Maximum: 3000000
250,1002,‚ù§Ô∏è‚ôõüíß Facebook HQ Video Views [10m Max] [400-800k/Day] [Recommended],0.16,500,100000000,Not enough data,Estimated Start Time: InstantSpeed: 400-800k Per DayRefill: No RefillMinimum: 1000Maximum: 10000000
251,597,‚ôõFacebook Live Stream HQ Views ‚ñ∫‚ñ∫ [Max 1K] [Watch time 90 MIN]‚≠ê,125.28,100,10000,Not enough data,Estimated Start Time: 0-24 hrsHigh Quality Viewers90 minutes Watch timeNo Refill GuaranteeMinimum 100Maximum 1000
252,599,‚ôõ Facebook Live Stream REAL Views ‚ñ∫‚ñ∫ [INSTANT] [Max 1K] [120 minutes Watch time]‚≠ê‚ö°Ô∏è,167.04,100,10000,Not enough data,Estimated Start Time:0-15 minutesInstant Start!Real views120 Minutes Watch Time Minimum 100Maximum 1000
253,604,‚ôõ Facebook INSTANT Monetizable HQ Video Views ‚ñ∫‚ñ∫[Max 800k] [Watch time 1-2 MIN],0.99,10000,10000000,Not enough data,HIGH Quality AccountsEstimated Start Time:0-15 minutesSpeed: Up to 100k Per Day !No Refill GuaranteeMinimum 10KMaximum 800kWatch Time 1 to 2 minutes
254,605,‚ôõ Facebook INSTANT Monetizable HQ Video Views ‚ñ∫‚ñ∫[Max 800k] [Watch time 2-30 MIN],1.57,10000,10000000,Not enough data,HIGH Quality AccountsEstimated Start Time:0-15 minutesSpeed: Up to 100k Per Day !No Refill GuaranteeMinimum 10KMaximum 800kWatch Time 2 to 30 minutes
255,606,‚ôõ Facebook INSTANT Monetizable HQ Video Views ‚ñ∫‚ñ∫[Max 800k] [Watch time 30-60 MIN],4.01,10000,10000000,Not enough data,HIGH Quality AccountsEstimated Start Time:0-15 minutesSpeed: Up to 100k Per Day !No Refill GuaranteeMinimum 10KMaximum 800kWatch Time 30 to 60 minutes
256,607,‚ôõ Facebook INSTANT Monetizable HQ Video Views ‚ñ∫‚ñ∫[Max 800k] [Watch time 60-180 MIN],5.22,10000,10000000,Not enough data,HIGH Quality AccountsEstimated Start Time:0-15 minutesSpeed: Up to 100k Per Day !No Refill GuaranteeMinimum 10KMaximum 800kWatch Time 60 to 180 minutes
257,608,‚ôõ Facebook Reviews [5 Star Ratings/Review] [Random or Custom Text] ‚ñ∫‚ñ∫[Max 500] [30 Days Refill Guarantee]‚≠ê‚ö°Ô∏è,43.50,20,500,Not enough data,Estimated Start Time: 0-12hrsSpeed: 100-200 Per DayRefill: 30 Days RefillMinimum: 20Maximum: 500If you want to order custom comments put the comments on https://pastebin.com and insert your facebook page Link + Pastebin comment list on the same field.
258,1010,‚ôõ Facebook Reviews [5 Star Ratings/Review] [Custom Text] ‚ñ∫‚ñ∫[Max 600] [30 Days Refill Guarantee]‚≠ê‚ö°Ô∏è,139.20,40,600,Not enough data,Estimated Start Time: 0-12hrsSpeed: 100-200 Per DayRefill: 30 Days RefillMinimum: 40Maximum: 600
259,1011,‚ôõ Facebook Reviews [5 Star Ratings/Review] [Random] ‚ñ∫‚ñ∫[Max 400] [30 Days Refill Guarantee]‚≠ê‚ö°Ô∏è,60.00,25,400,Not enough data,Estimated Start Time: 0-12hrsSpeed: 50-200 Per DayRefill: 30 Days RefillMinimum: 25Maximum: 400
260,800,‚ôõFacebook Event response [Interested]  [500 Max],6.96,20,500,1 hour and 38 minutes,Estimated Start Time: 0-3hrsSpeed: 2-5k Per DayRefill: No Refill / RefundMinimum: 20Maximum: 500
261,801,‚ôõFacebook Event response [Joined/Confirmed] [500 Max],6.96,20,5000,Not enough data,Estimated Start Time: 0-3hrsSpeed: 2-5k Per DayRefill: No Refill / RefundMinimum: 20Maximum: 500
262,626,‚ôõ Facebook MALE Custom Comments  [REAL] [INSTANT] ‚ñ∫‚ñ∫ [Max 300] ‚≠ê‚ö°Ô∏è,90.48,20,300,Not enough data,Estimated Start time: 0-1hrsINSTANT!REAL MALE Accounts!Speed: 1000 Speed Per DayMinimum: 20Maximum: 300
263,627,‚ôõ Facebook FEMALE Custom Comments [REAL] [INSTANT] ‚ñ∫‚ñ∫ [Max 300]  ‚≠ê‚ö°Ô∏è,90.48,20,300,19 hours and 50 minutes,Estimated Start time: 0-1hrsINSTANT!REAL FEMALE Accounts!Speed: 1000 Speed Per DayMinimum: 20Maximum: 300
264,623,‚ôõ Facebook Custom Comments [INDIA] [INSTANT] ‚ñ∫‚ñ∫ [Max 30] ‚≠ê‚ö°Ô∏è,104.40,10,100,Not enough data,Estimated Start time: 0-1hrsINSTANT!REAL HQ INDIAN Accounts!Speed: 1000 Speed Per DayMinimum: 10Maximum: 30
265,624,‚ôõ Facebook Male Comments [Random] [INSTANT] ‚ñ∫‚ñ∫[Max 300] ‚≠ê‚ö°Ô∏è,60.90,20,300,Not enough data,Estimated Start time: 0-1hrsINSTANT!REAL MALE Accounts!Speed: 1000 Speed Per DayMinimum: 20Maximum: 300
266,622,‚ôõ Facebook REAL Random Comments [INDIA] [INSTANT] ‚ñ∫‚ñ∫[Max 100]  ‚≠ê‚ö°Ô∏è,69.60,10,100,Not enough data,Estimated Start time: 0-1hrsINSTANT!REAL HQ INDIAN Accounts!Speed: 1000 Speed Per DayMinimum: 10Maximum: 30
267,664,‚ôõFacebook  Live Stream Auto Views [INSTANT] ‚ñ∫‚ñ∫2500+ views‚≠ê‚ö°Ô∏è,1738.26,1,1,Not enough data,
268,1013,‚ôõTwitter Followers [2k Max] [30 Days Refill  2k/Day] [4k Max],14.36,100,4000,Not enough data,Starting: Instant-12hrsWarranty: 30 Days Refill WarrantySpeed: 2k Per DayMinimum: 100Maximum: 2000
269,1016,‚ôõ Twitter Retweets ‚ñ∫‚ñ∫[0-24hrs Starting  30 Days Refill] [Max 10K]‚≠ê‚ö°Ô∏è,6.96,20,10000,6 hours and 32 minutes,Starting: Instant-24hrsWarranty: 30 Days Refill Speed: 200-1k Per DayMinimum: 20Maximum: 10 000
270,1017,‚ôõ Twitter Auto Retweets ‚ñ∫‚ñ∫[0-24hrs Starting  30 Days Refill] [Max 10K]‚≠ê‚ö°Ô∏è,7.83,10,1000,Not enough data,Starting: Instant-24hrsWarranty: 30 Days Refill Speed: 200-1k Per DayMinimum: 20Maximum: 10 000
271,774,‚ôõ Twitter INSTANT Likes [Max 18k]‚ö°Ô∏è,0.92,30,18000,Not enough data,Estimated Start time: Instant-1hrSpeed: 200-500 per dayRefill: No Refund / Refill even if they drop next hour. We won't be able to help you.Minimum: 30Maximum: 18000
272,281,‚ôõ‚ù§Ô∏èüíß Twitter Views (Instant),1.50,200,900000,1 hour and 29 minutes,
273,282,‚ôõ‚ù§Ô∏èüíß Twitter Impressions (Instant),1.74,200,900000,Not enough data,
274,284,‚ôõ‚ù§Ô∏èüíß Twitter Live Views ‚ñ∫‚ñ∫[ 500 Max ] [15 Mins Time View] INSTANT,10.00,100,500,Not enough data,
275,634,‚ôõ Twitter INSTANT HQ Comments[USA] [No Refill/Refund] ‚ñ∫‚ñ∫ [Max 100] ‚≠ê‚ö°Ô∏è,46.40,15,100,Not enough data,Estimated Start time: 0-1hrsSUPER QUALITY INSTANT START!HQ USA Accounts ! No Refill / No Refund Minimum 15Maximum 100
276,635,‚ôõ Twitter INSTANT CUSTOM Comments [USA] [No Refill/Refund]‚ñ∫‚ñ∫ [Max 100] ‚≠ê‚ö°Ô∏è,65.25,15,100,Not enough data,Estimated Start time: 0-1hrsSUPER QUALITY INSTANT START!HQ USA Accounts ! No Refill / No Refund Minimum 15Maximum 100
277,636,‚ôõ Twitter Live REAL Views [INSTANT][Watchtime 15 mins]‚ñ∫‚ñ∫ [Max 1500] ‚≠ê‚ö°Ô∏è,8.70,20,2000,Not enough data,Estimated Start time: 0-1hrsINSTANT START!Real views 15 Minutes Watch Time Minimum 20Maximum 1500
278,638,‚ôõ Twitter INSTANT Poll Votes ‚ñ∫‚ñ∫[Max 9M] [Speed 100k] ‚≠ê‚ö°Ô∏è,0.87,100,9000000,Not enough data,Estimated Start time: 0-1hrsINSTANT START!Link Example: www....com?vote=ButtonNumber Minimum 100Maximum 9000000
279,639,‚ôõ Twitter INSTANT Poll Votes ‚ñ∫‚ñ∫ [Max 90M] [speed 100-500k] ‚≠ê‚ö°Ô∏è,3.48,100,90000000,Not enough data,Estimated Start time: 0-1hrsINSTANT START!Link Example: www....com?vote=ButtonNumber Minimum 100Maximum 90000000
280,775,‚ôõ Twitter INSTANT Impressions [Lifetime non drop guaranteed] [Max 80k]‚ö°Ô∏è,1.40,200,80000,Not enough data,
281,486,‚ôõ SoundCloud Fast Plays [10M]‚≠ê‚ö°Ô∏è,0.04,100,1500000,27 hours and 33 minutes,Estimated Start time: Instant-1hrs Speed: 50K - 100K Speed Per Day Refill: Lifetime Refill Guaranteed Minimum: 100 Maximum: 1500000
282,304,SoundCloud Plays [10M]‚≠ê‚ö°Ô∏è,0.02,50000,100000000,Not enough data,Estimated Start time: 0-8 hrs Speed: 100 000-1 000 000 Speed Per Day Refill: Lifetime Refill Guaranteed Minimum: 10000Maximum: 100000000000
283,487,SoundCloud Plays USA [500k] ‚≠ê‚ö°Ô∏è,0.09,10000,500000,Not enough data,Estimated Start time: Instant-1hrs Speed: 5 000-10 000 Speed Per Day Refill: Lifetime Refill Guaranteed Minimum: 1 000Maximum: 500000
284,306,SoundCloud Comments[10M] ‚ö°Ô∏è,13.05,20,1000000,Not enough data,Estimated Start time: Instant-1hrs Speed: 1-10k Speed Per Day Refill: No Refill/Refund.Even if they drop next hour. We won't be able to help you. Minimum: 20 Maximum: 1000000
285,490,‚ôõ SoundCloud Custom Comments [10K] ‚ö°Ô∏è,5.22,20,10000,Not enough data,Please don't add numbers before each comment.Estimated Start time: Instant-1hrs Speed: 500-1k Speed Per Day Minimum: 20 Maximum: 10000
286,307,SoundCloud Likes [50K]‚ö°Ô∏è‚≠ê,1.45,10,1000000,17 minutes,Estimated Start time: Instant-3hrs Speed: 1-10k Speed Per Day Minimum: 20 Maximum: 50000
287,488,‚ôõ Soundcloud USA Likes [50K] ‚ö°Ô∏è‚≠ê,1.31,5000,50000,Not enough data,Mix QualityEstimated Start time: 1-12hrs Speed: 3-6k Speed Per Day Refill: 60 Days Refill Guaranteed Minimum: 100 Maximum: 50000
288,308,Soundcloud Followers [50K]‚≠ê,1.45,100,50000,Not enough data,Estimated Start time: 2-12hrs Speed: 3k Speed Per Day Refill: No Refill/Refund.Even if they drop next hour. We won't be able to help you. Minimum: 100 Maximum: 50000
289,489,‚ôõ SoundCloud USA Followers [50K]‚ö°Ô∏è‚≠ê,1.45,100,50000,Not enough data,Mix Quality Estimated Start time: Instant-12hrs Speed: 1-5k Speed Per Day Refill: 60 Days Refill Guaranteed Minimum: 100 Maximum: 50000
290,311,Soundcloud Reposts [50K]‚≠ê,1.31,100,50000,Not enough data,Estimated Start time: 12 hrs Speed: 3k Speed Per Day Refill: No Refill/Refund.Even if they drop next hour. We won't be able to help you. Minimum: 100 Maximum: 50000
291,491,‚ôõ SoundCloud USA Reposts [50K] ‚ö°Ô∏è‚≠ê,1.31,100,50000,Not enough data,Mix QualityEstimated Start time: Instant-3hrs Speed: 3-5k Speed Per Day Refill: 60 Days Refill Guaranteed Minimum: 100 Maximum: 50000
292,313,‚ôõ Pinterest Followers [100K],2.68,25,100000,Not enough data,Estimated Start time: Instant-3hrs Speed: 1-10k Speed Per Day Minimum: 25Maximum: 100000
293,314,‚ôõ Pinterest Board Followers [250K],2.90,10,250000,Not enough data,Estimated Start time: Instant-3hrs Speed: 1-10k Speed Per Day Minimum: 10Maximum: 250000
294,315,‚ôõ Pinterest Likes [250K],2.90,25,250000,29 hours and 1 minute,Estimated Start time: Instant-3hrs Speed: 1-10k Speed Per Day Minimum: 25 Maximum: 250000
295,492,‚ôõ Pinterest Repins [75K],3.63,20,10000000,18 hours and 57 minutes,Estimated Start time: Instant-3hrs Speed: 1-10k Speed Per Day Minimum: 20 Maximum: 75000
296,340,‚ôõ LinkedIn Follower [1k]‚ö°Ô∏è‚≠ê,13.92,200,10000,Not enough data,Estimated Start time: Instant-12hrs Speed: 300-500 Speed Per Day Refill: Lifetime Refill Guaranteed Minimum: 200 Maximum: 1000
297,343,LinkedIn Post/Pulse Likes [1K]‚≠ê,51.04,50,1000000,Not enough data,Estimated Start time: 0-72hrs Speed: 100-200 Speed Per Day Refill: Lifetime Refill Guaranteed Minimum: 100 Maximum: 1000
298,344,LinkedIn Post/Pulse Shares [1K]‚≠ê,51.04,100,1000,Not enough data,Estimated Start time: 0-72hrs Speed: 100-200 Speed Per Day Refill: Lifetime Refill Guaranteed Minimum: 100 Maximum: 1000
299,338,Email/Capctha IP Votes,21.75,100,1000000,Not enough data,
300,336,Telegram Post Views [25K] [Last 5 post],0.22,100,25000,2 hours and 3 minutes,Views Will Be Added To Your Last 5 Posts Estimated Start time: Instant-12hrs Speed: 20k Speed Per Day Refill: 30 Days Refill Guaranteed Minimum: 1000 Maximum: 25000
301,319,Vimeo Views [100k] ‚ö°Ô∏è,0.87,5000,1000000,23 hours and 8 minutes,Estimated Start time: Instant-1hrs Speed: 50k Speed Per Day Refill: No Refill/Refund.Even if they drop next hour. We won't be able to help you. Minimum: 20 Maximum: 100000
302,321,Vimeo Likes [1M] ‚ö°Ô∏è,11.31,100,1000000,Not enough data,Estimated Start time: Instant-1hrs Speed: 50k Speed Per Day Refill: No Refill/Refund.Even if they drop next hour. We won't be able to help you. Minimum: 20 Maximum: 1000000
303,334,Shazam Shazams [100K] ‚ö°Ô∏è,8.70,1000,1000000,Not enough data,Estimated Start time: Instant-6hrs Speed: 5k Speed Per Day Refill: 30 Days Refill Guaranteed Minimum: 100 Maximum: 100000
304,504,Shazam Plays [500K] [Min=5K] ‚ö°Ô∏è,2.18,5000,500000,Not enough data,Estimated Start time: Instant-12hrs Speed: 2k-100k Speed Per Day Minimum: 5000 Maximum: 500000
305,509,Shazam USA Plays [500K] [Min=5K] ‚ö°Ô∏è,1.74,5000,500000,Not enough data,Estimated Start time: Instant-12hrs Speed: 2k-100k Speed Per Day Minimum: 5000 Maximum: 500000
306,529,Twitch Followers [40K max]  ‚ö°Ô∏è‚≠ê,47.85,50,40000,Not enough data,Estimated Start time: Instant-6hrs Speed: 5k-10k Speed Per Day Minimum: 50 Maximum: 40000
307,530,Twitch Followers [20K max] ‚ö°Ô∏è‚≠ê,68.88,100,20000,Not enough data,Estimated Start time: Instant-6hrs Speed: 1k-5k Speed Per Day Minimum: 50 Maximum: 20000Real Accounts
308,531,Twitch Channel Views [20K max] ‚ö°Ô∏è‚≠ê,7.25,2000,20000,Not enough data,Estimated Start time: Instant-6hrs Speed: 3k Speed Per Day Minimum: 1000 Maximum: 20000
309,528,‚ôõ Twitch Channel Views [10K max]  ‚ö°Ô∏è‚≠ê,9.42,2000,200000,Not enough data,Estimated Start time: Instant-6hrs Speed: 5k Speed Per Day Minimum: 1000 Maximum: 10000
310,316,Spotify Followers,5.80,500,100000,Not enough data,
311,403,Spotify Plays/Streams(Enter Tracks not album) - Multiples of 1 000,1.74,50000,10000000,Not enough data,*Enter track link 0-24 hour Estimated Start time300-500/day speed for small orders 10 000-20 000/day speed for bigger orders 60 Days refill guarantee
312,318,Spotify Streams,12.30,1000,200000,Not enough data,
313,821,Spotify Album Plays [Lifetime Guaranteed],1.25,10000,10000000,Not enough data,
314,822,Spotify Playlist Plays [Lifetime Warranty],1.25,25000,1000000,53 hours and 22 minutes,
315,823,Spotify Plays Fast [80-100k speed],1.40,1000,1000000,3 hours and 7 minutes,
316,532,Website Traffic From Facebook,0.32,500,1000000,1 hour and 40 minutes,Estimated Start time: Instant-1hrs Speed: 5k-10k Speed Per Day Minimum: 100 Maximum: 1000000Real People Google Analytics Supported AdSense Safe
317,533,Website Traffic From Twitter,0.32,500,1000000,1 hour and 18 minutes,Estimated Start time: Instant-1hrs Speed: 5k-10k Speed Per Day Minimum: 100 Maximum: 1000000Real People Google Analytics Supported AdSense Safe
318,534,Website Traffic From Instagram,0.32,500,1000000,Not enough data,Estimated Start time: Instant-1hrs Speed: 5k-10k Speed Per Day Minimum: 100 Maximum: 1000000Real People Google Analytics Supported AdSense Safe
319,535,Website Traffic From Youtube,0.32,500,1000000,Not enough data,Estimated Start time: Instant-1hrs Speed: 5k-10k Speed Per Day Minimum: 100 Maximum: 1000000Real People Google Analytics Supported AdSense Safe
320,536,Website Traffic From Google,0.32,500,1000000,1 hour and 15 minutes,Estimated Start time: Instant-1hrs Speed: 5k-10k Speed Per Day Minimum: 100 Maximum: 1000000Real People Google Analytics Supported AdSense Safe
321,537,Website Traffic From VK.com,0.87,100,1000000,157 hours and 11 minutes,Estimated Start time: Instant-1hrs Speed: 5k-10k Speed Per Day Minimum: 100 Maximum: 1000000Real People Google Analytics Supported AdSense Safe
322,538,Website Traffic From Reddit,0.32,500,1000000,Not enough data,Estimated Start time: Instant-1hrs Speed: 5k-10k Speed Per Day Minimum: 100 Maximum: 1000000Real People Google Analytics Supported AdSense Safe
323,539,Website Traffic From Linkedin,0.87,100,1000000,55 minutes,Estimated Start time: Instant-1hrs Speed: 5k-10k Speed Per Day Minimum: 100 Maximum: 1000000Real People Google Analytics Supported AdSense Safe
324,540,Website Traffic From Tumblr,0.32,500,1000000,25 minutes,Estimated Start time: Instant-1hrs Speed: 5k-10k Speed Per Day Minimum: 100 Maximum: 1000000Real People Google Analytics Supported AdSense Safe
325,541,Website Traffic From Yahoo,0.87,100,1000000,Not enough data,Estimated Start time: Instant-1hrs Speed: 5k-10k Speed Per Day Minimum: 100 Maximum: 1000000Real People Google Analytics Supported AdSense Safe
326,542,Website Traffic From Amazon,0.87,100,1000000,Not enough data,Estimated Start time: Instant-1hrs Speed: 5k-10k Speed Per Day Minimum: 100 Maximum: 1000000Real People Google Analytics Supported AdSense Safe
327,543,Website Traffic From Wikipedia,0.87,100,1000000,Not enough data,Estimated Start time: Instant-1hrs Speed: 5k-10k Speed Per Day Minimum: 100 Maximum: 1000000Real People Google Analytics Supported AdSense Safe
328,544,Website Traffic From Yandex.ru,0.87,100,1000000,Not enough data,Estimated Start time: Instant-1hrs Speed: 5k-10k Speed Per Day Minimum: 100 Maximum: 1000000Real People Google Analytics Supported AdSense Safe
329,545,Website Traffic From Netflix,0.87,100,1000000,Not enough data,Estimated Start time: Instant-1hrs Speed: 5k-10k Speed Per Day Minimum: 100 Maximum: 1000000Real People Google Analytics Supported AdSense Safe
330,546,Website Traffic From Twitch.TV,0.87,100,1000000,Not enough data,Estimated Start time: Instant-1hrs Speed: 5k-10k Speed Per Day Minimum: 100 Maximum: 1000000Real People Google Analytics Supported AdSense Safe
331,547,Website Traffic From BuySellAds.com,0.87,100,1000000,Not enough data,Estimated Start time: Instant-1hrs Speed: 5k-10k Speed Per Day Minimum: 100 Maximum: 1000000Real People Google Analytics Supported AdSense Safe
332,696,‚ôõ Website Traffic [REAL visitors]‚ñ∫‚ñ∫[Google Analytics Supported] [Max 200K]‚≠ê,0.18,500,1000000,1 hour and 21 minutes,Real & Unique VisitorsSpeed 50K / Day Desktop Traffic - Direct VisitsGoogle Analytics SupportedYou can use bit.ly to track resultsNo Adult Drugs or other harmful websites allowed‚ö† Campaign ETA: 0-12h‚òë Link Format: Full Website URL
333,285,Real - International Website Visitors [ Instant ],0.87,800,1000000,1 hour and 55 minutes,No Adfly / Linkshrink / EtcYou Can Use Goo.gl To See The Traffic Estimated Start time: 0-1hrsGoogle Organic Real Speed: 1K - 2K per day Minimum - 100Maximum - 1M
334,286,Real - USA Website Visitors [ Instant ],1.30,500,1000000,Not enough data,No Adfly / Linkshrink / EtcYou Can Use Goo.gl To See The Traffic Estimated Start time: 0-1hrsGoogle Organic Real Speed: 1K - 2K per day Minimum - 1000Maximum - 1M
335,287,Real - India Website Visitors [ Instant ],1.30,1000,1000000,Not enough data,No Adfly / Linkshrink / EtcYou Can Use Goo.gl To See The Traffic Estimated Start time: 0-1hrsGoogle Organic Real Speed: 1K - 2K per day Minimum - 1000Maximum - 1M
336,291,Real - Italy Website Visitors [ Instant ],1.30,500,1000000,Not enough data,No Adfly / Linkshrink / EtcYou Can Use Goo.gl To See The Traffic Estimated Start time: 0-1hrsGoogle Organic Real Speed: 1K - 2K per day Minimum - 100Maximum - 1M
337,697,‚ôõ Website INSTANT USA Traffic [From Google]‚ñ∫‚ñ∫[REAL USER] [Max 90K] ‚≠ê‚ö°Ô∏è,0.53,500,1000000,10 hours and 6 minutes,Estimated Start Time: 0-1 hrINSTANT START !REAL USERSUSA ACCOUNTSNo Adfly / Linkshrink / Etc...You Can Use Bit.ly To See The TrafficGoogle OrganicSPEED: 1K-2K per DayMinimum 500Maximum 90000
338,698,‚ôõ Website INSTANT GERMAN Traffic [From Google]‚ñ∫‚ñ∫[REAL USER] [Max 45K] ‚≠ê‚ö°Ô∏è,0.53,500,1000000,Not enough data,Estimated Start Time: 0-1 hrINSTANT START !REAL USERSGERMAN ACCOUNTSNo Adfly / Linkshrink / Etc...You Can Use Bit.ly To See The TrafficGoogle OrganicSPEED: 1K-2K per DayMinimum 500Maximum 45000
339,699,‚ôõ Website INSTANT ENGLISH [UK] Traffic [From Google]‚ñ∫‚ñ∫[REAL USER] [Max 45K] ‚≠ê‚ö°Ô∏è,0.61,500,1000000,31 hours and 5 minutes,Estimated Start Time: 0-1 hrINSTANT START !REAL USERSUK ACCOUNTSNo Adfly / Linkshrink / Etc...You Can Use Bit.ly To See The TrafficGoogle OrganicSPEED: 1K-2K per DayMinimum 500Maximum 45000
340,700,‚ôõ Website INSTANT FRENCH Traffic [From Google]‚ñ∫‚ñ∫[REAL USER] [Max 15K] ‚≠ê‚ö°Ô∏è,0.53,500,1000000,Not enough data,Estimated Start Time: 0-1 hrINSTANT START !REAL USERSFRANCE ACCOUNTSNo Adfly / Linkshrink / Etc...You Can Use Bit.ly To See The TrafficGoogle OrganicSPEED: 1K-2K per DayMinimum 500Maximum 15000
341,701,‚ôõ Website INSTANT INDIAN Traffic [From Google]‚ñ∫‚ñ∫[REAL USER] [Max 90K] ‚≠ê‚ö°Ô∏è,0.53,500,1000000,28 minutes,Estimated Start Time: 0-1 hrINSTANT START !REAL USERSINDIA ACCOUNTSNo Adfly / Linkshrink / Etc...You Can Use Bit.ly To See The TrafficGoogle OrganicSPEED: 1K-2K per DayMinimum 500Maximum 90000
342,702,‚ôõ Website INSTANT CANADIAN Traffic [From Google]‚ñ∫‚ñ∫[REAL USER] [Max 45K] ‚≠ê‚ö°Ô∏è,0.53,500,1000000,Not enough data,Estimated Start Time: 0-1 hrINSTANT START !REAL USERSCANADA ACCOUNTSNo Adfly / Linkshrink / Etc...You Can Use Bit.ly To See The TrafficGoogle OrganicSPEED: 1K-2K per DayMinimum 500Maximum 45000
343,703,‚ôõ Website INSTANT BRAZILIAN Traffic [From Google]‚ñ∫‚ñ∫[REAL USER] [Max 45K] ‚≠ê‚ö°Ô∏è,0.53,500,1000000,Not enough data,Estimated Start Time: 0-1 hrINSTANT START !REAL USERSBRAZIL ACCOUNTSNo Adfly / Linkshrink / Etc...You Can Use Bit.ly To See The TrafficGoogle OrganicSPEED: 1K-2K per DayMinimum 500Maximum 45000
344,705,‚ôõ Website INSTANT INDONESIAN Traffic [From Google]‚ñ∫‚ñ∫[REAL USER] [Max 45K] ‚≠ê‚ö°Ô∏è,0.53,500,1000000,Not enough data,Estimated Start Time: 0-1 hrINSTANT START !REAL USERSINDONESIA ACCOUNTSNo Adfly / Linkshrink / Etc...You Can Use Bit.ly To See The TrafficGoogle OrganicSPEED: 1K-2K per DayMinimum 500Maximum 45000
345,706,‚ôõ Website INSTANT RUSSIAN Traffic [From Google]‚ñ∫‚ñ∫[REAL USER] [Max 45K] ‚≠ê‚ö°Ô∏è,0.53,500,1000000,Not enough data,Estimated Start Time: 0-1 hrINSTANT START !REAL USERSRUSSIA ACCOUNTSNo Adfly / Linkshrink / Etc...You Can Use Bit.ly To See The TrafficGoogle OrganicSPEED: 1K-2K per DayMinimum 500Maximum 45000
346,707,‚ôõ Website INSTANT UKRAINIAN Traffic [From Google]‚ñ∫‚ñ∫[REAL USER] [Max 15K] ‚≠ê‚ö°Ô∏è,0.53,500,1000000,Not enough data,Estimated Start Time: 0-1 hrINSTANT START !REAL USERSUKRAIN ACCOUNTSNo Adfly / Linkshrink / Etc...You Can Use Bit.ly To See The TrafficGoogle OrganicSPEED: 1K-2K per DayMinimum 500Maximum 15000
347,708,‚ôõ Website INSTANT MEXICAN Traffic [From Google]‚ñ∫‚ñ∫[REAL USER] [Max 45K] ‚≠ê‚ö°Ô∏è,0.53,500,1000000,Not enough data,Estimated Start Time: 0-1 hrINSTANT START !REAL USERSMEXICO ACCOUNTSNo Adfly / Linkshrink / Etc...You Can Use Bit.ly To See The TrafficGoogle OrganicSPEED: 1K-2K per DayMinimum 500Maximum 45000
348,710,‚ôõ Website INSTANT VIETNAMESE Traffic [From Google]‚ñ∫‚ñ∫[REAL USER] [Max 15K] ‚≠ê‚ö°Ô∏è,0.53,500,1000000,1 hour and 8 minutes,Estimated Start Time: 0-1 hrINSTANT START !REAL USERSVIETNAM ACCOUNTSNo Adfly / Linkshrink / Etc...You Can Use Bit.ly To See The TrafficGoogle OrganicSPEED: 1K-2K per DayMinimum 500Maximum 15000
349,711,‚ôõ Website INSTANT ITALIAN Traffic [From Google]‚ñ∫‚ñ∫[REAL USER] [Max 45K] ‚≠ê‚ö°Ô∏è,0.53,500,1000000,Not enough data,Estimated Start Time: 0-1 hrINSTANT START !REAL USERSITALY ACCOUNTSNo Adfly / Linkshrink / Etc...You Can Use Bit.ly To See The TrafficGoogle OrganicSPEED: 1K-2K per DayMinimum 500Maximum 45000
350,712,‚ôõ Website INSTANT DUTCH [ NETHERLANDS ] Traffic [From Google]‚ñ∫‚ñ∫[REAL USER] [Max 45K] ‚≠ê‚ö°Ô∏è,0.53,500,1000000,Not enough data,Estimated Start Time: 0-1 hrINSTANT START !REAL USERSNETHERLANDS ACCOUNTSNo Adfly / Linkshrink / Etc...You Can Use Bit.ly To See The TrafficGoogle OrganicSPEED: 1K-2K per DayMinimum 500Maximum 45000
351,713,‚ôõ Website INSTANT POLISH Traffic [From Google]‚ñ∫‚ñ∫[REAL USER] [Max 45K] ‚≠ê‚ö°Ô∏è,0.53,500,1000000,Not enough data,Estimated Start Time: 0-1 hrINSTANT START !REAL USERSPOLAND ACCOUNTSNo Adfly / Linkshrink / Etc...You Can Use Bit.ly To See The TrafficGoogle OrganicSPEED: 1K-2K per DayMinimum 500Maximum 45000
352,714,‚ôõ Website INSTANT SPANISH Traffic [From Google]‚ñ∫‚ñ∫[REAL USER] [Max 45K] ‚≠ê‚ö°Ô∏è,0.53,500,1000000,12 hours and 34 minutes,Estimated Start Time: 0-1 hrINSTANT START !REAL USERSSPAIN ACCOUNTSNo Adfly / Linkshrink / Etc...You Can Use Bit.ly To See The TrafficGoogle OrganicSPEED: 1K-2K per DayMinimum 500Maximum 45000
353,715,‚ôõ Website INSTANT TURKISH Traffic [From Google]‚ñ∫‚ñ∫[REAL USER] [Max 45K] ‚≠ê‚ö°Ô∏è,0.53,500,1000000,9 hours and 23 minutes,Estimated Start Time: 0-1 hrINSTANT START !REAL USERSTURKEY ACCOUNTSNo Adfly / Linkshrink / Etc...You Can Use Bit.ly To See The TrafficGoogle OrganicSPEED: 1K-2K per DayMinimum 500Maximum 45000
354,717,‚ôõ Website INSTANT CHINESE Traffic [From Google]‚ñ∫‚ñ∫[REAL USER] [Max 90K] ‚≠ê‚ö°Ô∏è,0.53,500,1000000,Not enough data,Estimated Start Time: 0-1 hrINSTANT START !REAL USERSCHINA ACCOUNTSNo Adfly / Linkshrink / Etc...You Can Use Bit.ly To See The TrafficGoogle OrganicSPEED: 1K-2K per DayMinimum 500Maximum 90000
355,718,‚ôõ Website INSTANT SINGAPOREAN Traffic [From Google]‚ñ∫‚ñ∫[REAL USER] [Max 45K] ‚≠ê‚ö°Ô∏è,0.53,500,1000000,Not enough data,Estimated Start Time: 0-1 hrINSTANT START !REAL USERSSINGAPORE ACCOUNTSNo Adfly / Linkshrink / Etc...You Can Use Bit.ly To See The TrafficGoogle OrganicSPEED: 1K-2K per DayMinimum 500Maximum 45000
356,719,‚ôõ Website INSTANT TAIWANESE Traffic [From Google]‚ñ∫‚ñ∫[REAL USER] [Max 45K] ‚≠ê‚ö°Ô∏è,0.53,500,1000000,Not enough data,Estimated Start Time: 0-1 hrINSTANT START !REAL USERSTAIWAN ACCOUNTSNo Adfly / Linkshrink / Etc...You Can Use Bit.ly To See The TrafficGoogle OrganicSPEED: 1K-2K per DayMinimum 500Maximum 45000
357,720,‚ôõ Website INSTANT THAI Traffic [From Google]‚ñ∫‚ñ∫[REAL USER] [Max 45K] ‚≠ê‚ö°Ô∏è,0.53,500,1000000,Not enough data,Estimated Start Time: 0-1 hrINSTANT START !REAL USERSTHAILAND ACCOUNTSNo Adfly / Linkshrink / Etc...You Can Use Bit.ly To See The TrafficGoogle OrganicSPEED: 1K-2K per DayMinimum 500Maximum 45000
358,721,‚ôõ Website INSTANT JAPANESE Traffic [From Google]‚ñ∫‚ñ∫[REAL USER] [Max 45K] ‚≠ê‚ö°Ô∏è,0.53,500,1000000,Not enough data,Estimated Start Time: 0-1 hrINSTANT START !REAL USERSJAPAN ACCOUNTSNo Adfly / Linkshrink / Etc...You Can Use Bit.ly To See The TrafficGoogle OrganicSPEED: 1K-2K per DayMinimum 500Maximum 45000
359,723,‚ôõ Website INSTANT PAKISTANI Traffic [From Google]‚ñ∫‚ñ∫[REAL USER] [Max 45K] ‚≠ê‚ö°Ô∏è,0.53,500,1000000,Not enough data,Estimated Start Time: 0-1 hrINSTANT START !REAL USERSPAKISTAN ACCOUNTSNo Adfly / Linkshrink / Etc...You Can Use Bit.ly To See The TrafficGoogle OrganicSPEED: 1K-2K per DayMinimum 500Maximum 45000
360,724,‚ôõ Website INSTANT EGYPTIAN Traffic [From Google]‚ñ∫‚ñ∫[REAL USER] [Max 45K] ‚≠ê‚ö°Ô∏è,0.53,500,1000000,Not enough data,Estimated Start Time: 0-1 hrINSTANT START !REAL USERSEGYPT ACCOUNTSNo Adfly / Linkshrink / Etc...You Can Use Bit.ly To See The TrafficGoogle OrganicSPEED: 1K-2K per DayMinimum 500Maximum 45000
361,781,‚ôõ Tik Tok INSTANT HQ views [Speed 40k/day] [Max 4M]‚ö°Ô∏è,0.06,1000,500000,4 minutes,Estimated Start time: INSTANT-4 hrsHIGH QUALITYSpeed: 40k per dayRefill: No Refund / Refill even if they drop next hour. We won't be able to help you. Minimum: 1500Maximum: 4000000- Provide Selected video link
362,782,‚ôõ Tik Tok FAST views [Speed 40k/day] [Max 800k],0.05,100,1000000,1 minute,Estimated Start time: 0-48 hrsSpeed: 40k per dayRefill: No Refund / Refill even if they drop next hour. We won't be able to help you. Minimum: 1500Maximum: 800000-Provide Selected video link
363,783,‚ôõ Tik Tok Likes [NO Refill/Refund] [Speed 3-4k/day] [Max 40k],6.53,20,30000,2 hours and 18 minutes,Estimated Start time: 0-48 hrsSpeed: 3-4k per dayRefill: No Refund / Refill even if they drop next hour. We won't be able to help you. Minimum: 100Maximum: 40000- Provide Selected VIDEO LINK
364,784,‚ôõ Tik Tok FOLLOWERS [30 Days Refill guarantee] [Max 400k],6.53,20,30000,Not enough data,Estimated Start time:0-48 hrsSpeed: 4-5k per dayRefill: 30 Days Refill Guarantee Minimum: 100Maximum: 400000- Provide Selected PROFILE LINK
365,785,‚ôõ Tik Tok INSTANT FOLLOWERS [30 Days Refill guarantee] [Max 100k]‚ö°Ô∏è,8.99,15,20000,Not enough data,Estimated Start time: INSTANT-12 hrsSpeed: 2-3k per dayRefill: 30 Days Refill Guarantee Minimum: 100Maximum: 100000- Provide Selected PROFILE LINK
366,1182,Podcast Downloads [World Wide  All Episodes] [5m Max],3.83,5000,5000000,Not enough data,
367,1188,Podcast Stream [All Episodes] [WW] [5m Max],6.27,1000,500000,Not enough data,
