,ID,Name,Price Per 1000,Min,Max,Average Time ,Description
0,336,Instagram Followers [5K] [1H - 1K/D] ,                                                                                                         $3.40                                                 ,10,5000,Not Enough Data,âš¡ï¸ Start 1 hours ğŸš€ 5K per day âŒ NO REFILL Drop 20% â¬‡ï¸ Full Link
1,402,Instagram Followers [3K] [1H - 1K/D],                                                                                                         $5.10                                                 ,50,6000,Not Enough Data,âš¡ï¸ Start 0-1 hour ğŸš€ 1K per day âŒ NO REFILL â¬‡ï¸ Full Link
2,399,Instagram Followers [250K] [12H - 10K/Day - R20]â™»,                                                                                                         $7.00                                                 ,100,250000,Not Enough Data,âš¡ï¸ Starts 0-12 hours ğŸš€ 10K per day âœ… REFILL (30 Days) â¬‡ï¸ Full Link
3,400,Instagram Followers [100K] [6H -500/D - R15] â™»ğŸ”¥,                                                                                                         $6.00                                                 ,25,100000,Not Enough Data,âš¡ï¸ Starts 0-6 hours ğŸš€ 500 per day âœ… REFILL (15 Days) â¬‡ï¸ Full Link
4,407,Instagram Followers [100K] [6H - 15K/Day - R30] â™»,                                                                                                         $6.85                                                 ,100,100000,Not Enough Data,âš¡ï¸ Starts 0-6 hours ğŸš€ 15K per day âœ… REFILL (30 Days) â¬‡ï¸ Full Link
5,35,Instagram Followers [12K] [3H - 1K/D] [R30]ğŸ”¥â­ï¸,                                                                                                         $5.00                                                 ,20,12000,Not Enough Data,âš¡ï¸ Starts 0-3 hours ğŸš€ 1K per day âŒ NO REFILL â¬‡ï¸ Full Link
6,430,Instagram Followers [1K] [RUSSIA - 1H - 1K/D],                                                                                                         $4.1114                                                 ,10,1000,Not Enough Data,Instagram Followers [1K] [RUSSIA - 1H - 1K/D]
7,353,Instagram Likes [30K] [INSTANT - 10K/D] ğŸ”¥ğŸ”¥âš¡âš¡,                                                                                                         $2.10                                                 ,20,80000,Not Enough Data,âš¡ï¸ Start INSTANT (sometimes can up to 8 hours) ğŸš€ 20K per day âŒ NO REFILL â¬‡ï¸ Full Link
8,358,Instagram Likes [100K] [1H - 10K/D] [LQ]âš¡ï¸,                                                                                                         $0.91                                                 ,10,100000,Not Enough Data,âš¡ï¸ Start 1 Hour ğŸš€ 10K per day âŒ NO REFILL â¬‡ï¸ Full Link
9,417,Instagram Likes [30K] [INSTANT - 10K/D] [MQ] ğŸ”¥,                                                                                                         $2.0785                                                 ,10,30000,Not Enough Data,âš¡ï¸ Starts INSTANT ğŸš€ 10K per day âŒ NO REFILL â¬‡ï¸ POST LINK
10,420,Instagram Likes [1K] [1H - 1K/D],                                                                                                         $1.0282                                                 ,20,1000,Not Enough Data,âš¡ï¸ Starts 0-1 hour ğŸš€ 10K per day âŒ NO REFILL â¬‡ï¸ POST LINK
11,331,Instagram Likes [10K] [1H - 10K/D] [HQ]ğŸ”¥ ,                                                                                                         $2.20                                                 ,50,10000,Not Enough Data,âš¡ï¸ Start 1H ğŸš€ 10K per day âŒ NO REFILL HIGH QUALITY - REAL â¬‡ï¸ Full Link
12,23,Instagram Views + Impressions + PV [1.5M] [1H - 10K/D] ğŸ’§ğŸ”¥,                                                                                                         $0.18                                                 ,500,1500000,Not Enough Data,ğŸ”¥ INSTANT! ğŸš€ 10K per day âœ… Real Views with Impressions & Profile Visits â¬‡ï¸ Full Link
13,24,Instagram Views [3M] [6H - 1M/D][REAL] â­,                                                                                                         $0.1125                                                 ,500,3000000,Not Enough Data,âš¡ï¸ Start 0-1 Hour âœ… Real Views with Impressions & Profile Visits â¬‡ï¸ Full Link
14,25,Instagram Views [999K] [1H - 30K/D] ğŸ”¥ğŸ’§â­,                                                                                                         $0.10                                                 ,20,999000,Not Enough Data,ğŸ”¥ INSTANT! ğŸš€ 20-30K per day â¬‡ï¸ Full Link
15,26,Instagram Views + Impressions [10M] [EXPLORE - HOME - LOCATION - PROFILE] â­,                                                                                                         $0.1125                                                 ,500,10000000,Not Enough Data,âš¡ï¸ Starts 0-1 Hours ğŸ’§ Slow â¬‡ï¸ Full Link
16,27,Instagram Views + Impressions [2M] [FROM EXPLORE] ,                                                                                                         $0.06                                                 ,100,2000000,Not Enough Data,ğŸ”¥ INSTANT! âŒ NO REFILL â¬‡ï¸ Full Link
17,28,Instagram Views + Impressions [2M] [FROM LOCATION],                                                                                                         $0.06                                                 ,100,2000000,Not Enough Data,ğŸ”¥ INSTANT! âŒ NO REFILL â¬‡ï¸ Full Link
18,29,Instagram Views + Impressions [2M] [FROM HOME],                                                                                                         $0.06                                                 ,100,2000000,Not Enough Data,ğŸ”¥ INSTANT! âŒ NO REFILL â¬‡ï¸ Full Link
19,30,Instagram Views [80K] [1H - 30K/D] [ARAB] âš¡ï¸ğŸ’§,                                                                                                         $0.30                                                 ,100,80000,Not Enough Data,ğŸ”¥ INSTANT! ğŸ’§ 20-30K per day âŒ NO REFILL â¬‡ï¸ Full Link
20,31,Instagram Views [55K] [1H - 30K/D] [USA] âš¡ï¸ğŸ’§,                                                                                                         $0.30                                                 ,100,55000,Not Enough Data,ğŸ”¥ INSTANT! ğŸ’§ 20-30K per day âŒ NO REFILL â¬‡ï¸ Full Link
21,32,Instagram Views [55K] [1H - 30K/D] [UK] âš¡ï¸ğŸ’§,                                                                                                         $0.30                                                 ,100,55000,Not Enough Data,ğŸ”¥ INSTANT! ğŸ’§ 20-30K per day âŒ NO REFILL â¬‡ï¸ Full Link
22,414,Instagram Comments [RANDOM] [1K] [INSTANT - 1K/D],                                                                                                         $30.00                                                 ,5,1000,Not Enough Data,âš¡ï¸ Starts 3 hours ğŸš€ 5K per day âŒ NO REFILL â¬‡ï¸ Full Link
23,61,Instagram Story Views [20K] [ALL - 1H - 20K/D] ,                                                                                                         $3.52                                                 ,100,20000,Not Enough Data,âš¡ï¸ Start 0-1 hours ğŸš€ 20K per day âŒ NO REFILL âš ï¸ Your order may get partial. If so please re-order â¬‡ï¸ FULL LINK PROFILE
24,65,Instagram Impressions [20M] [EXPLORE - HOME - LOCATION - PROFILE - 12H - 100K/D],                                                                                                         $0.15                                                 ,100,20000000,Not Enough Data,âš¡ï¸ Start 12 hours ğŸš€ 100K per day âŒ NO REFILL â¬‡ï¸ Full Link
25,66,Instagram Impressions + Profile Visit + Discover [100K] [1H - 10K/D],                                                                                                         $0.96                                                 ,250,5000,Not Enough Data,âš¡ï¸ Start 0-1 hours ğŸš€ 10K per day âŒ NO REFILL â¬‡ï¸ Full Link
26,67,Instagram Photo/Video Reach [100K] [1H - 10K/D],                                                                                                         $1.20                                                 ,100,100000,Not Enough Data,âš¡ï¸ Start 0-1 hours ğŸš€ 10K per day âŒ NO REFILL â¬‡ï¸ Full Link
27,68,Instagram Saves [50K] [1H - 50K/D] â­ï¸,                                                                                                         $0.09                                                 ,100,50000,Not Enough Data,âš¡ï¸ Start 0-1 hours ğŸš€ 50K per day âŒ NO REFILL â¬‡ï¸ Post Link
28,69,Instagram Hightlights Views [20K] [1H - 20K/D],                                                                                                         $1.90                                                 ,20,20000,Not Enough Data,âš¡ï¸ Start 0-1 hours ğŸš€ 20K per day âŒ NO REFILL â¬‡ï¸ Full Link
29,70,Instagram Engagement [6H - NICHE RELATED],                                                                                                         $1440.00                                                 ,1,100,Not Enough Data,âš¡ï¸ Start 6 hours âŒ NO REFILL â–¶ï¸ You Will Get Follow + Like + Comment + Save + Impression + Reach ONLY if your account has good content and matches the niche of our accounts Follow Rate Approx. 30% â¬‡ï¸ Full Link
30,71,Instagram Engagement [6H - NICHE RELATED - CUSTOM],                                                                                                         $2300.00                                                 ,1,20,Not Enough Data,âš¡ï¸ Start 6 hours âŒ NO REFILL â–¶ï¸ You Will Get Follow + Like + Custom Comment + Save + Impression + Reach ONLY if your account has good content and matches the niche of our accounts Follow Rate Approx. 30% â¬‡ï¸ Full Link
31,423,Instagram Profile Visits / Views [20K] [6H - 20K/Day],                                                                                                         $0.3429                                                 ,1000,100000,Not Enough Data,âš¡ï¸ Start 0-6 hours ğŸš€ 20K per day âŒ NO REFILL NO INSTAGRAM STORIES JUST PROFILE VISITS. â¬‡ï¸ FULL LINK PROFILE
32,60,Instagram TV Mentions [20K] [CUSTOM LIST - 24H - 5K/D],                                                                                                         $1.90                                                 ,3000,20000,Not Enough Data,âš¡ï¸ Start 24 hours ğŸš€ 5K per day âŒ NO REFILL â¬‡ï¸ The Link Of Your IGTV Post â¬‡ï¸ The Usernames of the people you would like to mention 
33,428,Instagram TV View [5M] [6H - 1K/D],                                                                                                         $0.0773                                                 ,200,1000000,Not Enough Data,âš¡ï¸ Start 6hours ğŸš€ 1K per day âŒ NO REFILL â¬‡ï¸ The Link Of Your IGTV Post
34,403,Facebook Post Likes [10K] [1H - 5K/D] ğŸ’§,                                                                                                         $5.0914                                                 ,50,10000,Not Enough Data,âš¡ï¸ Start 3 hours ğŸš€ 5K per day âŒ NO REFILL â¬‡ï¸ Full Post Link
35,404,Facebook Post Likes [15K] [R14] [INSTANT - 2K/Day] âš¡ğŸ’§â­,                                                                                                         $6.72                                                 ,100,10000,Not Enough Data,âš¡ï¸ Start 1 hours ğŸš€ 2K per day âœ… REFILL (14 Days) â¬‡ï¸ Full Post Link
36,426,Facebook Page Likes [500] [6H - 50/D],                                                                                                         $9.00                                                 ,20,500,Not Enough Data,âš¡ï¸ Start 0-6 hour ğŸš€ 500 per day âŒ NO REFILL â¬‡ï¸ Full Link
37,386,Facebook Page Likes [20K] [3H - 5K/D - R20],                                                                                                         $15.1784                                                 ,100,20000,Not Enough Data,âš¡ï¸ Start 3 hours ğŸš€ 5K per day âœ… REFILL (20 Days) â¬‡ï¸ Full Link
38,104,Facebook Male Comments [400] [3H - RANDOM],                                                                                                         $67.8462                                                 ,15,100,Not Enough Data,âš¡ï¸ Start 3 hours âŒ NO REFILL â¬‡ï¸ Full Link
39,105,Facebook Female Comments [400] [3H - RANDOM],                                                                                                         $67.8462                                                 ,15,100,Not Enough Data,âš¡ï¸ Start 3 hours âŒ NO REFILL â¬‡ï¸ Full Link
40,106,Facebook Male Comments [400] [3H - CUSTOM],                                                                                                         $97.50                                                 ,15,100,Not Enough Data,âš¡ï¸ Start 3 hours âŒ NO REFILL â¬‡ï¸ Full Link
41,107,Facebook Female Comments [400] [3H - CUSTOM],                                                                                                         $97.50                                                 ,15,100,Not Enough Data,âš¡ï¸ Start 3 hours âŒ NO REFILL â¬‡ï¸ Full Link
42,120,Facebook Video Views [1M] [3H - 500K/D,                                                                                                         $0.17                                                 ,100,1000000,Not Enough Data,âš¡ï¸ Start 3 hours ğŸš€ 500K per day âŒ NO REFILL â¬‡ï¸ Full Link
43,121,Facebook Video Views [100K] [1H - 4K/D]ğŸ’§â­,                                                                                                         $0.1846                                                 ,5000,1000000000,Not Enough Data,âš¡ï¸ Start 1 hour ğŸš€ 4K per day âŒ NO REFILL â¬‡ï¸ Full Link
44,122,Facebook Live Stream Views [1K] [1H - 30' - 1K/D],                                                                                                         $14.25                                                 ,100,500,Not Enough Data,ğŸ”¥ INSTANT! âŒ NO REFILL â¬‡ï¸ Full Link
45,123,Facebook Live Stream Views [1K]  [1H - 60' - 1K/D],                                                                                                         $27.90                                                 ,100,500,Not Enough Data,ğŸ”¥ INSTANT! âŒ NO REFILL â¬‡ï¸ Full Link
46,124,Facebook Live Stream Views [1K]  [1H - 90' - 1K/D],                                                                                                         $43.20                                                 ,100,500,Not Enough Data,ğŸ”¥ INSTANT! âŒ NO REFILL â¬‡ï¸ Full Link
47,126,Facebook Live Stream Views [1K] [1H - 150' - 1K/D],                                                                                                         $98.00                                                 ,100,1000,Not Enough Data,ğŸ”¥ INSTANT! âŒ NO REFILL â¬‡ï¸ Full Link
48,129,Facebook Live Stream Views [1K]  [1H - 300' - 1K/D],                                                                                                         $190.00                                                 ,100,1000,Not Enough Data,ğŸ”¥ INSTANT! âŒ NO REFILL â¬‡ï¸ Full Link
49,130,Facebook Monetizable Video Views [1M]  [1H - 1'/2' - 100K/D] ğŸ’§â­,                                                                                                         $1.00                                                 ,10000,10000000,Not Enough Data,ğŸ”¥ INSTANT! ğŸš€ 100K per day ğŸ’¸ Monetizable âŒ NO REFILL â¬‡ï¸ Full Link
50,131,Facebook Monetizable Video Views [1M]  [1H - 2'/30' - 100K/D] ğŸ’§â­,                                                                                                         $1.71                                                 ,10000,10000000,Not Enough Data,ğŸ”¥ INSTANT! ğŸš€ 100K per day ğŸ’¸ Monetizable âŒ NO REFILL â¬‡ï¸ Full Link
51,132,Facebook Monetizable Video Views [1M]  [1H - 30'/60' - 100K/D] ğŸ’§â­,                                                                                                         $4.416                                                 ,10000,10000000,Not Enough Data,ğŸ”¥ INSTANT! ğŸš€ 100K per day ğŸ’¸ Monetizable âŒ NO REFILL â¬‡ï¸ Full Link
52,133,Facebook Monetizable Video Views [1M] [1H - 60'/180' - 100K/D] ğŸ’§â­,                                                                                                         $5.76                                                 ,10000,10000000,Not Enough Data,ğŸ”¥ INSTANT! ğŸš€ 100K per day ğŸ’¸ Monetizable âŒ NO REFILL â¬‡ï¸ Full Link
53,425,Twitter Followers [4K] [6H - 100/D - R30],                                                                                                         $7.95                                                 ,100,4000,Not Enough Data,âš¡ï¸ Start 0-6 hour ğŸš€ 100 per day âœ… REFILL (30 Days) â¬‡ï¸ Full Link
54,272,Twitter Retweets [100K] [R30] [ARAB - 6H START],                                                                                                         $39.375                                                 ,20,1,Not Enough Data,âš¡ï¸ Start 6 hours âœ… REFILL (30 Days) â¬‡ï¸ TWEET LINK
55,136,Twitter Retweets [500K] [1H - 5K/D],                                                                                                         $12.00                                                 ,20,500000,Not Enough Data,âš¡ï¸ Start 1 hours ğŸš€ 5K per day âŒ NO REFILL â¬‡ï¸ Full Link
56,137,Twitter Likes [500K] [1H - 5K/D] â¤ï¸,                                                                                                         $7.20                                                 ,20,500000,Not Enough Data,âš¡ï¸ Start 1 hours ğŸš€ 5K per day âŒ NO REFILL â¬‡ï¸ Full Link
57,138,Twitter Views [1M] [1H - 10-100K/D]ğŸ’§â­,                                                                                                         $0.80                                                 ,100,1000000,Not Enough Data,âš¡ï¸ Start 1 hour ğŸš€ 10-100K per day âœ… REFILL (30 Days) â¬‡ï¸ Full Link
58,139,Twitter Impressions [1M] [1H - 10-100K/D]ğŸ’§â­,                                                                                                         $1.60                                                 ,100,1000000,Not Enough Data,âš¡ï¸ Start 1 hour ğŸš€ 10-100K per day âœ… REFILL (30 Days) â¬‡ï¸ Full Link
59,140,Twitter Live Video Views [2K] [1H - 15'],                                                                                                         $9.60                                                 ,20,2000,Not Enough Data,ğŸ”¥ INSTANT! ğŸš€ 2K per day ğŸ‘ 15 Minutes Watch Time âŒ NO REFILL â¬‡ï¸ Full Link
60,141,Twitter Comments [100] [1H - RANDOM - 100/D],                                                                                                         $52.65                                                 ,10,100,Not Enough Data,âš¡ï¸ Start 1 hours ğŸš€ 100 per day âŒ NO REFILL â¬‡ï¸ Full Link
61,142,Twitter Comments [100] [1H - CUSTOM - 100/D],                                                                                                         $71.04                                                 ,10,100,Not Enough Data,"âš¡ï¸ Start 4 hours ğŸš€ 100 per day âŒ NO REFILL Comments Including Mentions (""@"") Are Not Accepted â¬‡ï¸ Full Link"
62,143,Twitter Poll Votes [10M] [1H - 100K/D]â­,                                                                                                         $0.96                                                 ,100,10000000,Not Enough Data,âš¡ï¸ Start 1 hour ğŸš€ 100K per day âŒ NO REFILL â¬‡ï¸ LINK EXAMPLE: www....com?vote=ButtonNumber 
63,144,Twitter Poll Votes [100M] [1H - 5K/D]ğŸ’§,                                                                                                         $3.80                                                 ,100,1000000000,Not Enough Data,âš¡ï¸ Start 1 hour ğŸš€ 5K per day âŒ NO REFILL â¬‡ï¸ LINK EXAMPLE: www....com?vote=ButtonNumber 
64,278,Youtube Views [10M] [1H - 300K/D] [NEVER DROP] â™»â­,                                                                                                         $3.1833                                                 ,1000,10000000,Not Enough Data,âš¡ï¸ Start 0-1 hours ğŸš€ 300K per day âœ… REFILL (NEVER DROP) â¬‡ï¸ FULL VIDEO LINK
65,279,Youtube ADS Views [âˆ] [Râˆ] â­ğŸ”¥,                                                                                                         $2.9483                                                 ,50000,10000000,Not Enough Data,âš¡ï¸ Start 24-72 hours ğŸš€ 50K per day âœ… REFILL (âˆ) âš ï¸Real - High Monetization - High Impression - Get Likes Also âš ï¸ VIDEO MUST BE UNDER 5 MINUTES â¬‡ï¸ FULL VIDEO LINK
66,280,Youtube Views [10M] [FAST] [Râˆ] âš¡ï¸ğŸ’§â™»â­,                                                                                                         $3.5467                                                 ,1000,10000000,Not Enough Data,âš¡ï¸ Start 24-72 hours ğŸš€ 20K per day âœ… REFILL (âˆ) âš ï¸ VIDEO MUST BE UNDER 5 MINUTES â¬‡ï¸ FULL VIDEO LINK
67,149,Youtube Views [50M] [6H - 100K/D - R30] â­,                                                                                                         $1.30                                                 ,500,50000000,Not Enough Data,âš¡ï¸ Start 3 hours ğŸš€ 100K per day âœ… REFILL (30 Days) â¬‡ï¸ Full Link
68,304,Youtube Views [1M] [USA] [Râˆ] ğŸ’§â™»â­,                                                                                                         $2.8637                                                 ,1000,1000000,Not Enough Data,âš¡ï¸ Start 0-6 hours ğŸš€ 1K per day âœ… REFILL (âˆ) âš ï¸120 Seconds Retention â¬‡ï¸ FULL VIDEO LINK
69,305,Youtube Views [1M] [INDIA] [Râˆ] ğŸ’§â™»â­,                                                                                                         $3.1501                                                 ,1000,1000000,Not Enough Data,âš¡ï¸ Start 0-6 hours ğŸš€ 1K per day âœ… REFILL (âˆ) âš ï¸120 Seconds Retention â¬‡ï¸ FULL VIDEO LINK
70,306,Youtube Views [1M] [UK] [Râˆ] ğŸ’§â™»â­,                                                                                                         $3.1501                                                 ,1000,1000000,Not Enough Data,âš¡ï¸ Start 0-6 hours ğŸš€ 1K per day âœ… REFILL (âˆ) âš ï¸120 Seconds Retention â¬‡ï¸ FULL VIDEO LINK
71,307,Youtube Views [1M] [AUSTRALIA] [Râˆ] ğŸ’§â™»â­,                                                                                                         $3.1501                                                 ,1000,1000000,Not Enough Data,âš¡ï¸ Start 0-6 hours ğŸš€ 1K per day âœ… REFILL (âˆ) âš ï¸120 Seconds Retention â¬‡ï¸ FULL VIDEO LINK
72,308,Youtube Views [1M] CANADA] [Râˆ] ğŸ’§â™»â­,                                                                                                         $3.1501                                                 ,1000,10000000,Not Enough Data,âš¡ï¸ Start 0-6 hours ğŸš€ 1K per day âœ… REFILL (âˆ) âš ï¸120 Seconds Retention â¬‡ï¸ FULL VIDEO LINK
73,309,Youtube Views [1M] [BRAZIL] [Râˆ]ğŸ’§â™»â­,                                                                                                         $3.1501                                                 ,1000,1000000,Not Enough Data,âš¡ï¸ Start 0-6 hours ğŸš€ 1K per day âœ… REFILL (âˆ) âš ï¸120 Seconds Retention â¬‡ï¸ FULL VIDEO LINK
74,310,Youtube Views [1M] [FRANCE] [Râˆ] ğŸ’§â™»â­,                                                                                                         $3.1501                                                 ,1000,1000000,Not Enough Data,âš¡ï¸ Start 0-6 hours ğŸš€ 1K per day âœ… REFILL (âˆ) âš ï¸120 Seconds Retention â¬‡ï¸ FULL VIDEO LINK
75,311,Youtube Views [1M] [GERMANY] [Râˆ] ğŸ’§â™»â­,                                                                                                         $3.1501                                                 ,1000,1000000,Not Enough Data,âš¡ï¸ Start 0-6 hours ğŸš€ 1K per day âœ… REFILL (âˆ) âš ï¸120 Seconds Retention â¬‡ï¸ FULL VIDEO LINK
76,312,Youtube Views [1M] [ITALY] [Râˆ] ğŸ’§â™»â­,                                                                                                         $3.1501                                                 ,1000,1000000,Not Enough Data,âš¡ï¸ Start 0-6 hours ğŸš€ 1K per day âœ… REFILL (âˆ) âš ï¸120 Seconds Retention â¬‡ï¸ FULL VIDEO LINK
77,313,Youtube Views [1M] [NETHERLANDS] [Râˆ] ğŸ’§â™»â­,                                                                                                         $2.8637                                                 ,1000,1000000,Not Enough Data,âš¡ï¸ Start 0-6 hours ğŸš€ 1K per day âœ… REFILL (âˆ) âš ï¸120 Seconds Retention â¬‡ï¸ FULL VIDEO LINK
78,314,Youtube Views [1M] [PORTUGAL] [Râˆ] ğŸ’§â™»â­,                                                                                                         $2.8552                                                 ,1000,1000000,Not Enough Data,âš¡ï¸ Start 0-6 hours ğŸš€ 1K per day âœ… REFILL (âˆ) âš ï¸120 Seconds Retention â¬‡ï¸ FULL VIDEO LINK
79,315,Youtube Views [1M] [RUSSIA] [Râˆ] ğŸ’§â™»â­,                                                                                                         $3.1501                                                 ,1000,1000000,Not Enough Data,âš¡ï¸ Start 0-6 hours ğŸš€ 1K per day âœ… REFILL (âˆ) âš ï¸120 Seconds Retention â¬‡ï¸ FULL VIDEO LINK
80,316,Youtube Views [1M] [SAUDI ARABIA] [Râˆ] ğŸ’§â™»â­,                                                                                                         $2.8637                                                 ,1000,1000000,Not Enough Data,âš¡ï¸ Start 0-6 hours ğŸš€ 1K per day âœ… REFILL (âˆ) âš ï¸120 Seconds Retention â¬‡ï¸ FULL VIDEO LINK
81,317,Youtube Views [1M] [JAPAN] [Râˆ] ğŸ’§â™»â­,                                                                                                         $3.1501                                                 ,1000,1000000,Not Enough Data,âš¡ï¸ Start 0-6 hours ğŸš€ 1K per day âœ… REFILL (âˆ) âš ï¸120 Seconds Retention â¬‡ï¸ FULL VIDEO LINK
82,318,Youtube Views [1M] [TURKEY] [Râˆ] ğŸ’§â™»â­,                                                                                                         $3.1501                                                 ,1000,1000000,Not Enough Data,âš¡ï¸ Start 0-6 hours ğŸš€ 1K per day âœ… REFILL (âˆ) âš ï¸120 Seconds Retention â¬‡ï¸ FULL VIDEO LINK
83,319,Youtube Views [1M] [UKRAINE] [Râˆ] ğŸ’§â™»â­,                                                                                                         $2.8637                                                 ,1000,1000000,Not Enough Data,âš¡ï¸ Start 0-6 hours ğŸš€ 1K per day âœ… REFILL (âˆ) âš ï¸120 Seconds Retention â¬‡ï¸ FULL VIDEO LINK
84,320,Youtube Views [1M] [TAIWAN] [Râˆ] ğŸ’§â™»â­,                                                                                                         $2.8637                                                 ,1000,1000000,Not Enough Data,âš¡ï¸ Start 0-6 hours ğŸš€ 1K per day âœ… REFILL (âˆ) âš ï¸120 Seconds Retention â¬‡ï¸ FULL VIDEO LINK
85,321,Youtube Views [1M] [SOUTH KOREA] [Râˆ] ğŸ’§â™»â­,                                                                                                         $2.8637                                                 ,1000,10000000,Not Enough Data,âš¡ï¸ Start 0-6 hours ğŸš€ 1K per day âœ… REFILL (âˆ) âš ï¸120 Seconds Retention â¬‡ï¸ FULL VIDEO LINK
86,322,Youtube Views [1M] [SPAIN] [Râˆ] ğŸ’§â™»â­,                                                                                                         $3.1501                                                 ,1000,10000000,Not Enough Data,âš¡ï¸ Start 0-6 hours ğŸš€ 1K per day âœ… REFILL (âˆ) âš ï¸120 Seconds Retention â¬‡ï¸ FULL VIDEO LINK
87,323,Youtube Views [1M] [SWEDEN] [Râˆ] ğŸ’§â™»â­,                                                                                                         $2.8637                                                 ,1000,1000000,Not Enough Data,âš¡ï¸ Start 0-6 hours ğŸš€ 1K per day âœ… REFILL (âˆ) âš ï¸120 Seconds Retention â¬‡ï¸ FULL VIDEO LINK
88,324,Youtube Views [1M] [MEXICO] [Râˆ] ğŸ’§â™»â­,                                                                                                         $2.8637                                                 ,1000,1000000,Not Enough Data,âš¡ï¸ Start 0-6 hours ğŸš€ 1K per day âœ… REFILL (âˆ) âš ï¸120 Seconds Retention â¬‡ï¸ FULL VIDEO LINK
89,325,Youtube Views [1M] [GREECE] [Râˆ] ğŸ’§â™»â­,                                                                                                         $2.8637                                                 ,1000,1000000,Not Enough Data,âš¡ï¸ Start 0-6 hours ğŸš€ 1K per day âœ… REFILL (âˆ) âš ï¸120 Seconds Retention â¬‡ï¸ FULL VIDEO LINK
90,432,Youtube Watchtime [True AdWord] [NEVER DROP] [3K] â­ğŸ”¥,                                                                                                         $30.00                                                 ,1000,3000,Not Enough Data,Note:- Minimum 1hr 30Min Video Required. - Quantity 1000 = 1000 Watch Hours - Start Time- 24hr ( Ads takes max 24Hr to Approved) - 500Hr/day speed - High Retention - 100% True Adword YouTube views - Nondrop - Best Quality
91,433,Youtube Watchtime [True AdWord] [NEVER DROP] [4K - Min 3K] â­ğŸ”¥,                                                                                                         $27.00                                                 ,4000,5000,Not Enough Data,Note:- Minimum 1hr 30Min Video Required. - Quantity 1000 = 1000 Watch Hours - Start Time- 24hr ( Ads takes max 24Hr to Approved) - 500Hr/day speed - High Retention - 100% True Adword YouTube views - Nondrop - Best Quality
92,357,Youtube USA Comments [CUSTOM] [10K] [12H - R30] ,                                                                                                         $63.00                                                 ,10,100,Not Enough Data,âš¡ï¸ Start 0-12 hour ğŸš€ 1K per day âœ… REFILL (30 Days) â¬‡ï¸ FULL VIDEO LINK
93,154,Youtube Likes [5K] [1H - 50/D] [R10] ğŸ‘,                                                                                                         $7.68                                                 ,5,5000,Not Enough Data,âš¡ï¸ Start 0-1 hour ğŸš€ 50 per day âœ… REFILL (10 Days) â¬‡ï¸ FULL VIDEO LINK
94,155,Youtube Likes [600K] [6H - 20K] [R30] ğŸ‘,                                                                                                         $13.44                                                 ,20,600000,Not Enough Data,âš¡ï¸ Start 0-1 hour ğŸš€ 20K per day âœ… REFILL (30 Days) â¬‡ï¸ FULL VIDEO LINK
95,156,Youtube DisLikes [3K] [12H  50/D] [R10] ğŸ‘,                                                                                                         $7.68                                                 ,5,3000,Not Enough Data,âš¡ï¸ Start 0-1 hour ğŸš€ 50 per day âœ… REFILL (10 Days) â¬‡ï¸ FULL VIDEO LINK
96,157,Youtube DisLikes [600K] [6H - 20K] [R30] ğŸ‘,                                                                                                         $14.0651                                                 ,10,600000,Not Enough Data,âš¡ï¸ Start 0-1 hour ğŸš€ 20K per day âœ… REFILL (30 Days) â¬‡ï¸ FULL VIDEO LINK
97,160,Youtube Shares [250K] [1H - 3K/D] [Râˆ] ,                                                                                                         $1.70                                                 ,1000,250000,Not Enough Data,âš¡ï¸ Start 0-1 hour ğŸš€ 300 per day âœ… REFILL (Lifetime) â¬‡ï¸ FULL VIDEO LINK
98,161,Youtube Shares [50K] [1H - USA - 750/D] [Râˆ] âš¡ğŸ’§,                                                                                                         $2.40                                                 ,50,50000,Not Enough Data,âš¡ï¸ Start 0-1 hour ğŸš€ 750 per day âœ… REFILL (Lifetime) â¬‡ï¸ FULL VIDEO LINK
99,163,Youtube Comments [300] [1H - RANDOM - 300/D]â­,                                                                                                         $53.76                                                 ,10,500,Not Enough Data,âš¡ï¸ Start 0-1 hour ğŸš€ 300 per day âœ… REFILL (Lifetime) â¬‡ï¸ FULL VIDEO LINK
100,164,YouTube Comment Reply [300] [1H - CUSTOM - 300/D] [Râˆ] â­,                                                                                                         $76.5714                                                 ,10,300,Not Enough Data,âš¡ï¸ Start 0-1 hour ğŸš€ 300 per day âœ… REFILL (Lifetime) â¬‡ï¸ Right click comment date and copy the link. (Example: https://www.youtube.com/watch?v=rre0sFHlfBc&lc=UgwXiDo99tsIvUWITKF4AaABAg)
101,165,Youtube Comment Reply [1.5K] [1H - RANDOM - 1K/D] [R30],                                                                                                         $76.00                                                 ,10,1500,Not Enough Data,âš¡ï¸ Start 0-1 hour ğŸš€ 1K per day âœ… REFILL (30 Days) â¬‡ï¸ Right click comment date and copy the link. (Example: https://www.youtube.com/watch?v=rre0sFHlfBc&lc=UgwXiDo99tsIvUWITKF4AaABAg)
102,166,YouTube Subscribers [20K] [1H - 10K/D - R30] â­,                                                                                                         $22.1538                                                 ,100,10000,Not Enough Data,âš¡ï¸ Start 1 hours ğŸš€ 10K per day âœ… REFILL (30 Days) â¬‡ï¸ Full Link
103,167,Youtube Live Stream Views [5K] [1H - MONETIZABLE - 5K/D],                                                                                                         $2.80                                                 ,5000,5000,Not Enough Data,ğŸ”¥ INSTANT! (only works for 1-2 hours) ğŸš€ 5K per day âŒ NO REFILL â¬‡ï¸ Full Link
104,168,Youtube Premiere Waiting Views [+ Likes] [5K] [1H - MONETIZABLE - 5K/D]â­,                                                                                                         $1.90                                                 ,5000,5000,Not Enough Data,ğŸ”¥ INSTANT! (only works for 1-2 hours) ğŸš€ 5K per day âŒ NO REFILL â¬‡ï¸ Full Link
105,169,Youtube Live Stream Chat Comments [1.5K] [1H - 1/MIN],                                                                                                         $112.50                                                 ,10,1500,Not Enough Data,ğŸ”¥ INSTANT! ğŸš€ 1 per minute âŒ NO REFILL â¬‡ï¸ Full Link
106,172,Tik Tok Views [10M] [6H - 100K/D],                                                                                                         $0.06                                                 ,1000,10000000,Not Enough Data,ğŸ”¥ INSTANT! (sometimes 24 hours) âŒ NO REFILL â¬‡ï¸ Full Link
107,408,Spotify Plays [10M] [3H - 1K/D],                                                                                                         $2.20                                                 ,1000,10000000,Not Enough Data,âš¡ï¸ Start 6 hours ğŸš€ 1K per day âŒ NO REFILL â¬‡ï¸ TRACK LINK EXAMPLE: https://open.spotify.com/track/29lZKytTb56zzAwryJ3X38?si=ZWhDXy8kRtqaJGdW1LWkDw
108,409,Spotify Plays [100M] [6H - 5K/D],                                                                                                         $1.60                                                 ,1000,200000,Not Enough Data,âš¡ï¸ Start 6 hours ğŸš€ 5K per day âŒ NO REFILL â¬‡ï¸ TRACK LINK EXAMPLE: https://open.spotify.com/track/29lZKytTb56zzAwryJ3X38?si=ZWhDXy8kRtqaJGdW1LWkDw
109,175,Spotify Plays [1M] [12H - 50K/D],                                                                                                         $1.20                                                 ,50000,1000000,Not Enough Data,âš¡ï¸ Start 12 hours ğŸš€ 50K per day âŒ NO REFILL â¬‡ï¸ TRACK LINK EXAMPLE: https://open.spotify.com/track/29lZKytTb56zzAwryJ3X38?si=ZWhDXy8kRtqaJGdW1LWkDw
110,176,Spotify Playlist Plays [1M] [6H - 50K/D],                                                                                                         $1.90                                                 ,1000,1000000,Not Enough Data,âš¡ï¸ Start 12 hours ğŸš€ 50K per day âŒ NO REFILL â¬‡ï¸ TRACK LINK EXAMPLE: https://open.spotify.com/album/4epk3ZcQSThoUfNT79RqK9?si=8-jQmxo-QJy34GM8CFHvjw
111,177,Spotify Followers [1M] [6H - 20K/D],                                                                                                         $2.3438                                                 ,1000,1000000,Not Enough Data,âš¡ï¸ Start 6 hours ğŸš€ 20K per day âŒ NO REFILL â¬‡ï¸ PROFILE LINK EXAMPLE: https://open.spotify.com/artist/3hJv5p2HwekJysNB2NDnEC?si=yqf_aWWeTdmfaU8w-PmZeg
112,178,Spotify Playlist Followers [1M] [12H - 20K/D] ,                                                                                                         $4.00                                                 ,1000,1000000,Not Enough Data,âš¡ï¸ Start 6 hours ğŸš€ 20K per day âŒ NO REFILL â¬‡ï¸ PLAYLIST LINK EXAMPLE: https://open.spotify.com/user/5a9iwaupjstbrh3dmvifafaux/playlist/2QPWV9zXifyIIzzoMMvhSg?si=dh389BNRSzmVjMJTpvAPoQ
113,180,Telegram Channel Member [50K] [6H - 5K],                                                                                                         $2.1375                                                 ,100,2000,Not Enough Data,âš¡ï¸ Start 6 hour ğŸš€ 5K per day âŒ NO REFILL â¬‡ï¸ CHANNEL LINK
114,182,Telegram Post Views [35K] [1H - 5K/D] [5 LAST POSTS],                                                                                                         $0.84                                                 ,100,35000,Not Enough Data,âš¡ï¸ Start 1 hour ğŸš€ 5K per day âŒ NO REFILL â¬‡ï¸ CHANNEL LINK (PUBLIC)
115,183,Telegram Post Views [35K] [1H - 5K/D] [10 LAST POSTS],                                                                                                         $1.65                                                 ,100,30000,Not Enough Data,âš¡ï¸ Start 1 hour ğŸš€ 5K per day âŒ NO REFILL â¬‡ï¸ CHANNEL LINK (PUBLIC)
116,184,Telegram Post Views [35K] [1H - 5K/D] [20 LAST POSTS],                                                                                                         $2.9538                                                 ,100,35000,Not Enough Data,âš¡ï¸ Start 1 hour ğŸš€ 5K per day âŒ NO REFILL â¬‡ï¸ CHANNEL LINK (PUBLIC)
117,186,Twitch Followers [30K] [48H - 1K/D],                                                                                                         $2.16                                                 ,50,8600,Not Enough Data,âš¡ï¸ Start 48 hour (sometimes less) ğŸš€ 1K per day âŒ NO REFILL â¬‡ï¸ LINK: ONLY USERNAME
118,187,Twitch Followers [50K] [48H - 1K/D] â­ï¸,                                                                                                         $3.2727                                                 ,500,50000,Not Enough Data,âš¡ï¸ Start 48 hour (sometimes less) ğŸš€ 1K per day âŒ NO REFILL â¬‡ï¸ LINK: ONLY USERNAME
119,196,Twitch Followers [25K] [3H - 1K/D] â­ğŸ”¥,                                                                                                         $1.75                                                 ,20,25000,Not Enough Data,âš¡ï¸ Start 3 hour ğŸš€ 1K per day âŒ NO REFILL â¬‡ï¸ Full Link
120,188,Twitch Channel Views [1M] [6H - 15K/D],                                                                                                         $3.00                                                 ,250,1000000,Not Enough Data,âš¡ï¸ Start 6 hours ğŸš€ 15K per day âŒ NO REFILL â¬‡ï¸ TWITCH CHANNEL LINK
121,189,Twitch Channel Views [1M] [6H - 10K/Day],                                                                                                         $1.50                                                 ,250,1000000,Not Enough Data,âš¡ï¸ Start 6 hours ğŸš€ 10K per day âŒ NO REFILL â¬‡ï¸ TWITCH CHANNEL LINK
122,192,Twitch Clip Views [1M] [6H - 10K/D]ğŸ•¹ğŸ”¥,                                                                                                         $3.50                                                 ,250,1000000,Not Enough Data,âš¡ï¸ Start 6 hours ğŸš€ 10K per day âŒ NO REFILL â¬‡ï¸ TWITCH CLIP LINK
123,194,Twitch Prime Subscribers [1K] [72H],                                                                                                         $2764.80                                                 ,10,1000,Not Enough Data,âš¡ï¸ Start 12-72 hours (manual) âŒ NO REFILL âš ï¸Twitch pay you ~2.49$ per Prime Subs !!! (TIN Required to get full revenue) âš ï¸ Your channel must be Twitch Affiliated â¬‡ï¸ CHANNEL LINK 
124,195,Twitch Live Views [250] [48H - 250/D]â­,                                                                                                         $193.5484                                                 ,10,250,Not Enough Data,âš¡ï¸ Start 24-48 hours (Make The Order 24 Hours Before Streaming ! ) âŒ NO REFILL âš ï¸ ONE Stream | Duration 10 Hours | BOTS â¬‡ï¸ ONLY YOUR USERNAME
125,282,Soundcloud Followers [50K] [4H - 10K/D] [R60],                                                                                                         $2.50                                                 ,100,50000,Not Enough Data,âš¡ï¸ Start 4 hours ğŸš€ 10K per day âœ… REFILL (60 Days) â¬‡ï¸ PROFILE LINK
126,241,SoundCloud Plays [10M] [12H - 1M/D] â­,                                                                                                         $0.03                                                 ,5000,10000000,Not Enough Data,âš¡ï¸ Start 12 hours ğŸš€ 1M per day âŒ NO REFILL â¬‡ï¸ Song Link
127,198,Soundcloud Plays [1M] [2H - 1K/D] â­,                                                                                                         $0.16                                                 ,20,1000000,Not Enough Data,âš¡ï¸ Start 2 hours ğŸš€ 1K per day âŒ NO REFILL â¬‡ï¸ Song Link
128,197,Soundcloud Plays [1B] [12H - 300K/D],                                                                                                         $0.038                                                 ,5000,1000000000,Not Enough Data,âš¡ï¸ Start 12 hours ğŸš€ 300K per day âŒ NO REFILL â¬‡ï¸ Song Link
129,199,Soundcloud Plays [10M] [12H - USA - 1K/D],                                                                                                         $0.095                                                 ,10000,10000000,Not Enough Data,âš¡ï¸ Start 12 hours ğŸš€ 1K per day âŒ NO REFILL â¬‡ï¸ Song Link
130,243,SoundCloud Likes [1M] [1H - 10K/D] ,                                                                                                         $2.00                                                 ,20,1000000,Not Enough Data,âš¡ï¸ Start 1 hour ğŸš€ 10K per day âŒ NO REFILL â¬‡ï¸ Song Link
131,201,Soundcloud Likes [5K] [1H - 1K/D] â­,                                                                                                         $4.0091                                                 ,100,5000,Not Enough Data,âš¡ï¸ Start 0-1 hour ğŸš€ 1K per day âŒ NO REFILL â¬‡ï¸ Song Link
132,207,Soundcloud Reposts [10K] [USA - 12H - 1K/D - Râˆ],                                                                                                         $4.80                                                 ,100,10000,Not Enough Data,âš¡ï¸ Start 12 hours ğŸš€ 1K per day âŒ NO REFILL â¬‡ï¸ Song Link
133,244,SoundCloud Reposts [10M] [1H - 10K/D] ,                                                                                                         $17.00                                                 ,20,1000000,Not Enough Data,âš¡ï¸ Start 1 hour ğŸš€ 10K per day âŒ NO REFILL â¬‡ï¸ Song Link
134,208,Soundcloud Reposts [100K] [1H - 10K/D - R20] âš¡ï¸,                                                                                                         $23.00                                                 ,20,100000,Not Enough Data,âš¡ï¸ Start 1 hour ğŸš€ 10K per day âŒ NO REFILL â¬‡ï¸ Song Link
135,206,Soundcloud Comments [10K] [3H - RANDOM - 10K/D],                                                                                                         $5.70                                                 ,20,10000,Not Enough Data,âš¡ï¸ Start 3 hours ğŸš€ 10K per day âŒ NO REFILL â¬‡ï¸ Song Link
136,245,SoundCloud Comments [10M] [1H - 10K/D] ,                                                                                                         $15.00                                                 ,20,1000000,Not Enough Data,âš¡ï¸ Start 1 hour ğŸš€ 10K per day âŒ NO REFILL â¬‡ï¸ Song Link
137,202,Soundcloud Download [10M] [12H - 5K/D],                                                                                                         $0.057                                                 ,1000,10000000,Not Enough Data,âš¡ï¸ Start 12 hours ğŸš€ 5K per day âŒ NO REFILL â¬‡ï¸ Song Link
138,242,SoundCloud Downloads [1.5M]  [12H - 25K/D] â­,                                                                                                         $0.0585                                                 ,1000,10000000,Not Enough Data,âš¡ï¸ Start 12 hours ğŸš€ 25K per day âŒ NO REFILL â¬‡ï¸ Song Link
139,209,Pinterest Followers [500K] [12H - 10K/D],                                                                                                         $3.20                                                 ,50,500000,Not Enough Data,âš¡ï¸ Start 12 hours ğŸš€ 10K per day âœ… REFILL (30 Days) â¬‡ï¸ Full Link
140,210,Pinterest Board Followers [500K] [12H - 10K/D],                                                                                                         $3.20                                                 ,50,50000,Not Enough Data,âš¡ï¸ Start 12 hours ğŸš€ 10K per day âœ… REFILL (30 Days) â¬‡ï¸ Full Link
141,211,Pinterest Pin Likes [500K] [6H - 10K/D],                                                                                                         $3.50                                                 ,50,50000,Not Enough Data,âš¡ï¸ Start 6 hours ğŸš€ 10K per day âœ… REFILL (30 Days) â¬‡ï¸ Full Link
142,212,Pinterest Followers [10M] [6H - 10K/D],                                                                                                         $4.00                                                 ,20,10000000,Not Enough Data,âš¡ï¸ Start 6 hours ğŸš€ 10K per day âœ… REFILL (30 Days) â¬‡ï¸ Full Link
143,213,Pinterest Board Followers [10M] [6H - 10K/D],                                                                                                         $4.00                                                 ,20,10000000,Not Enough Data,âš¡ï¸ Start 6 hours ğŸš€ 10K per day âœ… REFILL (30 Days) â¬‡ï¸ Full Link
144,214,Pinterest RePins [10M] [3H - 10K/D]ğŸ’§,                                                                                                         $4.00                                                 ,20,10000000,Not Enough Data,âš¡ï¸ Start 3 hours ğŸš€ 10K per day âŒ NO REFILL â¬‡ï¸ Full Link
145,215,Linkedin Followers [500K] [12H - 200/D] [R60] ğŸ’§â­,                                                                                                         $15.00                                                 ,100,500000,Not Enough Data,âš¡ï¸ Start 12 hours ğŸš€ 200 per day âœ… REFILL (60 Days) â¬‡ï¸ Profile Link
146,218,LinkedIn Endorsements [5K] [24H - 1K/D],                                                                                                         $73.8462                                                 ,200,5000,Not Enough Data,âš¡ï¸ Start 0-1 hours ğŸš€ 1K per day âŒ NO REFILL â¬‡ï¸ Full Link
147,219,LinkedIn Followers [10K] [24H - 100/D],                                                                                                         $17.10                                                 ,100,10000,Not Enough Data,âš¡ï¸ Start 24 hours ğŸš€ 100 per day âœ… REFILL (30 Days) â¬‡ï¸ Profile Link
148,221,LinkedIn Comments [50] [24H - 50/D],                                                                                                         $460.80                                                 ,5,50,Not Enough Data,âš¡ï¸ Start 24 hours ğŸš€ 50 per day âŒ NO REFILL â¬‡ï¸Full Link
149,222,LinkedIn Recommendation [50] [24H - 50/D],                                                                                                         $2880.00                                                 ,2,50,Not Enough Data,âš¡ï¸ Start 24 hours ğŸš€ 50 per day âŒ NO REFILL â¬‡ï¸Full Link
150,237,Dailymotion Views [1M] [1H - 5K/D],                                                                                                         $1.00                                                 ,500,1000000,Not Enough Data,âš¡ï¸ Start 1 hours ğŸš€ 5K per day âŒ NO REFILL â¬‡ï¸ FULL VIDEO LINK
151,360,Podcast Downloads [All Episodes] [10M] [12H - 5K/D],                                                                                                         $4.1684                                                 ,5000,10000000,Not Enough Data,âš¡ï¸ Start 12 hours ğŸš€ 5K per day âŒ NO REFILL â¬‡ï¸ LINK EXAMPLE: https://itunes.apple.com/us/podcast/the-evolve-faster-podcast-with-scott-ely/id1448147015
152,361,Podcast Downloads [Latest 5 Episodes] [5M - 1K/D],                                                                                                         $6.8936                                                 ,1000,5000000,Not Enough Data,âš¡ï¸ Start 12 hours ğŸš€ 1K per day âŒ NO REFILL â¬‡ï¸ LINK EXAMPLE: https://itunes.apple.com/us/podcast/the-evolve-faster-podcast-with-scott-ely/id1448147015
153,362,Podcast Downloads [All Episodes] [USA - 12H - 1K/D],                                                                                                         $9.2632                                                 ,1000,5000000,Not Enough Data,âš¡ï¸ Start 12 hours ğŸš€ 1K per day âŒ NO REFILL â¬‡ï¸ LINK EXAMPLE: https://itunes.apple.com/us/podcast/the-evolve-faster-podcast-with-scott-ely/id1448147015
154,363,Podcast Downloads [All Episodes] [UK - 12H - 1K/D],                                                                                                         $10.1612                                                 ,1000,3000000,Not Enough Data,âš¡ï¸ Start 12 hours ğŸš€ 1K per day âŒ NO REFILL â¬‡ï¸ LINK EXAMPLE: https://itunes.apple.com/us/podcast/the-evolve-faster-podcast-with-scott-ely/id1448147015
155,364,Podcast Streams [All Episodes] [1M] [12H - 1K/D],                                                                                                         $6.8936                                                 ,1000,1000000,Not Enough Data,âš¡ï¸ Start 12 hours ğŸš€ 1K per day âŒ NO REFILL â¬‡ï¸ LINK EXAMPLE: https://itunes.apple.com/us/podcast/the-evolve-faster-podcast-with-scott-ely/id1448147015
156,365,Podcast Streams [All Episodes] [1M] [USA/UK MIX - 12H - 1K/D],                                                                                                         $8.2643                                                 ,100,1000000,Not Enough Data,Podcast Streams [All Episodes] [USA/UK MIX]
157,366,Podcast Streams [Latest 5 Episodes] [1M] [USA/UK MIX - 12H - 1K/D],                                                                                                         $13.8316                                                 ,100,500000,Not Enough Data,âš¡ï¸ Start 12 hours ğŸš€ 1K per day âŒ NO REFILL â¬‡ï¸ LINK EXAMPLE: https://itunes.apple.com/us/podcast/the-evolve-faster-podcast-with-scott-ely/id1448147015
158,367,Podcast Subscribers [1M] [12H - 1K/D],                                                                                                         $38.40                                                 ,100,1000000,Not Enough Data,âš¡ï¸ Start 12 hours ğŸš€ 1K per day âŒ NO REFILL â¬‡ï¸ FULL PODCAST LINK
159,368,Podcast Subscribers [500K] [USA - 12H - 1K/D],                                                                                                         $48.00                                                 ,50,500000,Not Enough Data,âš¡ï¸ Start 12 hours ğŸš€ 1K per day âŒ NO REFILL â¬‡ï¸ FULL PODCAST LINK
160,369,Podcast Subscribers [500K] [UK - 12H - 1K/D],                                                                                                         $59.52                                                 ,50,500000,Not Enough Data,âš¡ï¸ Start 12 hours ğŸš€ 1K per day âŒ NO REFILL â¬‡ï¸ FULL PODCAST LINK
161,370,Podcast Rating [4/5 Star Rating] [1M] [USA/UK MIX - 12H - 50/D],                                                                                                         $286.1538                                                 ,100,1000000,Not Enough Data,âš¡ï¸ Starts 0-12 hours ğŸš€ 50 per day âœ… REFILL (30 Days) â¬‡ï¸ LINK EXAMPLE: https://itunes.apple.com/us/podcast/the-evolve-faster-podcast-with-scott-ely/id1448147015
162,371,Podcast Rating & Reviews [4/5 Star Rating & Reviews] [1M] [12H - 50/D],                                                                                                         $518.40                                                 ,50,1000000,Not Enough Data,âš¡ï¸ Starts 0-12 hours ğŸš€ 50 per day âœ… REFILL (30 Days) â¬‡ï¸ LINK EXAMPLE: https://itunes.apple.com/us/podcast/the-evolve-faster-podcast-with-scott-ely/id1448147015
163,372,Podcast Rating & Reviews [4/5 Star Rating & Reviews] [USA/UK MIX - 12H - 50/D],                                                                                                         $595.20                                                 ,50,1000000,Not Enough Data,âš¡ï¸ Starts 0-12 hours ğŸš€ 50 per day âœ… REFILL (30 Days) â¬‡ï¸ LINK EXAMPLE: https://itunes.apple.com/us/podcast/the-evolve-faster-podcast-with-scott-ely/id1448147015
164,373,Podcast Top 1-20 Ranking [USA],                                                                                                         $321.7021                                                 ,1,1,Not Enough Data,âš¡ï¸ Starts 24 hours âœ… Full 30 Days Promotion - USA iTunes Store - 100% Safe Service Outcome Results: - Increase Streams for All Episodes - Increase Downloads for All Episodes - Grow More Subscriber - Gain Rating & Reviews - Top #1-#20 in your category - Top Ranking 100% Guarantee in this time. â¬‡ï¸ LINK EXAMPLE: https://itunes.apple.com/us/podcast/the-evolve-faster-podcast-with-scott-ely/id1448147015
165,374,Podcast Top 1-20 Ranking [UK],                                                                                                         $280.00                                                 ,1,1,Not Enough Data,âš¡ï¸ Starts 24 hours âœ… Full 30 Days Promotion - USA iTunes Store - 100% Safe Service Outcome Results: - Increase Streams for All Episodes - Increase Downloads for All Episodes - Grow More Subscriber - Gain Rating & Reviews - Top #1-#20 in your category - Top Ranking 100% Guarantee in this time. â¬‡ï¸ LINK EXAMPLE: https://itunes.apple.com/us/podcast/the-evolve-faster-podcast-with-scott-ely/id1448147015
166,375,Podcast Top 50-100 Ranking [USA],                                                                                                         $184.6154                                                 ,1,1,Not Enough Data,âš¡ï¸ Starts 24 hours âœ… Full 30 Days Promotion - USA iTunes Store - 100% Safe Service Outcome Results: - Increase Streams for All Episodes - Increase Downloads for All Episodes - Grow More Subscriber - Gain Rating & Reviews - Top #50-#100 in your category - Top Ranking 100% Guarantee in this time. â¬‡ï¸ LINK EXAMPLE: https://itunes.apple.com/us/podcast/the-evolve-faster-podcast-with-scott-ely/id1448147015
167,376,Podcast Top 50-100 Ranking [UK],                                                                                                         $140.00                                                 ,1,1,Not Enough Data,âš¡ï¸ Starts 24 hours âœ… Full 30 Days Promotion - UK iTunes Store - 100% Safe Service Outcome Results: - Increase Streams for All Episodes - Increase Downloads for All Episodes - Grow More Subscriber - Gain Rating & Reviews - Top #50-#100 in your category - Top Ranking 100% Guarantee in this time. â¬‡ï¸ LINK EXAMPLE: https://itunes.apple.com/us/podcast/the-evolve-faster-podcast-with-scott-ely/id1448147015
168,256,Website Visitors [10M] [6H- 2K/D] [CANADA],                                                                                                         $3.00                                                 ,1000,10000000,Not Enough Data,âš¡ï¸ Starts 0-6 hours ğŸš€ 2K per day âŒ NO REFILL â¬‡ï¸ WEBSITE LINK
169,257,Website Visitors [10M] [6H- 2K/D] [BRAZIL],                                                                                                         $3.00                                                 ,1000,10000000,Not Enough Data,âš¡ï¸ Starts 0-6 hours ğŸš€ 2K per day âŒ NO REFILL â¬‡ï¸ WEBSITE LINK
170,258,Website Visitors [10M] [6H- 2K/D] [FRANCE],                                                                                                         $3.00                                                 ,1000,10000000,Not Enough Data,âš¡ï¸ Starts 0-6 hours ğŸš€ 2K per day âŒ NO REFILL â¬‡ï¸ WEBSITE LINK
171,259,Website Visitors [10M] [6H- 2K/D] [TURKEY],                                                                                                         $3.00                                                 ,1000,10000000,Not Enough Data,âš¡ï¸ Starts 0-6 hours ğŸš€ 2K per day âŒ NO REFILL â¬‡ï¸ WEBSITE LINK
172,260,Website Visitors [10M] [6H- 2K/D] [GERMANY],                                                                                                         $3.00                                                 ,1000,10000000,Not Enough Data,âš¡ï¸ Starts 0-6 hours ğŸš€ 2K per day âŒ NO REFILL â¬‡ï¸ WEBSITE LINK
173,261,Website Visitors [10M] [6H- 2K/D] [INDIA],                                                                                                         $3.00                                                 ,1000,10000000,Not Enough Data,âš¡ï¸ Starts 0-6 hours ğŸš€ 2K per day âŒ NO REFILL â¬‡ï¸ WEBSITE LINK
174,253,Website Visitors [10M] [6H- 10K/D] [WORLDWIDE],                                                                                                         $3.00                                                 ,1000,10000000,Not Enough Data,âš¡ï¸ Starts 0-6 hours ğŸš€ 10K per day âŒ NO REFILL â¬‡ï¸ WEBSITE LINK
175,254,Website Visitors [1M] [6H- 2K/D] [USA],                                                                                                         $3.00                                                 ,1000,10000000,Not Enough Data,âš¡ï¸ Starts 0-6 hours ğŸš€ 2K per day âŒ NO REFILL â¬‡ï¸ WEBSITE LINK
176,255,Website Visitors [10M] [6H- 2K/D] [UK],                                                                                                         $3.00                                                 ,1000,10000000,Not Enough Data,âš¡ï¸ Starts 0-6 hours ğŸš€ 2K per day âŒ NO REFILL â¬‡ï¸ WEBSITE LINK
177,422,Steam Random Key [Key Value 0.85$+],                                                                                                         $1.00                                                 ,1000,1000,Not Enough Data,âœª PUT YOUR EMAIL IN LINK (WE WILL SEND THE KEY / KEYS TO THAT EMAIL) âœª AMOUNTS WORKS LIKE THIS: Amount 1000 = 1 STEAM RANDOM KEY If you want more than one key just put multiples of 1000. For every 1000 you get 1 steam random key. So for example: If you put 1000 in amount you will receive 1 steam random key. âœª Value Of Every Key Between 0.85$ - Unlimited. âœª All Keys Working With A 100% Accuracy. âœª 100% Official Steam Random Keys.
