,ID,Service,Rate per 1000,Min order,Max order,Description
0,299,Instagram Views [250K],0.05,100,250000, More ‚ö°Ô∏è Start Time: 0-30 Minutes‚ö°Ô∏è Speed: Up To 100 000 Per Day Speed‚ö°Ô∏è No Refill‚ö°Ô∏è No Refund 
1,590,Instagram Views [2M],0.10,100,2000000, More ‚ö°Ô∏è Start Time: 0-3 Hours‚ö°Ô∏è Speed: Up To 500K Per Day Speed‚ö°Ô∏è Min: 100 
2,254,Instagram Views [400K],0.08,100,400000, More ‚ö°Ô∏è Start Time: Instant ‚ö°Ô∏è Speed: Up To 200k Day Speed‚ö°Ô∏è Min: 500‚ö°Ô∏è Max: 400K 
3,255,Instagram Views + Impressions [275K],0.03,100,275000, More ‚ö°Ô∏è Start Time: 0-1 Hour‚ö°Ô∏è Slow‚ö°Ô∏è Min: 100‚ö°Ô∏è Max: 275K 
4,21,Instagram Saves [50K],0.07,100,50000, More 
5,608,Instagram Comments [CUSTOM] [ARAB],25.00,5,600, More 
6,593,Spotify Plays [500K] USA,1.05,100,500000, More 
7,3,Instagram Views [500K],0.06,100,500000, More ‚ö°Ô∏è Start Time: Instant ‚ö°Ô∏è Min: 500 ‚ö°Ô∏è Max: 500K 
8,4,Instagram Views + Impressions [300K] [SLOW],0.05,100,300000, More ‚ö°Ô∏è Start Time: Instant ‚ö°Ô∏è Min: 100 ‚ö°Ô∏è Max: 300K 
9,86,Instagram Impressions [1M],0.08,100,1000000, More ‚ö°Ô∏è Start Time: 0-1 Hour‚ö°Ô∏è Speed: Up To 50 000 Per Day Speed‚ö°Ô∏è Real ‚ö°Ô∏è Instant Delivery‚ö°Ô∏è Minimum 100 
10,231,Instagram Impressions [100K],0.22,100,100000, More ‚ö°Ô∏è Start Time: Instant‚ö°Ô∏è Speed: Up To 20 000 Per Day Speed‚ö°Ô∏è Real ‚ö°Ô∏è Instant Delivery‚ö°Ô∏è Minimum 100 
11,278,Instagram Live Video Likes [9K],0.23,200,9000, More ‚ö°Ô∏è Username Only‚ö°Ô∏è Start Time: 0-10 Minutes‚ö° Likes On Live Videos‚ö°Ô∏è No Refill‚ö°Ô∏è No Refund 
12,121,Instagram Followers [2K] [R10],3.81,100,2000, More ‚ö°Ô∏è Start Time: 12-48 Hours‚ö°Ô∏è Speed: Up To 2 000 Per Day Speed‚ö°Ô∏è Minimum: 500‚ö°Ô∏è Refill: 10 Days‚ö°Ô∏è SPEED AND START TIME: CAN CHANGE AT ANYTIME 
13,43,Instagram Followers [5K] [R5],3.84,100,5000, More ‚ö°Ô∏è Start Time: 12-48 Hours‚ö° Speed: Up To 700 Per Day Speed‚ö°Ô∏è Refill: 5 Days 
14,95,Instagram Followers [450K] [R20],5.11,100,450000, More ‚ö°Ô∏è Start Time: 0-24 Hours‚ö°Ô∏è Speed: Up To 5 000 Per Day Speed‚ö°Ô∏è Refill: 30 Days 
15,592,Instagram Followers [65K] [R20],5.50,100,65000, More ‚ö°Ô∏è Start Time: 12-24 Hours‚ö°Ô∏è Speed: Up To 5 000 Per Day Speed‚ö°Ô∏è Quality: Mix Accounts‚ö°Ô∏è SPEED AND START TIME: CAN CHANGE AT ANYTIME 
16,126,Instagram Followers [1K],1.60,100,1000, More ‚ö°Ô∏è Start Time: 0-24 Hours‚ö°Ô∏è Speed: Up To 1 000 Per Day Speed‚ö°Ô∏è Minimum: 100‚ö°Ô∏è Refill: No‚ö°Ô∏è Refund: No‚ö°Ô∏è Quality: Mix Accounts‚ö°Ô∏è THERE'S NO REFILL OR REFUND EVEN IF ORDER DROP MINUTES LATER BUY AT YOUR OWN RISK 
17,491,Instagram Followers [3K],5.56,200,3000, More ‚ö°Ô∏è Start Time: 0-1 Hour‚ö°Ô∏è Speed: Up To 5 000 Day Speed 
18,595,Instagram Followers [3K],5.64,200,3000, More 
19,442,Instagram POWER Likes [23K] [HQ],2.86,20,23000, More ‚ö°Ô∏è Start Time: 0-1 Hours‚ö°Ô∏è Speed: Up To 4 000 Per Day Speed‚ö°Ô∏è Minimum: 30‚ö°Ô∏è Refill: No‚ö°Ô∏è Refund: No‚ö°Ô∏è Real Accounts 
20,619,Instagram Likes [500],2.77,50,500, More ‚ö°Ô∏è Start Time: 0-1 Hours‚ö°Ô∏è Speed: Up To 500 Per Day Speed‚ö°Ô∏è Refill: No‚ö°Ô∏è Refund: No‚ö°Ô∏è Real Accounts 
21,523,Instagram Likes [12K],0.33,20,12000, More ‚ö°Ô∏è Start Time: 0-2 Hours‚ö°Ô∏è Speed: Up To 4 000 Per Day‚ö°Ô∏è Quality: LQ / Accounts with profile pictures and no post 
22,492,Instagram Likes [20K] [BETA],0.40,50,20000, More ‚ö°Ô∏è Start Time: 0-2 Hours‚ö°Ô∏è Speed: Up To 5 000 Per Day Speed‚ö°Ô∏è Min: 50‚ö°Ô∏è Max: 20 000‚ö°Ô∏è BETA MODE Time And Speed Can change 
23,615,Instagram Likes [15K],0.58,20,10000, More ‚ö°Ô∏è Start Time: 0-1 Hour‚ö°Ô∏è Speed: Up To 20 000 Per Day Speed [SLOW]‚ö°Ô∏è Accounts with Profile Picture 
24,618,Instagram Likes [2K],0.99,10,2000, More 
25,440,Instagram Likes [20K],0.67,10,20000, More ‚ö°Ô∏è Start Time: 0-12 Hours‚ö°Ô∏è Speed: Up To 2 000 Per Day Speed [SLOW]‚ö°Ô∏è LQ Accounts 
26,614,Instagram Likes [15K],0.75,15,10000, More ‚ö°Ô∏è Start Time: 0-1 Hour‚ö°Ô∏è Speed: Up To 10 000 Per Day 
27,603,Instagran Likes [10K] [ACCOUNTS WITH NO POSTS],0.76,20,10000, More 
28,606,Instagram Likes [500][SLOW],1.20,50,500, More ‚ö°Ô∏è Start Time: 0-12 Hours‚ö°Ô∏è Speed: Up To 100 Per Day‚ö°Ô∏è Slow Service 
29,214,Instagram Likes [5K][MIX],0.72,50,10000, More ‚ö°Ô∏è Start Time: 0-2 Hours‚ö°Ô∏è Speed: Up to 3 000 Per Day‚ö°Ô∏è Real Accounts 
30,596,Instagram Likes + Impressions [10k],1.10,20,5000, More ‚ö°Ô∏è Start Time: 0-6 Hours‚ö°Ô∏è Speed: Up to 5 000 Per Day‚ö°Ô∏è Accounts With Profile Picture But No Post. 
31,607,Instagram Likes [80K],1.11,50,100000, More ‚ö°Ô∏è Start Time: 0-5 Hours‚ö°Ô∏è Speed: Up To 4 000 Per Day‚ö°Ô∏è This Service Can Have Delay Issues 
32,589,Instagram Likes [25K] [HQ] [S1],1.14,100,45000, More ‚ö°Ô∏è Start Time: 0-2 Hours‚ö°Ô∏è Speed: Up To 10 000 Per Day Speed 
33,524,Instagram Likes [50K],1.14,100,45000, More ‚ö°Ô∏è Start Time: 0-1 Hour‚ö°Ô∏è Speed: Up To 10K Per Day Speed‚ö°Ô∏è Quality: HQ Accounts With Profile Pictures and Posts 
34,613,Instagram Likes [1K] [HQ],1.58,10,1000, More ‚ö°Ô∏è Start Time: 0-2 Hours‚ö°Ô∏è Speed: Up To 1000 Per Day Speed‚ö°Ô∏è Quality: HQ Accounts With Profile Pictures and Posts 
35,227,Instagram Likes [5K][HQ][S2],1.58,10,3000, More ‚ö°Ô∏è Start Time: 0-1 Hour‚ö°Ô∏è Speed: Up To 1 000 Per Day Speed (SLOW)‚ö°Ô∏è Quality: HQ‚ö°Ô∏è Extra?: Sometimes 1%-10% 
36,597,Instagram Likes [5K] S3,1.58,10,3000, More ‚ö°Ô∏è Start Time: 0-1 Hour‚ö°Ô∏è Speed: Up To 5 000 Per Day Speed‚ö°Ô∏è English Mostly 
37,276,Instagram Auto Views [5M],0.05,100,5000000," More ‚ö°Ô∏è New Posts -For How Many ""Future"" Posts You Want The Auto Views To Run ‚ö°Ô∏è Min -Minimum Quantity Of Views You Want The Post To Have ‚ö°Ô∏è Max -Maximum Quantity Of Views You Want The Post To Have ‚ö°Ô∏è Time Delay -How Much Minutes Do You Want To Wait After You Post Before We Send The Likes To Your Post ‚ö°Ô∏è You Will Be Charged Every Time You Post "
38,13,Instagram Views [300K],0.05,1000,300000, More ‚ö°Ô∏è Start Time: 0-7 Hours‚ö°Ô∏è Speed: 20 000 To 50 000 Per Day Speed 
39,12,Instagram Views [500K],0.05,100,500000, More ‚ö°Ô∏è Start Time: Instant To 12 Hours‚ö° Speed: Up To 300 000 Per Day Speed‚ö°Ô∏è Refill: No‚ö°Ô∏è Minimun: 500‚ö°Ô∏è Maximun: Unlimited 
40,59,Instagram Views + Profile Visits [5M],0.10,100,5000000, More ‚ö°Ô∏è Start Time: Instant To 4 Hours‚ö° Speed: Up To 300 000 Per Day Speed‚ö°Ô∏è Refill: No‚ö°Ô∏è Refund: No‚ö°Ô∏è Minimum: 500‚ö°Ô∏è Maximum: 5 000 000 
41,60,Instagram Views + Impressions [1.5M] [REAL] [FAST],0.06,100,1500000, More ‚ö°Ô∏è Start Time: Instant‚ö°Ô∏è Real Views + Impressions ‚ö° Speed: Up To 500 000 Per Day Speed Depends On Server Overload‚ö°Ô∏è Refill: No‚ö°Ô∏è Refund: No‚ö°Ô∏è Minimun: 100‚ö°Ô∏è Maximun: 1 500 000 
42,504,Instagram Views + Impressions [4M] [FROM EXPLORE] [S2],0.09,100,4000000, More ‚ö°Ô∏è Start Time: Instant‚ö°Ô∏è Speed: Up To 300K Day Speed‚ö°Ô∏è Real Views + Impressions showing From Explore in the statistics.‚ö°Ô∏è Fast Delivery 
43,505,Instagram Views + Impressions [900K] [FROM LOCATION] [S2],0.09,100,900000, More ‚ö°Ô∏è Start Time: Instant‚ö°Ô∏è Speed: Up To 300K Day Speed‚ö°Ô∏è Real Views + Impressions showing From Locations in the statistics.‚ö°Ô∏è Fast Delivery 
44,58,Instagram Views [999K] [REAL],0.09,20,999000, More ‚ö°Ô∏è Start Time: Instant‚ö° Speed: Up To 20 000 Per Day Speed‚ö°Ô∏è Refill: No‚ö°Ô∏è Refund: No‚ö°Ô∏è Minimun: 20‚ö°Ô∏è Maximun: Unilimited 
45,506,Instagram Views + Impressions [1M] [FROM HOME] [S2],0.09,100,1000000, More ‚ö°Ô∏è Start Time: Instant‚ö°Ô∏è Speed: Up To 300K Day Speed‚ö°Ô∏è Real Views + Impressions showing From Home in the statistics.‚ö°Ô∏è Fast Delivery 
46,507,Instagram Views [50K] [ARAB],0.20,100,50000, More ‚ö°Ô∏è Start Time: 0-1 Hour‚ö°Ô∏è Speed: 15K To 30K Day Speed‚ö°Ô∏è Min: 100‚ö°Ô∏è Max: 50000 
47,508,Instagram Views [55K] [USA],0.25,100,55000, More ‚ö°Ô∏è Start Time: Instant‚ö°Ô∏è Speed: 15K To 30K Day Speed‚ö°Ô∏è Min: 100 
48,509,Instagram Views [55K] [FRANCE],0.25,100,55000, More ‚ö°Ô∏è Start Time: Instant‚ö°Ô∏è Speed: 15K To 30K Day Speed‚ö°Ô∏è Min: 100 
49,510,Instagram Views [60K] [ME],0.25,100,50000, More ‚ö°Ô∏è Start Time: Instant‚ö°Ô∏è Speed: 15K To 30K Day Speed‚ö°Ô∏è Min: 100 
50,511,Instagram Views [54K] [UK],0.25,100,55000, More ‚ö°Ô∏è Start Time: Instant‚ö°Ô∏è Speed: 15K To 30K Day Speed‚ö°Ô∏è Min: 100 
51,512,Instagram Views [53K] [JAPAN],0.25,100,53000, More ‚ö°Ô∏è Start Time: Instant‚ö°Ô∏è Speed: 15K To 30K Day Speed‚ö°Ô∏è Min: 100 
52,513,Instagram Views [65K] [DUBAI],0.25,100,65000, More ‚ö°Ô∏è Start Time: Instant‚ö°Ô∏è Speed: 15K To 30K Day Speed‚ö°Ô∏è Min: 100 
53,515,Instagram Views + Impressions [1M] [TURKEY],0.10,200,1000000, More ‚ö°Ô∏è Start Time: Instant‚ö°Ô∏è Speed: 15K To 30K Day Speed‚ö°Ô∏è Min: 100 
54,17,IGTV Views [90M],0.09,500,90000, More ‚ö°Ô∏è Start Time: Instant To 12 Hours‚ö°Ô∏è Instagram TV Views ‚ö° Speed: Up To 500 000 Per Day Speed Depends On Server Overload‚ö°Ô∏è Refill: No‚ö°Ô∏è Refund: No‚ö°Ô∏è Minimun: 50‚ö°Ô∏è Maximun: 90 000 000 
55,439,IGTV Likes [10K],0.62,100,10000, More ‚ö°Ô∏è Start Time: 0-35 Minutes‚ö°Ô∏è Random Comments‚ö°Ô∏è Refill: No‚ö°Ô∏è Refund: No‚ö°Ô∏è Minimun: 10‚ö°Ô∏è Maximun: 100 000 
56,67,Instagram Impressions [1M],0.09,100,1000000, More ‚ö°Ô∏è Real ‚ö°Ô∏è Instant Delivery ‚ö°Ô∏è Minimum 100 
57,282,Instagram Impressions + Profile Visits [100K],0.69,250,15000, More ‚ö°Ô∏è Fast Delivery ‚ö°Ô∏è FULL PHOTO LINK ACCEPTED ‚ö°Ô∏è Get Impressions on your Picture + 20% Profile Visits for your Profile to Improve Your Rank.‚ö°Ô∏è Min Per 100‚ö°Ô∏è Max Per Order 100k 
58,27,Instagram Story Views [20K] [LAST STORY ONLY],0.17,20,20000, More ‚ö° Views On The Last Story Posted ONLY‚ö° Username Only‚ö° 0-1 Hour Start‚ö° Ultra Fast‚ö° Minimum 20 
59,63,Instagram Story Views [15K],0.23,100,15000, More ‚ö° ALL STORIES ‚ö° USERNAME ONLY ‚ö° INSTANT START ‚ö° FAST DELIVERY ‚ö° Min = 100 ‚ö° Max = 15k 
60,64,Instagram Story Views [30K],0.30,100,30000, More ‚ö° Username Only ‚ö° 0-1 Hour Start! ‚ö° Ultra Fast! ‚ö° Minimum 100 
61,65,Instagram Story Views [MALE] [30K],0.35,20,30000, More ‚ö° Username Only ‚ö° Views from MALE users ‚ö° 0-1 Hour Start! ‚ö° 50K/Day ‚ö° Minimum 20 
62,66,Instagram Story Views [FEMALE] [30K],0.35,20,30000, More ‚ö° Username Only ‚ö° Views from FEMALE users ‚ö° 0-1 Hour Start! ‚ö° 50K/Day ‚ö° Minimum 20 
63,336,Instagram Impressions [900K],0.09,100,900000, More ‚ö°Start Time: Fast Delivery‚ö° Speed: Up To 200k-500k Day Speed 
64,337,Instagram USA Impressions [100K],0.32,20,99999, More 
65,338,Instagram Reach + Impressions [100K],0.90,100,100000, More ‚ö°Ô∏è Start Time: Instant To 1 Hour‚ö°Ô∏è Link: Photo Or Video Link Accepted‚ö°Ô∏è HQ Reach + Impressions‚ö°Ô∏è Quantity Must Be Multiple Of 100‚ö°Ô∏è Min: 100‚ö°Ô∏è Max : 100K 
66,339,Instagram Saves [5K],0.17,1,5000, More ‚ö°Ô∏è Strart Time: Instant‚ö°Ô∏èHQ Server‚ö°Ô∏è Saves‚ö°Ô∏è Min: 1‚ö°Ô∏è Max: 5000 
67,340,Instagram Highlights Views [15K],2.10,20,300000, More ‚ö°Ô∏è Username Only‚ö°Ô∏è EXCLUSIVE SERVICE‚ö°Ô∏è Available In TSMMP ONLY‚ö°Ô∏è Get Instagram Highlights Views on All your HIGHLIGHTS YES!!! ‚ö°Ô∏è Username Only 
68,341,Instagram Profile Visits [VIEWS]  [15K],0.40,1000,15000, More ‚ö°Ô∏è Start Time: Instant‚ö°Ô∏è Link: Profile Link‚ö°Ô∏è Profile Visits HQ 
69,62,Instagram Mentions [16K] [USER FOLLOWERS],1.35,16000,100000, More ‚ö°Ô∏è Link: The Link Of Your Instagram Post ‚ö°Ô∏è Username: The Username Of The Person Who You Want Us To Mention His Followers ‚ö°Ô∏èStart Time: 0-72 Hours‚ö°Ô∏è 6-12 Hrs To Complete‚ö°Ô∏è Minimum 3000 
70,277,Instagram Comment Likes [4K] [SPECIFIC COMMENT],1.10,20,5000, More ‚ö°Ô∏è Quality Is Hight‚ö°Ô∏è Start Time 0-4 Hours‚ö°Ô∏è Speed-Up to 5k Per Day‚ö°Ô∏è Min- 20 ‚ö°Ô∏è Max-5K‚ö°Ô∏èSpecs üö® Add Instagram Comment Likes to a SPECIFIC Comment. You can specify the comment by the user. 
71,485,Instagram Live Video Likes [ARAB] [1K],0.55,500,1000, More ‚ö°Ô∏è Start Time: 0-10 Minutes‚ö°Ô∏è Username Only‚ö°Ô∏è ARAB And Gulf Accounts 
72,30,Instagram Live Video Likes [10K],0.25,200,10000, More ‚ö°Ô∏è Start Time: Instant‚ö°Ô∏è Username Only‚ö°Ô∏è Speed: Super Fast Delivery ‚ö°Ô∏è Refill: No 
73,536,Instagram Live Video Likes [10K],0.30,500,10000, More ‚ö°Ô∏è Start Time: Instant‚ö°Ô∏è Username Only‚ö°Ô∏è Speed: Super Fast Delivery ‚ö°Ô∏è Refill: No 
74,621,Instagram Live Video Views [1K],7.35,50,1000, More ‚ö°Ô∏è Start Time: 0-10 Minutes‚ö°Ô∏è100% Won‚Äôt Stay all Stream‚ö°Ô∏èPlace order around 1-5 Seconds before starting the stream‚ö°Ô∏è If you ask for Refund You need to send a screenshot as a proof with the # of views and Time in the screenshot. 
75,75,Instagram Live Video Comments [2K] [RANDOM],5.60,50,2000, More ‚ö°Ô∏è Start Time: 0-10 MInutes‚ö°Ô∏è Speed: Fast‚ö°Ô∏è Username Only‚ö°Ô∏è Random Comments On Live Video 
76,19,Instagram Live Video Comments [1K] [RANDOM] [MALE],9.10,50,1000, More ‚ö°Ô∏è Star Time: 0-10 Minutes‚ö°Ô∏è Username Only‚ö°Ô∏è Random Male Comments On Live Video 
77,616,Youtube Views [20M],0.82,200,20000000, More ‚ö°Ô∏è Start time: 2-8 Hours‚ö°Ô∏è Speed: Up to 30 000 Per Day Speed‚ö°Ô∏è Refill: No‚ö°Ô∏è Note: If you see order mark as completed But views not appear click on the LIKE button Views will appear within 30 SECONDS. ‚ö°Ô∏è Second Option : Check Current Status of Views from here : http://youtubecount.com/ 
78,243,Youtube Views [50M] [R30],1.03,500,50000000, More ‚ö° Start Time: Mostly Instant Start ‚ö° 3 to 4 Retention ‚ö° Speed: Up to 100K Per Day ‚ö° 30 Days Refill‚ö° Min 100‚ö° Specs: If you see order mark as completed But views not appear Just click on the LIKE button Views will be appear within 30 SECONDS. 
79,579,Youtube Views [50M] [R‚àû] ‚ôª,1.89,1000,10000000, More ‚ö°Ô∏è Start Time: 0-5 Hours‚ö°Ô∏è Speed: 100 000 To 450 000 Per Day Speed‚ö°Ô∏è Refill: Lifetime Guaranteed 
80,537,Youtube Views [8M],1.32,100,8000000, More ‚ö°Ô∏è Start Time: 0-6 Hours‚ö°Ô∏è Speed: Up To 40 000 Per Day Speed‚ö°Ô∏è Refill: Lifetime Guaranteed 
81,534,Youtube ADS Views [80B] [R‚àû],1.85,30000,100000000, More ‚ö°Ô∏è Start Time: 42-72 Hours‚ö°Ô∏è Speed: 15K To 150K Per Day Speed‚ö°Ô∏è Non Drop‚ö°Ô∏è Real High Monetization High Impression.‚ö°Ô∏è Get Likes AlsoImportant: VIDEO MUST BE UNDER 5 MINUTES 
82,162,Youtube Views [1M] [AUSTRALIA] [R‚àû] üá¶üá∫,2.08,1000,1000000, More ‚ö°Ô∏è Start Time: 0-2 Hours‚ö°Ô∏è Speed: Up To 20 000 Per Day Speed‚ö°Ô∏è Refill: LifeTime Guaranteed‚ö°Ô∏è 120 Seconds Retention 
83,163,Youtube Views [1M] CANADA] [R‚àû] üá®üá¶,2.08,1000,10000000, More ‚ö°Ô∏è Start Time: 0-2 Hours‚ö°Ô∏è Speed: Up To 20 000 Per Day Speed‚ö°Ô∏è Refill: LifeTime Guaranteed‚ö°Ô∏è 120 Seconds Retention 
84,76,Youtube Views [1M] [INDIA] [R‚àû] üáÆüá≥,2.00,1000,1000000, More ‚ö°Ô∏è Start Time: 0-2 Hours‚ö°Ô∏è Speed: Up To 20 000 Per Day Speed‚ö°Ô∏è Refill: LifeTime Guaranteed‚ö°Ô∏è 120 Seconds Retention 
85,164,Youtube Views [1M] [BRAZIL] [R‚àû] üáßüá∑,2.14,1000,1000000, More ‚ö°Ô∏è Start Time: 0-2 Hours‚ö°Ô∏è Speed: Up To 20 000 Per Day Speed‚ö°Ô∏è Refill: LifeTime Guaranteed‚ö°Ô∏è 120 Seconds Retention 
86,77,Youtube Views [1M] [UK] [R‚àû] üá¨üáß,2.08,1000,1000000, More ‚ö°Ô∏è Start Time: 0-2 Hours‚ö°Ô∏è Speed: Up To 20 000 Per Day Speed‚ö°Ô∏è Refill: LifeTime Guaranteed‚ö°Ô∏è 120 Seconds Retention 
87,165,Youtube Views [1M] [EGYPT] [R‚àû],2.08,1000,1000000, More ‚ö°Ô∏è Start Time: 0-2 Hours‚ö°Ô∏è Speed: Up To 20 000 Per Day Speed‚ö°Ô∏è Refill: LifeTime Guaranteed‚ö°Ô∏è 120 Seconds Retention 
88,166,Youtube Views [1M] [FRANCE] [R‚àû],2.08,1000,1000000, More ‚ö°Ô∏è Start Time: 0-2 Hours‚ö°Ô∏è Speed: Up To 20 000 Per Day Speed‚ö°Ô∏è Refill: LifeTime Guaranteed‚ö°Ô∏è 120 Seconds Retention 
89,167,Youtube Views [1M] [GERMANY] [R‚àû],2.08,1000,1000000, More ‚ö°Ô∏è Start Time: 0-2 Hours‚ö°Ô∏è Speed: Up To 20 000 Per Day Speed‚ö°Ô∏è Refill: LifeTime Guaranteed‚ö°Ô∏è 120 Seconds Retention 
90,168,Youtube Views [1M] [ITALY] [R‚àû],2.08,1000,1000000, More ‚ö°Ô∏è Start Time: 0-2 Hours‚ö°Ô∏è Speed: Up To 20 000 Per Day Speed‚ö°Ô∏è Refill: LifeTime Guaranteed‚ö°Ô∏è 120 Seconds Retention 
91,171,Youtube Views [5M] [RUSSIA] [R‚àû],2.08,1000,1000000, More ‚ö°Ô∏è Start Time: 0-2 Hours‚ö°Ô∏è Speed: Up To 20 000 Per Day Speed‚ö°Ô∏è Refill: LifeTime Guaranteed‚ö°Ô∏è 120 Seconds Retention 
92,173,Youtube Views [1M] [JAPAN] [R‚àû],2.08,1000,1000000, More ‚ö°Ô∏è Start Time: 0-2 Hours‚ö°Ô∏è Speed: Up To 20 000 Per Day Speed‚ö°Ô∏è Refill: LifeTime Guaranteed‚ö°Ô∏è 120 Seconds Retention 
93,174,Youtube Views [1M] [TURKEY] [R‚àû],2.08,1000,1000000, More ‚ö°Ô∏è Start Time: 0-2 Hours‚ö°Ô∏è Speed: Up To 20 000 Per Day Speed‚ö°Ô∏è Refill: LifeTime Guaranteed‚ö°Ô∏è 120 Seconds Retention 
94,178,Youtube Views [1M] [SPAIN] [R‚àû],2.08,1000,10000000, More ‚ö°Ô∏è Start Time: 0-2 Hours‚ö°Ô∏è Speed: Up To 20 000 Per Day Speed‚ö°Ô∏è Refill: LifeTime Guaranteed‚ö°Ô∏è 120 Seconds Retention 
95,180,Youtube Views [1M] [POLAND] [R‚àû],2.00,1000,1000000, More ‚ö°Ô∏è Start Time: 0-2 Hours‚ö°Ô∏è Speed: Up To 20 000 Per Day Speed‚ö°Ô∏è Refill: LifeTime Guaranteed‚ö°Ô∏è 120 Seconds Retention 
96,342,Youtube Likes [5K] [R10] [Slow],5.10,5,5000, More ‚ö° Start Time: 0-24 Hours‚ö° Video Must be 1 Minute Or more‚ö° Speed: Up to 50 Per Day Speed‚ö° Refill: 10 Days 
97,343,Youtube Likes [100K] [R30],6.10,20,100000, More ‚ö° Start Time: Up to 10 Hour Start Time‚ö° Speed: Up to 15k day Dpeed‚ö° Refill: 30 Days Refill 
98,98,Youtube Likes [600K] [R30],9.10,20,60000, More ‚ö° Quality: Normal ‚ö° Start Time: Instant to 6 Hours ‚ö° Speed: Up to 20k Per Day ‚ö° Refil: 30 Days Refill ‚ö° Min: 10 ‚ö° Max: 600K 
99,344,Youtube DisLikes [3K] [R10],5.10,5,3000, More 
100,99,Youtube DisLikes [600K] [R30],9.00,10,600000, More ‚ö° Quality: Normal ‚ö° Start Time: Instant to 6 Hours ‚ö° Speed: Up to 20k Per Day ‚ö° Refil: 30 Days Refill ‚ö° Min: 10 ‚ö° Max: 600K 
101,251,Youtube USA Subscribers [50K] [R30],13.00,5,1500, More ‚ö°Ô∏è Real USA Users ‚ö°Ô∏è 30 Days Refill Guaranteed‚ö°Ô∏è Start Up to 6 Hours Start (Usually Instant)‚ö°Ô∏è Up to 50 to 200 Subscribers Per Day (SLOW)‚ö°Ô∏è Max: 1 500‚ö°Ô∏è 50K Per Channel 
102,250,Youtube Subscribers [40K] [R1YEAR],28.00,200,2000, More ‚ö°Ô∏è 360 Days Refill Guaranteed‚ö°Ô∏è Start Time: Up to 6 Hours Start (Usually Instant)‚ö°Ô∏è Speed: Up to 20 Subscribers Per Day (SLOW)‚ö°Ô∏è Max: 200 Per Order 
103,333,YouTube Shares [100K],1.30,50,150000, More ‚ö° Start Time: 0-1 Hour‚ö°Put Link Of Video‚ö° Refill: Lifetime Guarantee‚ö° Speed: Up To 1 500 Day Speed 
104,332,Youtube Comments [RANDOM] [100] [JAPAN] [R‚àû],36.00,10,100, More 
105,108,Youtube Live Stream Views [MONETIZABLE] [REAL],1.85,1000,100000, More ‚ö°Ô∏è Avg Concurrent 400-1000 will stay for 1-2 hours ‚ö°Ô∏è MONETIZABLE ‚ö°Ô∏è 100% Real Human YouTube Viewers! ‚ö°Ô∏è INSTANT START to 4 Hours‚ö°Ô∏è Windows Desktop Watch Page Views ‚ö°Ô∏è 100% Unique Traffic ‚ö°Ô∏è NON-DROP Lifetime Guarantee ‚ö°Ô∏è Possible User Engagements ‚ö°Ô∏è Social Referrer (Twitter) ‚ö°Ô∏è World-Wide Views Added in a NON-STOP Natural Pattern ‚ö°Ô∏è Incremental Speed Based on Order Size ‚ö°Ô∏è Must be Unrestricted & Open for ALL countries ‚ö°Ô∏èOver-Delivery Guaranteed 
106,334,YouTube Premiere Waiting Views [+ Likes] [REAL],1.30,1000,100000, More ‚ö°Ô∏è Avg Concurrent Waiting Viewers 2000-5000+* will stay for 1 hour+‚ö°Ô∏è Start Time: Instant‚ö°Ô∏è 100% Real Human YouTube Viewers‚ö°Ô∏è User Interactions Included‚ö°Ô∏è This Server Will Include Free Likes‚ö°Ô∏è 100% Unique Traffic‚ö°Ô∏è Must be Unrestricted & Open for ALL countries‚ö°Ô∏è Windows Desktop Watch Page‚ö°Ô∏è When Video Is Live Waiting Views will become Live Views‚ö°Ô∏è Over-Delivery Guaranteed 
107,210,Facebook Page Likes [5K] [R20],9.60,50,20000, More 
108,69,Facebook Video Views [10M],0.15,500,8000000, More ‚ö° HQ Accs‚ö° 0-1 Hour Start! ‚ö° Up To 5k Day Speed‚ö° Minimum 100 
109,284,Facebook Video Views [800M],0.15,100,800000, More ‚ö°Ô∏è Start Time: 0-1 Hour Start‚ö°Ô∏è Speed Up To 500k Daily‚ö°Ô∏è Min 100‚ö°Ô∏è Max 800k‚ö°Ô∏è Specs: MOBILE LINKS ARE NOT SUPPORTED 
110,301,Facebook Post Likes [400],1.98,20,500, More ‚ö°Ô∏è Start Time: Instant‚ö°Ô∏è Speed: Up To 400 Per Day speed‚ö°Ô∏è Refill: No‚ö°Ô∏è LQ 
111,304,Facebook Indian Random Comments [30] [REAL],55.10,10,30, More 
112,305,Facebook Indian Custom Comments [30] [REAL],80.05,10,30, More 
113,306,Facebook Male Comments [400] [REAL],45.05,15,400, More 
114,307,Facebook Female Comments [400] [REAL],45.05,15,400, More 
115,308,Facebook Male Custom Comments [400] [REAL],70.05,15,400, More 
116,309,Facebook Female Custom Comments [400] [REAL],80.00,15,400, More 
117,319,Facebook Post Shares [5K],5.50,500,20000, More Lifetime GuaranteeWorks with Pages and Profiles0-24 Hour Start! Up to 5000/Day SpeedMinimum 500 
118,320,Facebook Post Shares [2K],110.00,100,2000, More Lifetime Guarantee Works with Pages and Profiles European Shares 100% Real 0-1 Hour Start! 50-300/Day Minimum 100 
119,602,Facebook Post Likes [5K] [EMOTICONS] [LOVE],2.30,100,5000, More 
120,82,Twitter Followers [2K] [MIX] [AR7],3.69,20,20000, More ‚ö°Ô∏è Start Time: 0-12 Hour‚ö°Ô∏è Speed: 100-500 Day Speed‚ö°Ô∏è Username Only ‚ö°Ô∏è Mixed Quality‚ö°Ô∏è Buy At your Own Risk‚ö°Ô∏è Delay Issues‚ö°Ô∏è Refill: 7 Days AUTO Refill‚ö°Ô∏è Minimum 20 
121,83,Twitter Likes [500K],4.55,20,500000, More ‚ö°Ô∏è Start Time: 12-72 Hours 
122,84,Twitter Retweets [500K],8.10,20,500000, More 
123,380,Twitter Poll Votes [8M],0.70,100,8000000, More ‚ö° Link Example: www....com?vote=ButtonNumber ‚ö° Start Tiime: 0-1 Hour Start‚ö° Speed: 100k Day Speed ‚ö° Minimum 100 
124,381,Twitter Views [1M],0.75,100,1000000, More ‚ö°Ô∏è Start Time: 0-1 Hour Start! ‚ö°Ô∏è Speed: 20K to 100K Day Speed ‚ö°Ô∏è Refill: 30 Days 
125,382,Twitter Impressions [1M],1.10,100,1000000, More ‚ö°Ô∏è Start Time: 0-1 Hour Start! ‚ö°Ô∏è Speed: 20K to 100K Day Speed ‚ö°Ô∏è Refill: 30 Days 
126,383,Twitter Live Video Views [2K] [15Minutes],6.10,20,2000, More ‚ö°Ô∏è Real ‚ö°Ô∏è Instant Start‚ö°Ô∏è 15 Minutes Watch Time 
127,385,Twitter Comments [100] [USA] [CUSTOM],45.10,10,100," More ‚ö°Ô∏è Put Each Comment On A Line‚ö°Ô∏è Comments Including Mentions (""@"") Are Not Accepted‚ö°Ô∏è No Refill‚ö°Ô∏è No Refund‚ö°Ô∏è Start Time: 0-1 Hour Start‚ö°Ô∏è Fast Delivery ‚ö°Ô∏è Minimum 10‚ö°Ô∏è USA HQ Accounts "
128,493,Twitch Followers [20K] [LQ],1.35,20,20000, More ‚ö°Ô∏è Start time: 0-48 Hours ‚ö°Ô∏è Speed: 1K per day ‚ö°Ô∏è Link: Twitch username‚ö°Ô∏è Quality: LQ ‚ö°Ô∏è No Refill ‚ö°Ô∏è No Refund 
129,578,Twitch Followers [40K],2.46,500,40000, More ‚ö°Ô∏è Start Time: 0-48 hours‚ö°Ô∏è Speed: Up To 1 000 Day Speed‚ö°Ô∏è No Refill‚ö°Ô∏è No Refund‚ö°Ô∏è Mixed Twitch Followers‚ö°Ô∏è Link: Twitch channel username 
130,520,Twitch Channel Views [15K] [SPECIAL PACKAGE],8.20,1,1, More ‚ö°Ô∏è Start Time: 5-30 Hours‚ö°Ô∏è HQ‚ö°Ô∏è Speed: 10K To 15K Day Speed‚ö°Ô∏è No Refill‚ö°Ô∏è LINK EXAMPLE: https://www.twitch.tv/usernamethunder‚ö°Ô∏è After purchasing It will Add 15K Channel Views To Your Twitch Channel (This is Normally Completed Same Day Of Order) 
131,612,Spotify Plays [15K],0.45,1000,15000, More ‚ö°Ô∏è Start Time: 0-12 Hours‚ö°Ô∏è Speed: Up To 5 000 Per Day Speed‚ö°Ô∏è No Refill‚ö°Ô∏è No Refund‚ö°Ô∏è Free plays from TIER 1 countries only USA/CA/EU/AU/NZ/UK. 
132,189,Spotify Track Plays [100K],0.87,51000,100000, More ‚ö°Ô∏è Start Time: 0-12 Hours‚ö°Ô∏è Speed: Up To 51 000 Per Day Speed‚ö°Ô∏è No Refill‚ö°Ô∏è No Refund 
133,192,Spotify Playlist Followers [2K],1.00,500,2000, More ‚ö°Ô∏è Start Time: 6-42 Hours‚ö°Ô∏è Speed: Up 1 000 Per Day Speed ‚ö°Ô∏è Quantity must be multiple of 100‚ö°Ô∏è Refill: Life Time Guarantee‚ö°Ô∏è Playlist Followers from TIER 1 countries only USA/CA/EU/AU/NZ/UK.‚ö°Ô∏è NO DROPS 
134,187,Spotify Custom Playlist Plays [50K][R35],1.25,5000,50000, More ‚ö°Ô∏è USA Safe Plays‚ö°Ô∏è 60-120 Secs Play Time‚ö°Ô∏è Start Time: Instant‚ö°Ô∏è Speed: Up To 400 Plays a Day‚ö°Ô∏è Use Spotify Playlist Link only.‚ö°Ô∏è You can add as many songs you want in the playlist.‚ö°Ô∏èThe plays will be split evenly among them. ‚ö°Ô∏è Royalties Eligible Best Plays On Market. 
135,185,Spotify Playlist Plays [20M],1.26,1000,2000000, More ‚ö°Ô∏è Start Time: 0-4 Hours‚ö°Ô∏è Speed: Up To 70 000 Per Day Speed‚ö°Ô∏è Refill: No‚ö°Ô∏è Spotify Playlist + Albums Plays 
136,186,Spotify Plays [500K],1.30,5000,500000, More ‚ö°Ô∏è Start Time: 0-15 Hours‚ö°Ô∏è Speed: Up To 500 Per Day Speed‚ö°Ô∏è Refill: 30 Days‚ö°Ô∏è Use Spotify Track Link only‚ö°Ô∏è Drip Feed Mode---------------------------------------------A 5 000 Order takes: 12 daysA 10 000 order takes: 20 daysA 15 000 order takes: 15 daysA 50 000 order takes: 30 - 30 days 
137,461,Spotify Followers [USA] [1M] [R‚àû],1.75,1000,1000000, More ‚ö°Ô∏è Start Time: 1-24 Hours‚ö°Ô∏è Speed: Up To 6 000 Per Day‚ö°Ô∏è Refill: LifeTime‚ö°Ô∏è Use Spotify Artist Link only 
138,193,Spotify Followers [PLAYLIST] [1M] [R60],1.80,1000,1000000, More ‚ö°Ô∏è Start Time: 1-24 Hours‚ö°Ô∏è Speed: Up To 6 000 Per Day‚ö°Ô∏è Refill: LifeTime‚ö°Ô∏è Use Spotify Playlist Link only 
139,190,Spotify Followers [50M],2.60,50,1000000, More ‚ö°Ô∏è Start Time: 0-2 Hours‚ö°Ô∏è Speed: Up To 20 000 Per Day Speed 
140,191,Spotify [PLAYLIST] Followers [50K],2.60,1000,50000, More ‚ö°Ô∏è Start Time: 0-2 Hours‚ö°Ô∏è Speed: Up To 20 000 Per Day Speed‚ö°Ô∏è Refill: No 
141,609,Spotify Search Free Plays [50M],1.44,1000,50000000, More ‚ö°Ô∏è Start Time: 6-24 Hours‚ö°Ô∏è Speed: Up To 1 500 Per Day Speed‚ö°Ô∏è Refill: Life Time Guarantee‚ö°Ô∏è Free plays from TIER 1 countries only USA/CA/EU/AU/NZ/UK‚ö°Ô∏è Plays come from the search bar which increases the chances of your track getting found on Spotify 
142,610,Spotify Search Premium Plays [40M],2.00,1000,10000000, More ‚ö°Ô∏è Start Time: 6-24 Hours‚ö°Ô∏è Speed: Up To 1 500 Per Day Speed‚ö°Ô∏è Refill: Life Time Guarantee‚ö°Ô∏è Free plays from TIER 1 countries only USA/CA/EU/AU/NZ/UK‚ö°Ô∏è Plays come from the search bar which increases the chances of your track getting found on Spotify 
143,196,SoundCloud Fast Plays [150K],0.025,50000,150000, More ‚ö°Ô∏è Full Link ‚ö°Ô∏è Start Time: 0 to 12 Hours‚ö°Ô∏è Speed: Up To 5 to 7 Millions per Day Speed‚ö°Ô∏è Min: 50K ‚ö°Ô∏è Max: 10M 
144,195,SoundCloud Plays [10M] [S2],0.04,5000,10000000, More ‚ö°Ô∏è Full Link ‚ö°Ô∏è 0 to 12 Hours Start ‚ö°Ô∏è Up To 1 to 3 Millions per Day Speed ‚ö°Ô∏è Min 5K ‚ö°Ô∏è Max 10M 
145,348,SoundCloud Plays [1.5M],0.07,100,1500000, More ‚ö°Ô∏è Start Time: 0-2 Hours‚ö°Ô∏è Real Views‚ö°Ô∏è Speed: 50k To 100k Day Speed‚ö°Ô∏è Multiple of 100 
146,349,SoundCloud Plays [9M],0.13,20,9000000, More ‚ö°Ô∏è Start Time: 0-2 Hours‚ö°Ô∏è Real Views‚ö°Ô∏è Speed: 00k To 100k Day Speed 
147,197,SoundCloud USA Plays [1M],0.10,10000,10000000, More ‚ö°Ô∏è Real ‚ö°Ô∏è 1-12 Hours Start! ‚ö°Ô∏è Up To 400 to 1k per Day‚ö°Ô∏è Multiple of 100 ‚ö°Ô∏è Minimum 10000 
148,198,SoundCloud Downloads [1.5M],0.08,1000,10000000, More ‚ö°Ô∏è Full Link ‚ö°Ô∏è Track Must Be Downloadable ‚ö°Ô∏è 0 to 12 Hours Start ‚ö°Ô∏è Speed Up to 10k to 50k Per day 
149,401,SoundCloud Comments [99K],9.08,100,99000, More 
150,350,Soundcloud USA Likes [30K] [R30],1.10,100,30000, More ‚ö°Ô∏è Start Time: 0-12 Hours‚ö°Ô∏è Real ‚ö°Ô∏è Speed: 1k To 2k Day Speed‚ö°Ô∏è Refill: 30 Days 
151,352,SoundCloud Followers [50K] [R60],1.70,100,50000, More ‚ö°Ô∏è Full Link‚ö°Ô∏è Start Time: 0-2 Hours‚ö°Ô∏è Real Views‚ö°Ô∏è Speed: Up 10k Day Speed‚ö°Ô∏è Refill: 60 Days 
152,353,SoundCloud USA Reposts [50K],1.10,100,10000, More ‚ö°Ô∏è Start Time: 0-12 Hours‚ö°Ô∏è Speed: 1k To 20k Day Speed‚ö°Ô∏è Refill: 30 Days‚ö°Ô∏è Quantity must be multiple of 50 
153,354,SoundCloud Reposts [10K],3.10,20,10000, More ‚ö°Ô∏è Start Time: 0-1 Hours‚ö°Ô∏è Speed: 1k To 5k Day Speed 
154,268,Google Post +1 [2K],6.53,20,2000, More ‚ö°Ô∏è Real‚ö°Ô∏è 0-1 Hour Start‚ö°Ô∏è 1-24 Hours Finish 
155,269,Google Reshares [2K],6.53,20,2000, More ‚ö°Ô∏è Real‚ö°Ô∏è 0-1 Hour Start‚ö°Ô∏è 1-24 Hours Finish 
156,584,Tik Tok Views [50M],0.08,1000,50000000, More 
157,347,Tik Tok Followers [10K] [R30],6.20,10,10000, More ‚ö°Ô∏è Start Time: 2-6 Hours‚ö°Ô∏è Speed: Up To 5 000 Per Day Speed‚ö°Ô∏è Refill: 30 Days 
158,406,Tiktok Likes [1K],4.90,10,10000, More 
159,399,Tik Tok Likes [5K],9.70,50,100000, More 
160,409,Telegram Group Members [50K],4.70,100,50000, More ‚ö°Ô∏è For Groups Only‚ö°Ô∏è Start Time: 0-12 Hour‚ö°Ô∏è Speed: Up To 5k Day Speed‚ö°Ô∏è Delivery: 24-48 Hours Delivery 
161,411,Telegram Post Views [50K] [Last 5],0.60,100,50000, More ‚ö°Ô∏è Start Time: 0-5 Hour‚ö°Ô∏è Speed: Up To 5k Day Speed‚ö°Ô∏è Delivery: Up To 24 Hours Delivery‚ö°Ô∏è Views Will Be Added To Your Last 5 Posts 
162,413,Telegram Post Views [50K] [Last 10],0.90,100,50000, More ‚ö°Ô∏è Start Time: 0-5 Hour‚ö°Ô∏è Speed: Up To 5k to 10k Day Speed‚ö°Ô∏è Delivery: Up To 24 Hours Delivery‚ö°Ô∏è Views Will Be Added To Your Last 10 Posts 
163,415,Telegram Post Views [50K] [Last 20],1.70,100,50000, More ‚ö°Ô∏è Start Time: 0-5 Hour‚ö°Ô∏è Speed: Up To 5k to 10k Day Speed‚ö°Ô∏è Delivery: Up To 24 Hours Delivery‚ö°Ô∏è Views Will Be Added To Your Last 20 Posts 
164,266,Vimeo Views [20M],0.58,20,20000000, More 
165,345,Vimeo Video Views [1M],0.70,5000,1000000, More ‚ö°Ô∏è Vimeo Video Views‚ö°Ô∏è Speed: Up To 100k Day Speed 
166,200,Vimeo Followers [50K] [HQ],3.70,100,500000, More 
167,267,Vimeo Likes [25K],3.70,100,25000, More 
168,346,Website Traffic [250K] [WW - Direct Visits],0.40,500,1000000, More ‚ö°Ô∏è 100% Real & Unique Trafficüíª Desktop Traffic - Direct Visits‚ö°Ô∏è Google Analytics Supported‚ö°Ô∏è You can use bit.ly to track results‚ö° Speed Up to 50 000 Unique Visitors Per Day‚ö† No Adult Drugs or other harmful websites allowed‚ö† Campaign ETA: 0-12h‚òë Link Format: Full Website URL 
169,540,USA Traffic from Google,0.85,500,1000000, More üíé 100% Real & Unique Trafficüíª Desktop Traffic 45-55%üì± Mobile Traffic 45-55%‚úì Google Analytics Supported‚úì You can use bit.ly to track results‚ûò Low Bounce Rates: 15 - 20%‚ö° Speed Up to 10 000 Unique Visitors Per Day‚ö† No Adult Drugs or other harmful websites allowed‚ö† Campaign ETA: 0-12h‚òë Link Format: Full Website URL 
170,541,USA Traffic from Facebook,0.85,500,1000000, More üíé 100% Real & Unique Trafficüíª Desktop Traffic 45-55%üì± Mobile Traffic 45-55%‚úì Google Analytics Supported‚úì You can use bit.ly to track results‚ûò Low Bounce Rates: 15 - 20%‚ö° Speed Up to 10 000 Unique Visitors Per Day‚ö† No Adult Drugs or other harmful websites allowed‚ö† Campaign ETA: 0-12h‚òë Link Format: Full Website URL 
171,542,USA Traffic from Instagram,0.85,500,1000000, More üíé 100% Real & Unique Trafficüíª Desktop Traffic 45-55%üì± Mobile Traffic 45-55%‚úì Google Analytics Supported‚úì You can use bit.ly to track results‚ûò Low Bounce Rates: 15 - 20%‚ö° Speed Up to 10 000 Unique Visitors Per Day‚ö† No Adult Drugs or other harmful websites allowed‚ö† Campaign ETA: 0-12h‚òë Link Format: Full Website URL 
172,543,USA Traffic from Quora,0.85,500,1000000, More üíé 100% Real & Unique Trafficüíª Desktop Traffic 45-55%üì± Mobile Traffic 45-55%‚úì Google Analytics Supported‚úì You can use bit.ly to track results‚ûò Low Bounce Rates: 15 - 20%‚ö° Speed Up to 10 000 Unique Visitors Per Day‚ö† No Adult Drugs or other harmful websites allowed‚ö† Campaign ETA: 0-12h‚òë Link Format: Full Website URL 
173,544,USA Traffic from Tumblr,0.85,500,1000000, More üíé 100% Real & Unique Trafficüíª Desktop Traffic 45-55%üì± Mobile Traffic 45-55%‚úì Google Analytics Supported‚úì You can use bit.ly to track results‚ûò Low Bounce Rates: 15 - 20%‚ö° Speed Up to 10 000 Unique Visitors Per Day‚ö† No Adult Drugs or other harmful websites allowed‚ö† Campaign ETA: 0-12h‚òë Link Format: Full Website URL 
174,545,USA Traffic from Pinterest,0.85,500,1000000, More üíé 100% Real & Unique Trafficüíª Desktop Traffic 45-55%üì± Mobile Traffic 45-55%‚úì Google Analytics Supported‚úì You can use bit.ly to track results‚ûò Low Bounce Rates: 15 - 20%‚ö° Speed Up to 10 000 Unique Visitors Per Day‚ö† No Adult Drugs or other harmful websites allowed‚ö† Campaign ETA: 0-12h‚òë Link Format: Full Website URL 
175,546,USA Traffic from Twitter,0.85,500,1000000, More üíé 100% Real & Unique Trafficüíª Desktop Traffic 45-55%üì± Mobile Traffic 45-55%‚úì Google Analytics Supported‚úì You can use bit.ly to track results‚ûò Low Bounce Rates: 15 - 20%‚ö° Speed Up to 10 000 Unique Visitors Per Day‚ö† No Adult Drugs or other harmful websites allowed‚ö† Campaign ETA: 0-12h‚òë Link Format: Full Website URL 
176,547,USA Traffic from Reddit,0.85,500,1000000, More üíé 100% Real & Unique Trafficüíª Desktop Traffic 45-55%üì± Mobile Traffic 45-55%‚úì Google Analytics Supported‚úì You can use bit.ly to track results‚ûò Low Bounce Rates: 15 - 20%‚ö° Speed Up to 10 000 Unique Visitors Per Day‚ö† No Adult Drugs or other harmful websites allowed‚ö† Campaign ETA: 0-12h‚òë Link Format: Full Website URL 
177,548,USA Traffic from YouTube,0.85,500,1000000, More üíé 100% Real & Unique Trafficüíª Desktop Traffic 45-55%üì± Mobile Traffic 45-55%‚úì Google Analytics Supported‚úì You can use bit.ly to track results‚ûò Low Bounce Rates: 15 - 20%‚ö° Speed Up to 10 000 Unique Visitors Per Day‚ö† No Adult Drugs or other harmful websites allowed‚ö† Campaign ETA: 0-12h‚òë Link Format: Full Website URL 
178,549,USA Traffic from Blogspot/Blogger.com,0.85,500,1000000, More üíé 100% Real & Unique Trafficüíª Desktop Traffic 45-55%üì± Mobile Traffic 45-55%‚úì Google Analytics Supported‚úì You can use bit.ly to track results‚ûò Low Bounce Rates: 15 - 20%‚ö° Speed Up to 10 000 Unique Visitors Per Day‚ö† No Adult Drugs or other harmful websites allowed‚ö† Campaign ETA: 0-12h‚òë Link Format: Full Website URL 
179,550,USA Traffic from VK.com,0.85,500,1000000, More üíé 100% Real & Unique Trafficüíª Desktop Traffic 45-55%üì± Mobile Traffic 45-55%‚úì Google Analytics Supported‚úì You can use bit.ly to track results‚ûò Low Bounce Rates: 15 - 20%‚ö° Speed Up to 10 000 Unique Visitors Per Day‚ö† No Adult Drugs or other harmful websites allowed‚ö† Campaign ETA: 0-12h‚òë Link Format: Full Website URL 
180,551,USA Traffic from Baidu,0.85,500,1000000, More üíé 100% Real & Unique Trafficüíª Desktop Traffic 45-55%üì± Mobile Traffic 45-55%‚úì Google Analytics Supported‚úì You can use bit.ly to track results‚ûò Low Bounce Rates: 15 - 20%‚ö° Speed Up to 10 000 Unique Visitors Per Day‚ö† No Adult Drugs or other harmful websites allowed‚ö† Campaign ETA: 0-12h‚òë Link Format: Full Website URL 
181,552,USA Traffic from Wikipedia,0.85,500,1000000, More üíé 100% Real & Unique Trafficüíª Desktop Traffic 45-55%üì± Mobile Traffic 45-55%‚úì Google Analytics Supported‚úì You can use bit.ly to track results‚ûò Low Bounce Rates: 15 - 20%‚ö° Speed Up to 10 000 Unique Visitors Per Day‚ö† No Adult Drugs or other harmful websites allowed‚ö† Campaign ETA: 0-12h‚òë Link Format: Full Website URL 
182,553,USA Traffic from Yahoo.com,0.85,500,1000000, More üíé 100% Real & Unique Trafficüíª Desktop Traffic 45-55%üì± Mobile Traffic 45-55%‚úì Google Analytics Supported‚úì You can use bit.ly to track results‚ûò Low Bounce Rates: 15 - 20%‚ö° Speed Up to 10 000 Unique Visitors Per Day‚ö† No Adult Drugs or other harmful websites allowed‚ö† Campaign ETA: 0-12h‚òë Link Format: Full Website URL 
183,554,USA Traffic from Bing.com,0.85,500,1000000, More üíé 100% Real & Unique Trafficüíª Desktop Traffic 45-55%üì± Mobile Traffic 45-55%‚úì Google Analytics Supported‚úì You can use bit.ly to track results‚ûò Low Bounce Rates: 15 - 20%‚ö° Speed Up to 10 000 Unique Visitors Per Day‚ö† No Adult Drugs or other harmful websites allowed‚ö† Campaign ETA: 0-12h‚òë Link Format: Full Website URL 
184,555,USA Traffic from fandom.com,0.85,500,1000000, More üíé 100% Real & Unique Trafficüíª Desktop Traffic 45-55%üì± Mobile Traffic 45-55%‚úì Google Analytics Supported‚úì You can use bit.ly to track results‚ûò Low Bounce Rates: 15 - 20%‚ö° Speed Up to 10 000 Unique Visitors Per Day‚ö† No Adult Drugs or other harmful websites allowed‚ö† Campaign ETA: 0-12h‚òë Link Format: Full Website URL 
185,556,USA Traffic from NYTimes.com,0.85,500,1000000, More üíé 100% Real & Unique Trafficüíª Desktop Traffic 45-55%üì± Mobile Traffic 45-55%‚úì Google Analytics Supported‚úì You can use bit.ly to track results‚ûò Low Bounce Rates: 15 - 20%‚ö° Speed Up to 10 000 Unique Visitors Per Day‚ö† No Adult Drugs or other harmful websites allowed‚ö† Campaign ETA: 0-12h‚òë Link Format: Full Website URL 
186,557,USA Traffic from CNN.com,0.85,500,1000000, More üíé 100% Real & Unique Trafficüíª Desktop Traffic 45-55%üì± Mobile Traffic 45-55%‚úì Google Analytics Supported‚úì You can use bit.ly to track results‚ûò Low Bounce Rates: 15 - 20%‚ö° Speed Up to 10 000 Unique Visitors Per Day‚ö† No Adult Drugs or other harmful websites allowed‚ö† Campaign ETA: 0-12h‚òë Link Format: Full Website URL 
187,558,USA Traffic from Fiverr.com,0.85,500,1000000, More üíé 100% Real & Unique Trafficüíª Desktop Traffic 45-55%üì± Mobile Traffic 45-55%‚úì Google Analytics Supported‚úì You can use bit.ly to track results‚ûò Low Bounce Rates: 15 - 20%‚ö° Speed Up to 10 000 Unique Visitors Per Day‚ö† No Adult Drugs or other harmful websites allowed‚ö† Campaign ETA: 0-12h‚òë Link Format: Full Website URL 
188,559,UK Traffic from Google.co.uk,0.85,500,1000000, More üíé 100% Real & Unique Trafficüíª Desktop Traffic 45-55%üì± Mobile Traffic 45-55%‚úì Google Analytics Supported‚úì You can use bit.ly to track results‚ûò Low Bounce Rates: 15 - 20%‚ö° Speed Up to 10 000 Unique Visitors Per Day‚ö† No Adult Drugs or other harmful websites allowed‚ö† Campaign ETA: 0-12h‚òë Link Format: Full Website URL 
189,560,UK Traffic from Quora,0.85,500,1000000, More üíé 100% Real & Unique Trafficüíª Desktop Traffic 45-55%üì± Mobile Traffic 45-55%‚úì Google Analytics Supported‚úì You can use bit.ly to track results‚ûò Low Bounce Rates: 15 - 20%‚ö° Speed Up to 2 000 Unique Visitors Per Day‚ö† No Adult Drugs or other harmful websites allowed‚ö† Campaign ETA: 0-12h‚òë Link Format: Full Website URL 
190,561,UK Traffic from Tumblr,0.85,500,1000000, More üíé 100% Real & Unique Trafficüíª Desktop Traffic 45-55%üì± Mobile Traffic 45-55%‚úì Google Analytics Supported‚úì You can use bit.ly to track results‚ûò Low Bounce Rates: 15 - 20%‚ö° Speed Up to 10 000 Unique Visitors Per Day‚ö† No Adult Drugs or other harmful websites allowed‚ö† Campaign ETA: 0-12h‚òë Link Format: Full Website URL 
191,562,UK Traffic from Pinterest,0.85,500,1000000, More üíé 100% Real & Unique Trafficüíª Desktop Traffic 45-55%üì± Mobile Traffic 45-55%‚úì Google Analytics Supported‚úì You can use bit.ly to track results‚ûò Low Bounce Rates: 15 - 20%‚ö° Speed Up to 10 000 Unique Visitors Per Day‚ö† No Adult Drugs or other harmful websites allowed‚ö† Campaign ETA: 0-12h‚òë Link Format: Full Website URL 
192,563,UK Traffic from Twitter,0.85,500,1000000, More üíé 100% Real & Unique Trafficüíª Desktop Traffic 45-55%üì± Mobile Traffic 45-55%‚úì Google Analytics Supported‚úì You can use bit.ly to track results‚ûò Low Bounce Rates: 15 - 20%‚ö° Speed Up to 10 000 Unique Visitors Per Day‚ö† No Adult Drugs or other harmful websites allowed‚ö† Campaign ETA: 0-12h‚òë Link Format: Full Website URL 
193,564,UK Traffic from Reddit,0.85,500,1000000, More üíé 100% Real & Unique Trafficüíª Desktop Traffic 45-55%üì± Mobile Traffic 45-55%‚úì Google Analytics Supported‚úì You can use bit.ly to track results‚ûò Low Bounce Rates: 15 - 20%‚ö° Speed Up to 2 000 Unique Visitors Per Day‚ö† No Adult Drugs or other harmful websites allowed‚ö† Campaign ETA: 0-12h‚òë Link Format: Full Website URL 
194,565,UK Traffic from YouTube,0.85,500,1000000, More üíé 100% Real & Unique Trafficüíª Desktop Traffic 45-55%üì± Mobile Traffic 45-55%‚úì Google Analytics Supported‚úì You can use bit.ly to track results‚ûò Low Bounce Rates: 15 - 20%‚ö° Speed Up to 10 000 Unique Visitors Per Day‚ö† No Adult Drugs or other harmful websites allowed‚ö† Campaign ETA: 0-12h‚òë Link Format: Full Website URL 
195,566,UK Traffic from Facebook,0.85,500,1000000, More üíé 100% Real & Unique Trafficüíª Desktop Traffic 45-55%üì± Mobile Traffic 45-55%‚úì Google Analytics Supported‚úì You can use bit.ly to track results‚ûò Low Bounce Rates: 15 - 20%‚ö° Speed Up to 10 000 Unique Visitors Per Day‚ö† No Adult Drugs or other harmful websites allowed‚ö† Campaign ETA: 0-12h‚òë Link Format: Full Website URL 
196,567,UK Traffic from Instagram,0.85,500,1000000, More üíé 100% Real & Unique Trafficüíª Desktop Traffic 45-55%üì± Mobile Traffic 45-55%‚úì Google Analytics Supported‚úì You can use bit.ly to track results‚ûò Low Bounce Rates: 15 - 20%‚ö° Speed Up to 10 000 Unique Visitors Per Day‚ö† No Adult Drugs or other harmful websites allowed‚ö† Campaign ETA: 0-12h‚òë Link Format: Full Website URL 
197,568,UK Traffic from Blogspot/Blogger.com,0.85,500,1000000, More üíé 100% Real & Unique Trafficüíª Desktop Traffic 45-55%üì± Mobile Traffic 45-55%‚úì Google Analytics Supported‚úì You can use bit.ly to track results‚ûò Low Bounce Rates: 15 - 20%‚ö° Speed Up to 10 000 Unique Visitors Per Day‚ö† No Adult Drugs or other harmful websites allowed‚ö† Campaign ETA: 0-12h‚òë Link Format: Full Website URL 
198,569,UK Traffic from VK.com,0.85,500,1000000, More üíé 100% Real & Unique Trafficüíª Desktop Traffic 45-55%üì± Mobile Traffic 45-55%‚úì Google Analytics Supported‚úì You can use bit.ly to track results‚ûò Low Bounce Rates: 15 - 20%‚ö° Speed Up to 10 000 Unique Visitors Per Day‚ö† No Adult Drugs or other harmful websites allowed‚ö† Campaign ETA: 0-12h‚òë Link Format: Full Website URL 
199,570,UK Traffic from Amazon.co.uk,0.85,500,1000000, More üíé 100% Real & Unique Trafficüíª Desktop Traffic 45-55%üì± Mobile Traffic 45-55%‚úì Google Analytics Supported‚úì You can use bit.ly to track results‚ûò Low Bounce Rates: 15 - 20%‚ö° Speed Up to 10 000 Unique Visitors Per Day‚ö† No Adult Drugs or other harmful websites allowed‚ö† Campaign ETA: 0-12h‚òë Link Format: Full Website URL 
200,571,UK Traffic from Ebay.co.uk,0.85,500,1000000, More üíé 100% Real & Unique Trafficüíª Desktop Traffic 45-55%üì± Mobile Traffic 45-55%‚úì Google Analytics Supported‚úì You can use bit.ly to track results‚ûò Low Bounce Rates: 15 - 20%‚ö° Speed Up to 10 000 Unique Visitors Per Day‚ö† No Adult Drugs or other harmful websites allowed‚ö† Campaign ETA: 0-12h‚òë Link Format: Full Website URL 
201,572,UK Traffic from BBC.co.uk,0.85,500,1000000, More üíé 100% Real & Unique Trafficüíª Desktop Traffic 45-55%üì± Mobile Traffic 45-55%‚úì Google Analytics Supported‚úì You can use bit.ly to track results‚ûò Low Bounce Rates: 15 - 20%‚ö° Speed Up to 10 000 Unique Visitors Per Day‚ö† No Adult Drugs or other harmful websites allowed‚ö† Campaign ETA: 0-12h‚òë Link Format: Full Website URL 
202,573,UK Traffic from Theguardian.com,0.85,500,1000000, More üíé 100% Real & Unique Trafficüíª Desktop Traffic 45-55%üì± Mobile Traffic 45-55%‚úì Google Analytics Supported‚úì You can use bit.ly to track results‚ûò Low Bounce Rates: 15 - 20%‚ö° Speed Up to 10 000 Unique Visitors Per Day‚ö† No Adult Drugs or other harmful websites allowed‚ö† Campaign ETA: 0-12h‚òë Link Format: Full Website URL 
203,574,UK Traffic from Dailymail.co.uk,0.85,500,1000000, More üíé 100% Real & Unique Trafficüíª Desktop Traffic 45-55%üì± Mobile Traffic 45-55%‚úì Google Analytics Supported‚úì You can use bit.ly to track results‚ûò Low Bounce Rates: 15 - 20%‚ö° Speed Up to 10 000 Unique Visitors Per Day‚ö† No Adult Drugs or other harmful websites allowed‚ö† Campaign ETA: 0-12h‚òë Link Format: Full Website URL 
204,575,UK Traffic from Gumtree.co.uk,0.85,500,1000000, More üíé 100% Real & Unique Trafficüíª Desktop Traffic 45-55%üì± Mobile Traffic 45-55%‚úì Google Analytics Supported‚úì You can use bit.ly to track results‚ûò Low Bounce Rates: 15 - 20%‚ö° Speed Up to 10 000 Unique Visitors Per Day‚ö† No Adult Drugs or other harmful websites allowed‚ö† Campaign ETA: 0-12h‚òë Link Format: Full Website URL 
205,576,UK Traffic from Fiverr.com,0.85,500,1000000, More üíé 100% Real & Unique Trafficüíª Desktop Traffic 45-55%üì± Mobile Traffic 45-55%‚úì Google Analytics Supported‚úì You can use bit.ly to track results‚ûò Low Bounce Rates: 15 - 20%‚ö° Speed Up to 10 000 Unique Visitors Per Day‚ö† No Adult Drugs or other harmful websites allowed‚ö† Campaign ETA: 0-12h‚òë Link Format: Full Website URL 
206,577,UK Traffic from Wikipedia,0.85,500,1000000, More üíé 100% Real & Unique Trafficüíª Desktop Traffic 45-55%üì± Mobile Traffic 45-55%‚úì Google Analytics Supported‚úì You can use bit.ly to track results‚ûò Low Bounce Rates: 15 - 20%‚ö° Speed Up to 10 000 Unique Visitors Per Day‚ö† No Adult Drugs or other harmful websites allowed‚ö† Campaign ETA: 0-12h‚òë Link Format: Full Website URL 
207,331,Linkedin Followers [100K] [R60],9.10,100,100000, More ‚ö°Ô∏è Start Time: 6-18 Hours‚ö°Ô∏è Speed: Up To 300-500 Per Day Speed‚ö°Ô∏è Refill: 60 Days‚ö°Ô∏è Specs: Full link 
208,404,LinkedIn Company Page Followers [R‚àû] [100] [USA],4.90,100,100, More ‚ö°Ô∏è Start Time: 0-24 Hours (Order Completed in 24 Hours)‚ö°Ô∏è Speed: 100 Per Day Speed‚ö°Ô∏è Lifetime Refill [NON-DROP]‚ö°Ô∏è Min: 25‚ö°Ô∏è Max: 100 
209,582,LinkedIn Company Page Followers [R‚àû] [300] [USA],5.35,100,10000, More ‚ö°Ô∏è Start Time: 0-24 Hours (Order Completed in 24 Hours)‚ö°Ô∏è Speed: 300 Per Day Speed‚ö°Ô∏è Lifetime Refill [NON-DROP]‚ö°Ô∏è Min: 25‚ö°Ô∏è Max: 300 
210,209,‚ö°Ô∏è API Test,0.001,1,1000, More Test Our APi By adding this Service to your panel And Connect My panel To Yours V√≠a Api..‚õì For Ammount Type 1000 
211,611,ESET Smart Security V12 Global Key,6.00,1000,1000, More ESET SMART SECURITY 2019/2020LICENSE FOR 01 PC ONE YEAR (365 Days ) Antivirus/Internet Security 
