,ID,Service,Rateper1000,Minorder,Maxorder,Description
0,1377,363 ~ Instagram - Likes ~ ğ‘ğ—˜ğ—”ğ—Ÿ ~ Max 10k ~ ğ—¥ğ—˜ğ—™ğ—œğ—Ÿğ—Ÿ ~ INSTANT,0.66,20,25000,Start: 0-1HRSSpeed: 5k-10k per dayQuality: High Quality & StableRefill: 30 DaysMin Order: 100 | Max Order: 10000Usually No drop (drop ratio under 10% for now!)Refill Policy - 24h to 48h to start refill.
1,1062,IG Likes - Max 20 K - Exclusive Service (Always Instant)âš¡âš¡,2.33,50,20000,10k/hourdrop rate 1-3% as of now for orders above 10k95% real 5% bot
2,1063,Instagram Likes [ Max 50k - 10k/day] [Real Accounts+HQ  ] [ Recommended]ğŸ”¥ğŸ”¥ğŸ”¥,1.85,20,50000,Real account with high postThese are real accounts may be they unlike later but the accounts are 100% realQuality:https://gyazo.com/0c308bba06b53ed7870693f57b3552f3
3,1064,Instagram Likes [3K] [100% Real] [1000-1500 Hourly]ğŸ”¥ğŸ”¥[ Recommended],1.05,50,2000,Real Users 100% realSpeed:500-1000/hourAudience:Turkey
4,1066,Instagram Likes Real Max 5k - 100-200/Hour - 100% Real - Indian + Arab - Country,0.58,20,5000,100% realNo refill- these are real and do not dropIndian and Arab User
5,1067,Instagram Likes 100% Real [ Country - Turkey + Asia] [ 0.55$/K] [ 200-500/hour]ğŸ”¥,0.60,20,50000,1k-2k/hourturkey- asia targeted
6,1070,Instagram Likes Max 30k [1-2k/hour] [ Real ],0.95,50,30000,1k-2k/hourMin 50 Max 20000Real Likes - Can drop 0-5%No Guarantee
7,1071,Instagram Likes Real [ Min 50 Max 3000 ] [ 500-1k/hour],0.96,50,3000,500-1k/hourMin 50 Max 3000Real Likes - Can drop 0-5%No Guarantee
8,1072,Instagram Likes Max 2k [  Real ] [ HQ],1.01,100,2000,1-3% dropHQ accounts5-7k/dayStart 0-10 minutes
9,1073,Instagram Likes [ Min 50 Max 5000] [ 1-3k/Hour] [ Asian. Profile],1.15,50,5000,Speed:1k-3k/day0-5% drop
10,1074,Instagram Real Likes ( Min 20 and Max 10k ) Daily Speed 1K ( 100% Real Likes ),1.25,20,10000,Slow SpeedDaily 1000 Likes Per Day100% Real LikesLife Time GuaranteeStart 0-1 hours
11,1075,â™› NEW - Instagram Likes  [ Max - 15k ] [ Super High Quality Likes ] [ Fastest ] INSTANT,2.90,20,15000,
12,1076,â™› Instagram Likes - [ Max - 20k ] [ Real Likes ] [ Superfast ] SUPER INSTANT,2.33,50,20000,
13,1077,â™› Instagram Likes [ MAX - 50k ] [ HQ REAL LIKES  ] [ 1000-1500/Per Hour ] SUPER INSTANT,1.75,100,50000,INSTANT START1000-1500 PER HOURREAL LIKE ( MOSTLY HAS ACTIVE STORY )20K-30K/DAY
14,1078,â™› Instagram Likes [ MAX - 20k ] [ Real Likes  HQ ] [ 3k-5k/Per hour ] SUPER INSTANT,1.45,50,1000,
15,1079,â™› Instagram Likes  [ Max 60k ] [ Real High Quality Likes ] [ 500-1000/Hour ] INSTANT,2.30,20,60000,Instant Start500-1000 Per hourVery High Quality LikesAll Accounts are Real + Many posts + Active stories!
16,1080,â™› Instagram Likes - [ Max - 49k ] [ Real Likes  Reliable ] [ FASTEST ] INSTANT,1.00,50,49000,INSTANT STARTSUPER FASTREAL LIKESPost must have less then 7k likes If more then 7k likes Order will be auto cancel!
17,1081,Instagram Likes - [ REAL AND ACTIVE ] SUPER INSTANT,2.55,20,5000,SUPER INSTANTREAL LIKESBEST SERVICE FOR VIRAL POST5K*2=10K MAX
18,1082,Instagram Likes [ Max - 2k ] [ REAL - Indian/Turkish ] INSTANT-15MINS,0.55,20,2000,
19,1083,â™› Instagram Likes - [ Max - 2k ] [ REAL LIKES ] INSTANT,1.15,50,2000,
20,1084,Instagram Likes [ Max - 5k ] [ Fastest  Real Likes ] INSTANT,1.30,50,5000,
21,1085,Instagram Likes - [ Max - 5k ] [ REAL LIKES - FASTEST ] SUPER INSTANT,2.75,20,5000,
22,1086,â™› Instagram Likes - [ Max - 45k ] [ Real Likes ] [ SLOW ] INSTANT-5MINS,0.60,20,50000,
23,1087,â™› Instagram Likes - [ Max - 3k ] [ Real Likes  Superfast ] INSTANT,1.25,50,3000,
24,1088,Instagram Likes + Impression [ Max - 10k ] [ Worldwide - High Quality Likes ] SUPER INSTANT,2.65,10,10000,SUPER INSTANT5K-10K/DAYWorldwide High Quality LikesMostly English usersAll accounts are 100% real from different different countriesMany posts and Active stories!
25,1089,â™› Instagram Likes [ Max - 7k ] [  Real ] INSTANT-5mins,1.05,20,7000,
26,1090,Instagram Likes - [ Max - 5k ] [ Real User ] INSTANT,1.05,20,5000,
27,1091,Instagram Likes [ Max - 20k ] [ Real Likes ] [ 1000-3000/day ] INSTANT,1.75,10,20000,INSTANT START1000-3000 PER DAYALL ACCOUNTS HAS POST AND FOLLOWERS!Real Likes
28,1092,â™› Instagram Likes - [ Max - 15k ] [ Real And Active ] INSTANT,3.55,50,18999,
29,1093,Instagram Likes - [ Max - 10k ] [ Real  Natural Increase ] INSTANT,0.65,20,60000,
30,1094,Instagram Likes + Impression [ Max - 5k ] [ SLOW - High Quality ] [ 500-1500/day ] INSTANT,2.05,10,5000,Instant Start700-1500 Per daySuper high quality LikesAll accounts are 100% real from RussiaMany posts and Active stories!
31,1095,Instagram Likes [ Max - 15k ] [ Real Likes ] [ Natural Increase ] INSTANT,0.80,20,60000,
32,1096,Instagram Likes - [ S11 ] [ Max -7k ] INSTANT,0.96,20,7000,
33,1098,Instagram Likes - [ Max - 10k ] [ FASTEST ] INSTANT,2.30,50,10000,
34,1099,Instagram Likes  - [ Max - 2k ] [ Real likes - 1k/hour INSTANT,1.05,50,2000,
35,1100,NEW - Instagram Likes + Reach + Impression + Profile Visit [ REAL ] INSTANT,1.30,20,5000,INSTANT STARTREAL LIKES WITH MANY STORY ACTIVESUPER-FAST
36,1259,22 ~ Instagram - Likes ~ ğ‘ğ—˜ğ—”ğ—Ÿ ~ Max 10k ~ ğğ ğ—¥ğ—˜ğ—™ğ—œğ—Ÿğ—Ÿ ~ Speed 10k/days ~ INSTANT,0.66,20,50000,- High-Quality Instagram Liks- Min 20 & Max 5000- Speed 500 per Hrs- Start time 5 min to 1hrs
37,1260,3234 ~ Instagram - Likes ~ ğ‘ğ—˜ğ—”ğ—Ÿ ~ Max 50k ~ ğğ ğ—¥ğ—˜ğ—™ğ—œğ—Ÿğ—Ÿ ~ Speed 5k/days ~ INSTANT,0.71,50,50000,Quality: ğ‘ğ„ğ—”ğ‹ ProfileQuantity: Min 50 Max 50kStart: 0 to 5 min StartingSpeed: 1k-2k Per HrsGuarantee: NO Guarantee
38,1264,3299 ~ Instagram - Likes ~ Max 50k ~ ğ‘ğ—˜ğ—”ğ—Ÿ ~ ğğ ğ—¥ğ—˜ğ—™ğ—œğ—Ÿğ—Ÿ ~ Speed 5k/Hrs ~ INSTANT,0.95,10,10000,
39,1016,3301 ~ Instagram Likes - Max 10k ~ Speed 200/hrs ~ ğ—¥ğ—˜ğ—™ğ—œğ—Ÿğ—Ÿ ~ INSTANT,0.42,10,15000,
40,1017,1081 ~ Instagram - Likes ~ Max 30k ~ ğ—¥ğ—˜ğ—™ğ—œğ—Ÿğ—Ÿ ~ Instant,0.61,10,10000,Quality: ğğ—¢ğ—§ with Photo on profileQuantity: Min 10 Max 10kStart: 0 to 5 min StartingSpeed: 1k-5k Per hrsGuarantee: 30 days auto refill Guarantee
41,1018,739 ~ ğŸ”¥ğ‡oğ­ ~ Instagram Likes - Max 20k ~ ğ—¥ğ—˜ğ—™ğ—œğ—Ÿğ—Ÿ ~ INSTANT,0.90,10,10000,Quality: ğğ—¢ğ—§ Quality with profile PictureQuantity: Min 10 Max 20kStart: 0 to 5 min StartingSpeed: 5k Per hrsGuarantee: 5 days Auto Refill Guarantee
42,1020,682 ~ Instagram Likes - Max 100k ~ Speed 3k/hr ~ ğ—¥ğ—˜ğ—™ğ—œğ—Ÿğ—Ÿ ~ INSTANT,1.11,10,100000,Quality: ğğ—¢ğ—§ Quality with profile PictureQuantity: Min 10 Max 100kStart: 0 to 5 min StartingSpeed: 20k Per hrsGuarantee: 5 days ğ€ğ—¨ğ“ğ ğ—¥ğ—˜ğ—™ğ—œğ—Ÿğ—Ÿ
43,1023,305 ~ ğŸ”¥ğ‡oğ­ ~ Instagram Likes ~ Max 20k ~ Speed 10k/Hr ~ ğ—¥ğ—˜ğ—™ğ—œğ—Ÿğ—Ÿ ~ INSTANT,2.56,50,20000,Quality: Have profile pictureSpeed: 10k Per hrsMin : 20 Max 10kGuarantee: 30d Guarantee
44,1024,581 ~ Instagram Likes - Max 10k ~ Speed 10k/Hr ~ ğ—¥ğ—˜ğ—™ğ—œğ—Ÿğ—Ÿ ~ INSTANT,2.44,50,20000,
45,1025,21 ~ ğŸ’‹ğ’ğ„ğ—ğ˜ ~ Instagram Likes - Max 20k ~ ğ—¥ğ—˜ğ—™ğ—œğ—Ÿğ—Ÿ ~ Speed 1k/Hrs ~ INSTANT,3.06,50,20000,- Good Quality Instagram Likes- Min 10 & Max 10000- Speed 5k-10k per days- Start time 5 min to 1 hrs ( Some time delay if server overload or we update system)
46,1266,3235 ~ Instagram - Likes ~ ğ‘ğ—˜ğ—”ğ—Ÿ ~ Max 10k ~ ğ—¥ğ—˜ğ—™ğ—œğ—Ÿğ—Ÿ 30D ~ Speed 5k/Hrs ~ INSTANT,0.66,20,25000,Quality: ğ‘ğ„ğ—”ğ‹ ProfileQuantity: Min 20 Max 3kStart: 0 to 5 min StartingSpeed: 1k-2k Per daysGuarantee: NO Guarantee
47,1267,3273 ~ Instagram - Likes ~ ğ‘ğ—˜ğ—”ğ—Ÿ ~ Max 100k ~ ğ—¥ğ—˜ğ—™ğ—œğ—Ÿğ—Ÿ 90D ~ Speed 5k/Hrs ~ INSTANT,0.71,50,50000,Quality: ğ‘ğ„ğ—”ğ‹ ProfileQuantity: Min 20 Max 5kStart: 0 to 5 min StartingSpeed: 1k-2k Per daysGuarantee: Life tie Guarantee
48,1268,24 ~ Instagram - Likes ~ Max 11k ~ ğ‘ğ—˜ğ—”ğ—Ÿ ~ ğ—¥ğ—˜ğ—™ğ—œğ—Ÿğ—Ÿ ~ Speed 500/Hrs INSTANT,0.75,10,11000,Quality: ğ‘ğ„ğ—”ğ‹ ProfileQuantity: Min 50 Max 10kStart: 0 to 5 min StartingSpeed: 10k Per HrsGuarantee: 30 days ğ—¥ğ—˜ğ—™ğ—œğ—Ÿğ—Ÿ
49,1269,3335 ~ Instagram - Likes ~ Max 25k ~ ğ‘ğ—˜ğ—”ğ—Ÿ ~ ğ—¥ğ—˜ğ—™ğ—œğ—Ÿğ—Ÿ 30D ~ Speed 100/Hrs ~ INSTANT,0.84,20,10000,
50,1270,3334 ~ Instagram - Likes ~ Max 10k ~ ğ‘ğ—˜ğ—”ğ—Ÿ ~ ğ—¥ğ—˜ğ—™ğ—œğ—Ÿğ—Ÿ 30D ~ Speed 500/Hrs ~ INSTANT,1.12,50,10000,
51,1271,274 ~ Instagram - Likes ~ Max 3k ~ ğ‘ğ—˜ğ—”ğ—Ÿ ~ ğ—¥ğ—˜ğ—™ğ—œğ—Ÿğ—Ÿ 30D ~ Speed 3k/Hrs ~ INSTANT,1.16,20,5000,~ Likes + Impressions + Profile Visits ~ help post to appear on Discover and gain a lot of attraction.Impressions spread to Insights as follows to make it look natural:~ 100% ~ of the order amount as Impressions~ 20% ~ of the order amount send as Profile Visits~ 60% ~ of the order amount as Discover~ 25% ~ of the order amount as Profile~ 10% ~ of the order amount as Home~ 10% ~ of the order amount as Other~ This combination of Impressions will help your post to appear on Discover and gain lots of real followers.~ Don't forget the higher the number of impressions you send the higher chance you have to appear on Discover.
52,1272,3255 ~ Instagram - Likes ~ Max 50k ~ ğ‘ğ—˜ğ—”ğ—Ÿ ~ ğ—¥ğ—˜ğ—™ğ—œğ—Ÿğ—Ÿ 30D ~ Speed 10k/Days ~ INSTANT,0.98,10,10000,Quality: ğ‘ğ„ğ—”ğ‹ ProfileQuantity: Min 50 Max 50kStart: 0 to 5 min StartingSpeed: 20k Per daysGuarantee: 30 days ğ—¥ğ—˜ğ—™ğ—œğ—Ÿğ—Ÿ
53,1274,3333 ~ Instagram - Likes ~ Max 50k ~ ğ‘ğ—˜ğ—”ğ—Ÿ ~ ğ—¥ğ—˜ğ—™ğ—œğ—Ÿğ—Ÿ 30D ~ Speed 300/Hrs ~ INSTANT,1.11,10,50000,
54,1275,740 ~ Instagram - Likes ~ Max 30k ~ ğ‘ğ—˜ğ—”ğ—Ÿ ~ ğ—¥ğ—˜ğ—™ğ—œğ—Ÿğ—Ÿ 15D ~ Speed 1k/Hrs ~ INSTANT,1.21,10,30000,Quality: ğ‘ğ„ğ—”ğ‹ ProfileQuantity: Min 50 Max 50kStart: 0 to 10 min StartingSpeed: 10k Per daysGuarantee: 30 days ğ—¥ğ—˜ğ—™ğ—œğ—Ÿğ—Ÿ
55,1276,866 ~ Instagram - Likes ~ Max 15k ~ ğ‘ğ—˜ğ—”ğ—Ÿ ~ Speed 1k/Hrs ~ ğ—¥ğ—˜ğ—™ğ—œğ—Ÿğ—Ÿ 30D ~ INSTANT,1.42,10,15000,Quality: 100% REAL Likes Guarantee: 30 Days Guarantee Minimum Order: 10 Maximum Order: 15000 Start: Within 1min to 30 Min Speed: 1k per hrs
56,1277,599 ~ Instagram - Likes ~ Max 5k ~ ğ‘ğ—˜ğ—”ğ—Ÿ ~ ğ—¥ğ—˜ğ—™ğ—œğ—Ÿğ—Ÿ 30D ~ Speed 1k/Hrs ~ INSTANT,1.91,50,5000,Quality: ğ‘ğ„ğ—”ğ‹ ProfileQuantity: Min 50 Max 5kStart: 0 to 5 min StartingSpeed: 1k Per HrsGuarantee: 30 days ğ—¥ğ—˜ğ—™ğ—œğ—Ÿğ—Ÿ
57,1278,3153 ~ ğ”…ğ—²ğ™¨ğ˜ â˜  Instagram - Likes ~ Max 50k ~ ğ‘ğ—˜ğ—”ğ—Ÿ ~ ğ—¥ğ—˜ğ—™ğ—œğ—Ÿğ—Ÿ 30D ~ Speed 1k/Hrs ~ INSTANT,1.86,20,10000,Quality: ğ‘ğ„ğ—”ğ‹ ProfileQuantity: Min 50 Max 50kStart: 0 to 10 min StartingSpeed: 10k Per daysGuarantee: 30 days ğ—¥ğ—˜ğ—™ğ—œğ—Ÿğ—Ÿ
58,1280,1019 ~ ğ”…ğ—²ğ™¨ğ˜ â˜  Instagram - Likes ~ Max 10k ~ ğ‘ğ—˜ğ—”ğ—Ÿ ~ Speed 1k/Hrs ~ ğ—¥ğ—˜ğ—™ğ—œğ—Ÿğ—Ÿ 30D ~ INSTANT,2.16,100,10000,Quality: 100% REAL Likes Guarantee: 30 Days Guarantee Minimum Order: 10 Maximum Order: 10000 Start: Within 1min to 30 Min Speed: 1k per hrs
59,1281,703 ~ ğ”…ğ—²ğ™¨ğ˜ â˜ Instagram - Likes ~ Max 20k ~ ğ‘ğ—˜ğ—”ğ—Ÿ ~ ğ—¥ğ—˜ğ—™ğ—œğ—Ÿğ—Ÿ 15D ~ Speed 10k/Hrs ~ INSTANT,2.27,50,20000,Quality: ğ‘ğ„ğ—”ğ‹ ProfileQuantity: Min 50 Max 20kStart: 0 to 5 min StartingSpeed: 20k Per HrsGuarantee: 30 days ğ—¥ğ—˜ğ—™ğ—œğ—Ÿğ—Ÿ
60,1282,580 ~ Instagram - Likes ~ Max 20k ~ ğ‘ğ—˜ğ—”ğ—Ÿ ~ ğ—¥ğ—˜ğ—™ğ—œğ—Ÿğ—Ÿ  30D ~ Speed 10k/Hrs ~ INSTANT,2.34,50,20000,Quality: ğ‘ğ„ğ—”ğ‹ ProfileQuantity: Min 50 Max 20kStart: 0 to 5 min StartingSpeed: 10k Per HrsGuarantee: 30 days ğ—¥ğ—˜ğ—™ğ—œğ—Ÿğ—Ÿ
61,1007,â™› Instagram Likes [ MQ ] [ Max - 25k ] SUPER INSTANT,0.71,10,25000,Profile picture + postNO REFILL!
62,1008,55 ~ Instagram Likes - Max 100k ~ ğ—¡ğ ğ—¥ğ—˜ğ—™ğ—œğ—Ÿğ—Ÿ ~ Speed 200/hrs ~ Super Fast,0.54,10,20000,Quality: ğğ—¢ğ—§ profileQuantity: Min 50 Max 100kStart: 0 to 5 min StartingSpeed: 1k-2k Per daysGuarantee: NO Guarantee
63,1009,800 ~ Instagram Likes - Max 30k ~ ğ—¡ğ ğ—¥ğ—˜ğ—™ğ—œğ—Ÿğ—Ÿ ~ INSTANT,0.73,20,5000,Quality: ğğ—¢ğ—§ with Photo on profileQuantity: Min 10 Max 100kStart: 0 to 5 min StartingSpeed: 1k-5k Per hrsGuarantee: No Guarantee
64,1010,171 ~  Instagram Likes - Max 5k ~ ğ—¡ğ ğ—¥ğ—˜ğ—™ğ—œğ—Ÿğ—Ÿ ~ 5k/days ~ INSTANT,0.78,10,4000,Quality: High Quality with profile PictureQuantity: Min 10 Max 4kStart: 0 to 5 min StartingSpeed: 5k Per hrsGuarantee: No Guarantee
65,1011,785 ~ Instagram Likes - Max 5k ~ ğ—¡ğ ğ—¥ğ—˜ğ—™ğ—œğ—Ÿğ—Ÿ ~ INSTANT,0.87,10,5000,Quality: High Quality with profile PictureQuantity: Min 10 Max 5kStart: 0 to 5 min StartingSpeed: 5k Per hrsGuarantee: NO Guarantee
66,1012,877 ~ Instagram Likes - Max 8k ~ ğ—¡ğ ğ—¥ğ—˜ğ—™ğ—œğ—Ÿğ—Ÿ ~ INSTANT,0.72,10,11000,Quality: High Quality with profile PictureQuantity: Min 10 Max 5kStart: 0 to 5 min StartingSpeed: 5k Per hrsGuarantee: NO Guarantee
67,1013,870 ~ Instagram Likes - Max 20k ~ ğ—¡ğ ğ—¥ğ—˜ğ—™ğ—œğ—Ÿğ—Ÿ ~ Speed 10k/days ~ INSTANT,1.26,20,50000,Quality: ğğ—¢ğ—§ Quality with profile PictureQuantity: Min 10 Max 15kStart: 0 to 5 min StartingSpeed: 20k Per hrsGuarantee: No Guarantee
68,1014,447 ~ Instagram Likes - Max 10k ~ Speed 5k/days ~ ğğ ğ—¥ğ—˜ğ—™ğ—œğ—Ÿğ—Ÿ ~ INSTANT,0.71,20,5000,
69,1032,Instagram Likes Min10 Max 50K [ 0.82$/K ] ğŸˆ¹ğŸ”¥âš¡ğŸ‘ŒğŸ‘Œ[1-2k/Hour][ Recommended],0.87,20,30000,30k/hour0-5 mints startno refill
70,1035,Instagram Likes  [10K ] [Very Less Drop][Natural Speed],0.55,20,10000,Speed:100-300/hourGuarantee:NoDrop:Very low Drop Guarantee:No
71,1036,Instagram Likes [ 2k-4k/day] [Mixed ] [ Very Less Drop],0.55,20,10000,Real Looking Accounts - 2018 2019Speed :2k-4k/dayQuality:Real LookingGuarantee:No
72,1037,Instagram Likes [ 5k/hour] [0.53$/K]]2-3k/hour] âš¡ğŸš‘[ No Refill ],0.59,20,50000,- Likes From Real Looking Account - Instant Start !- All Accounts are HIGH Quality - Will Increase Your Chance to Reach Explore Page !Speed: 2-3k/hourGuarantee:NoQuality = Real + Bot
73,1038,â™› Instagram Likes - [ Max - 20k ] [ Reliable ] [ 5k-10k/hr ] INSTANT,0.47,10,20000,SUPER INSTANTNO REFILL5k-10k/per hour
74,1040,Instagram Likes - [ Max - 24k ] [ Superfast - WITH POST ] SUPER INSTANT,0.71,10,24000,SUPER INSTANTNO REFILLSUPERFASTNO REFILL (BUT NO DROP FROM LONG TIME)
75,1042,â™› Instagram Likes - [ Max - 30k ] [ SUPERFAST ] SUPER INSTANT,0.90,10,30000,
76,1043,â™› Instagram Likes - [ Max - 1.5k ] [ REAL + BOT MIXED  ] INSTANT,0.55,10,1500,INSTANT STARTREAL + ONLY FEW BOTNO REFILL
77,1044,Instagram Likes - [ Max - 30k ] [ Reach + Impression + Profile Visits ] [ NO REFILL ] INSTANT,0.50,10,30000,Worldwide Likes!Service Changed to NO REFILL ( From 15th MAY )
78,1045,Instagram Likes + Impressions + Reach [ Max - 5k ] INSTANT,0.65,20,5000,
79,1046,Instagram Likes - [ Max - 50k ] [ HQ Accounts  Real Quality ] INSTANT,1.00,10,50000,INSTANT STARTREAL LIKESSUPERFASTLESS FOLLOWING & MANY POSTS
80,1047,Instagram Likes - [ MQ ] [ Ultrafast ] [ MAX - 50K ] SUPER INSTANT,0.96,10,50000,
81,1048,Instagram Likes - [ S12 ] [ Fastest ]  [ Max - 30k ] INSTANT,0.50,20,30000,
82,1049,Instagram Likes - [ Max - 100k ] [ Superfast ] INSTANT,0.40,10,100000,
83,1050,Instagram Likes - [ Max - 10k ] [ MQ ] [ Superfast ] INSTANT,0.55,10,10000,
84,1051,Instagram Likes - [ S21 ] [ Superfast ] [ Max - 50k ] INSTANT-10MINS,0.80,20,50000,
85,1052,Instagram Likes - [ Mixed Quality ] [ Superfast ] [ MAX - 100k ] INSTANT,0.90,10,100000,
86,1053,Instagram Likes - [ Max - 80k ] [ Superfast ] INSTANT,0.50,10,80000,NO REFILL!
87,1055,Instagram Likes - [ Max - 400K ] [ MQ  Fastest ] INSTANT,0.90,10,400000,
88,1056,Instagram Likes - [ 300-500/Per Hour ] [ Max - 20k ] INSTANT-5MINS,0.75,20,20000,
89,1057,Instagram Likes - [ Max - 20k ] [ LQ ] [ 250-500/Hour ] INSTANT,1.05,20,20000,
90,1058,Instagram Likes [ Max - 10k ] [ Superfast ] SUPER INSTANT,2.45,10,10000,
91,1059,Instagram Likes - [ LQ  1K-5k/Day ] [ Max - 20k ] INSTANT,0.35,20,20000,
92,1060,ALWAYS WORKING - Instagram Likes - [ S16 ] [ Max - 50k ] SUPER INSTANT,1.45,100,50000,
93,1061,Instagram Likes - [ S15 ] [ Superfast ] [ Max -30k  ] [ 30k/day ]  SUPER INSTANT,2.15,50,45000,Min 20Starts in a few seconds and completes 30K in a 1-24hrs
94,1501,Instagram Followers [100K] [R99] [1H - 5K/Day] â™»ğŸ”¥,1.87,10,100000,Speed 3-7k per day Instant Refill button 99 days1-3% drops after 30 days
95,1491,Instagram Followers [REAL-MIXED] [ 99 DAYS REFILL] ğŸ”¥,1.97,50,100000,Quality: High Quality [REAL + MIXED]Minimum 50 | Maximum 100KSpeed: 5k-10k per dayStart time: Instant to 1hrs( Some time delay if server overload or we update system)Guarantee: 99D GuaranteeRefund: No refundDrop: 5% Drop But this server will deliver 10% over
96,1502,Instagram Followers [500K] [R99] [1H - 5K/Day] â™»ğŸ”¥,1.99,10,500000,Start Time: 0 - 1H (sometimes 6 Hours depending on the load)Refill: 99 days guaranteeSpeed - 3K-7K/DayCancel partial anytime no stuck.Refill - by button instantly start if drops.Drop rate - 5-10% max after 2-3 weeks.
97,1101,13 ~ Instagram - Followers ~ Max 20k ~ ğ‘ğ„ğ—”ğ‹ ~ ğ—¥ğ—˜ğ—™ğ—œğ—Ÿğ—Ÿ 30D ~ Speed 1k/Days ~ INSTANT,2.15,50,20000,Quality: High QualityLimit: Min 100 & Max 2000Speed: 5k-10k per daysStart time: Instant to 3hrs ( Some time delay if server overload or we update system)Guarantee: NO GuaranteeRefund: No refund
98,1114,Instagram Followers S2 [Min 50  Max 25k] [Real Mix] [5-10k/day]ğŸ†•ğŸ†•,2.97,50,25000,Refill button EnabledReal mixSpeed - 5k-10k/day30 Days Refill Guarantee
99,1102,3359 ~ Instagram - Followers ~ Max 100k ~ ğ‘ğ„ğ—”ğ‹ ~ ğ—¥ğ—˜ğ—™ğ—œğ—Ÿğ—Ÿ 30D ~ Speed 1k/Days ~ INSTANT,2.10,50,30000,
100,1115,IG Followers - Auto Refill - Max 20k- 1k-2k/Day - 30 Days Refill [PS - 4],3.42,100,20000,30 Days Refill - Auto Refill First two weeksMax 20kSpeed:1k-2k/dayDrop - 0% noticed in first week [ Max Drop noticed -1-5% after a week as of now ]Refill Button Enabled
101,1103,3278 ~ Instagram - Followers ~ ğ‘ğ„ğ—”ğ‹ ~ ğ‘ºğ’•ğ’‚ğ™—ğ’ğ™š ~ Max 50k ~ Speed 1k/days ~ R30D ~ INSTANT,2.31,50,50000,
102,1116,Instagram Followers [ 500/day ] [Real Mixed ] [ 30 Days Refill] [PS-2] ğŸ†•ğŸ†•,2.97,50,50000,0-5% dropReal MixedSpeed 500/day30 Days Refill - Button Enabled
103,1104,805 ~ Instagram - Followers ~ ğ‘ğ„ğ—”ğ‹ ~ ğ‘ºğ’•ğ’‚ğ™—ğ’ğ™š ~ Max 20k ~ Speed 2k-3k ~ R20D ~ INSTANT,1.92,10,500000,Quality: High-Quality RealLimit: Min 100 & Max 20000Speed: 2k-3k per daysStart time: Instant to 6hrs ( Some time delay if server overload or we update system)Guarantee: 30D GuaranteeRefund: No refundDrop: 5-10% Drop But this server will deliver 30% over
104,1105,3260 ~ Instagram - Followers ~ ğ‘ğ„ğ—”ğ‹ ~ ğ‘ºğ’•ğ’‚ğ™—ğ’ğ™š ~ Max 180k ~ Speed 10k ~ R30D ~ INSTANT,2.85,25,50000,Quality: High-Quality RealLimit: Min 100 & Max 100kSpeed: 3k per daysStart time: Instant to 1hrs ( Some time delay if server overload or we update system)Guarantee: 30D Guarantee with refill buttonRefund: No refundDrop: Less than 10% Drop
105,1106,3051 ~ Instagram - Followers ~ ğ‘ğ„ğ—”ğ‹ ~ ğ‘ºğ’•ğ’‚ğ™—ğ’ğ™š ~ Max 180k ~ Speed 10k/Hrs ~ AR30,2.10,50,100000,Quality: Real-Quality FollowersGuarantee: 30 days Refill Button Minimum Order: 100 Maximum Order: 180000 Start: Within 5 min to 1 hrs but in most cases but please allow 24 hours.Speed: 100k per days after the start Drop: 5% Drop + 20% extra add
106,1107,3051 ~ Instagram - Followers ~ ğ‘ğ„ğ—”ğ‹ ~ ğ‘ºğ’•ğ’‚ğ™—ğ’ğ™š ~ Max 180k ~ Speed 10k/Hrs ~ AR30,3.60,50,180000,
107,1120,Instagram Followers -[ 30 Days Refill ] [ 2-3k/day] [ Refill Button] [ Real + Bot],2.52,50,5000,Refill Button EnabledDrop-10-15%Guarantee - 30 days
108,1108,3233 ~ Instagram - Followers ~ ğ‘ğ—˜ğ—”ğ—Ÿ ~ ğ‘ºğ’•ğ’‚ğ™—ğ’ğ™š ~ Max 50k ~ R30D ~ INSTANT,3.60,50,50000,Quality: Russian MixedMin: 20 Followers Max: 20k FollowersSpeed : 500-1000 / day Small Order Deliver FasterGuaranteed: 30 days GuaranteedStart: within 0 to 5HrsExtra: 20 -30% Extra DeliversDrop: 5-15% Drop
109,1121,Instagram [Real Mixed] [ R30] [ 1k-3k.day ] [ 30 days refill ],2.83,50,15000,3k/day30 days refillReal Mixed
110,1109,3195 ~ Instagram - Followers ~ ğ‘ğ„ğ—”ğ‹ ~ ğ‘ºğ’•ğ’‚ğ™—ğ’ğ™š ~ Max 150k ~ Speed 2k ~ R30D ~ INSTANT,3.70,50,50000,Quality: High Quality RealLimit: Min 50 & Max 80000Speed: 300-500 per daysStart time: Instant to 3hrs ( Some time delay if server overload or we update system)Guarantee: 30D GuaranteeRefund: No refundDrop: 5-15% Drop
111,1122,Instagram Followers (10K) (30 days Refill ) - S10,4.82,50,10000,0-3 Hours Start2-3k/Day30 Days refill
112,1110,3279 ~ Instagram - Followers ~ ğ‘ğ„ğ—”ğ‹ ~ ğ‘ºğ’•ğ’‚ğ™—ğ’ğ™š ~ Max 30k ~ Speed 2k-3k ~ R30D ~ INSTANT,4.30,50,30000,
113,1123,Instagram Followers [50K] [AUTO Refill R30] [INSTANT 3K- 5K/Day] [Best Service] [ Recommended],5.47,20,50000,Speed 20k-25k per dayAuto refillRefill / cancel button enabled30 days refill
114,1111,561 ~ Instagram - Followers ~ ğ‘ğ„ğ—”ğ‹ ~ ğ‘ºğ’•ğ’‚ğ™—ğ’ğ™š ~ Max 35k ~ Speed 5k ~ R30D ~ INSTANT,4.90,50,35000,Quality - 100%RealStart Time - 0 to 1 hrs - Mostly Instant Speed - 1k to 3k Per Day Guaranteed - 30 Days refill Quantity - Min 50 max 15kDrop: 5-15% Drop
115,1124,Instagram Followers (Real - Active) [ 1k-2k/day] [R30},5.62,10,50000,Real & Active1k-2k/dayMin 10 Max 50K30 Days refill
116,1112,3259 ~ Instagram - Followers ~ ğ‘ğ„ğ—”ğ‹ ~ ğ‘ºğ’•ğ’‚ğ™—ğ’ğ™š ~ Max 50k ~ Speed 10k ~ R30D ~ INSTANT,6.10,10,50000,Quality: High-Quality RealLimit: Min 100 & Max 150kSpeed: 10k per daysStart time: Instant to 1hrs ( Some time delay if server overload or we update system)Guarantee: 30D Guarantee with refill buttonRefund: No refundDrop: Less than 7% Drop
117,1125,Instagram Followers (5k/day  30 Days Refill   Auto Refill )  [ recommended],5.67,50,5000,Speed 5k/Day Refill - 30 days Very Good Service
118,1113,329 ~ Instagram - Followers ~ ğ‘ğ„ğ—”ğ‹ ~ ğ‘ºğ’•ğ’‚ğ™—ğ’ğ™š ~ Max 20k ~ Speed 1k-3k ~ AR15/R30,8.70,10,20000,- High-Quality Instagram followers- Min 5 & Max 15000- Speed 1k-3k per days- Start time 5 min to 1hrs ( Some time delay if server overload or we update system)- 30 Days Refill with 7 days Auto-Refill - You can cancel the order and ask refill by press refill buttonDrop: 5-10% Drop
119,1126,Instagram Followers [ Max 3k ] [ AR-30] [ 100% Real accounts] [ Recommended]ğŸ”¥ğŸ”¥âš¡ğŸ‘Œ,7.62,10,20000,30 days refill5 days auto refill3k/day100% real max 10k
120,1127,Instagram Followers (100K) {AR30} 5K/Day [ 30 Days Refill ] - S24,7.82,20,100000,30 days refill5k/DayCancel - refill button enabledNo Drop even after two instagram updates
121,1128,Instagram Followers - Instant ( 30 days Guaranteed ) ( Refill Button Enable ),1.82,100,5000,Instant StartMin 100 And Max 5kQuality : Real And Bot Mix Followers 30 Days Refill with Refill Button
122,1129,Instagram Followers | Max 10K | 30 Day Guaranteed ( Refill Button Enable ),1.92,100,10000,Instant StartMin 100 And Max 5kQuality : Real And Bot Mix Followers 30 Days Refill with Refill Button
123,1130,Instagram Followers [20K] [R7] [1H - 1K/Day] ğŸ’§â™»ğŸ”¥,0.71,20,20000,Low Quality accounts
124,1131,Instagram Followers [100K] [REAL] [AR30] [1H - 5K/Day] ğŸ’§â™»ğŸ”¥,2.55,20,100000,
125,1132,Instagram Followers [10K] [REAL] [R30] [1H - 2K/Day] â™»ï¸,2.50,50,15000,
126,1133,Instagram Followers [150K] [R45] [1H - 2K/Day] â™»ğŸ”¥,2.40,100,150000,Start: 0-1HSpeed: 1K - 2K/DayVery Low Drop (5-10%)Good accounts 45 days Refill
127,1134,Instagram Followers [50K] [European] [1H - 2K/Day] [R30] ğŸ”¥ğŸ”¥ğŸ”¥â™»ï¸ğŸ›‘,2.70,25,50000,Drop rate ~ 5-10%Refill: 30 DaysHQ accounts
128,1135,Instagram Followers [55K] [HQ] [R30] [2H - 2.5K/Day] â™»ğŸ”¥ğŸ”¥ğŸ”¥ğŸ”¥,2.55,50,55000,Drop rate ~ 5-10%Refill: 30 DaysHQ accounts
129,1136,Instagram Followers [10K] [AUTO R30] [3H - 1.5K/Day] â™»,6.15,100,10000,Start Time: Instant - 3HSpeed: 1-2K/DayQuality: HQ Accounts
130,1137,Instagram Followers [20K] [R30] [NON DROP] [100% REAL] [1H - 5K/Day] â™»ğŸ”¥,6.15,100,20000,Start Time: 0 - 1HSpeed: 1-20K/DayQuality: Real Active 100% Accounts - 50K Max per AccountRefill: NON DROP (if any drop Refill 30 Days) - We Dont Refill If Your Account Drops from other servicesRefill Button: ONExtra Followers: 0% - 5%.
131,1138,Instagram Followers [75K] [R30] [1H - 1K/Day] â™»ğŸ”¥,2.50,100,75000,Start: 0-1HSpeed: 500-1K/DayVery Low Drop (5-10%)HQ accounts 30 days Refill
132,1139,Instagram Followers [HQ] [10K] [R30] [2H - 750/Day] â™»ğŸ”¥ğŸ”¥ğŸ”¥,2.40,100,10000,80% HQ accounts up to 30% drop.30 days refill.
133,1140,Instagram Followers [10K] [HQ] [R20] [6H - 1K/Day] â™»,2.67,100,10000,
134,1141,Instagram Followers [15K] [R30] [BOTS WITH PP] [HIGH DROP %] [1H - 3K/Day] ğŸ”¥â™»,2.46,100,100000,Start time: 1H (usually instant)Speed: 500 to 3000/dayREAL MAX IS 100 000 (you can order 6-7 times 15000 please wait until one order is completed to order another time).Account: Bot accounts with PP example: https://prnt.sc/r25iowRefill: 30 Days (REFILL BUTTON WORKS 100%)JAP EXCLUSIVEDrop rate: ~20% after week. HIGH DROP RISK (MAY DROP UP TO 80%)
135,1142,Instagram Followers [200K] [R15] [1H - 10K/Day] â™»ğŸ’§ğŸ”¥,3.65,100,20000,Instant StartUp to 20K per DayQuality: RealMax: 20k Per Order - 200K per AccountSpecs: Refill button enabledRefill: refill for 15 days.
136,1143,Instagram Followers [100K] [NON DROP] [R30] [1H - 3K/Day] âš¡â™»ğŸ”¥,7.36,20,100000,Start Time: 0 - 1HSpeed: 1-3K/DayQuality: HQRefill: NON DROP (if any drop Refill 30 Days). (IF DROP BELOW DROP COUNT NO REFILL)Extra Followers: 0% - 5%.
137,1144,Instagram Followers [50K] [R30] [LOW DROP] [1H - 10K/DAY],3.90,200,50000,Start Time: INSTANTSpeed: 5K/HourQuality: Best QualityRefill: 15 Days - NON DROP
138,1145,Instagram Followers [70K] [AR30] [INSTANT - 10K/Day] ğŸ’§â™»ğŸ”¥,7.65,50,3000,Start Time & Speed: Refer to monitor.justanotherpanel.comQuality:Specs: 3K/Order - 70K/AccountRefill: refill for 30 days. Auto refill 5 days
139,1146,Instagram Followers [50K] [R30] [6H - 10K/Day] â™»ğŸ’§ğŸ”¥,3.51,50,50000,Start Time: Instant - 6 hoursSpeed: 10K/ day Refill: 30 days + Refill ButtonSpecs: 80%+ Real Accounts - Up to 20% Drop
140,1147,Instagram Followers [7K] [HQ] [R7] [3H - 3K/Day] â™»,3.15,100,7000,Start Time & Speed: 0-3 Hours & 3K/DayQuality: HQRefill: refill for 7 days.
141,1148,Instagram Followers [HQ] [10K] [R10] [2H - 750/Day] â™»,3.63,50,4000,
142,1149,Instagram Followers [15K] [HQ] [R10] [2H - 3K/Day] â™»,3.65,100,15000,Start Time & Speed: 0-2 Hours & 3K/DayQuality: HQRefill: refill for 10 days.
143,1150,Instagram Followers [10K] [REAL] [R15] [DROP UP TO 10% ONLY] [1H - 1K/Day],3.75,100,50000,80% Real/Inactive old accounts [Not BOT's]Less Drop [Max %5/10]Natural increase [500/1K/Day]
144,1151,Instagram Followers [20K] [R30] [6H - 3K/Day] â™»ğŸ’§ğŸ”¥,2.80,50,20000,Start Time: Instant - 6 hoursSpeed: 3K/ day Refill: 30 daysSpecs: Up to 70% Real Accounts - Refill Button - Up to 40% Drop
145,1152,Instagram Followers [30K] [HQ] [R30] [1H - 3K/Day],3.50,50,30000,Start Time & Speed: 0-2 Hours & 3K -4K/DayQuality: HQRefill: refill for 30 days.
146,1153,Instagram Followers [10K] [AR15] [3H - 1K/Day] â™»,4.56,100,10000,Start Time: Instant - 3HSpeed: 1-2K/DayQuality: High QualityRefill: Auto Refill 15 Days.Extra Followers: 0% - 5%.
147,1154,Instagram Followers [15K] [HQ] [R15] [6H - 5K/Day] â™»ğŸ”¥,4.40,100,15000,Start Time & Speed: Up to 6H start time - 2-5K/DayQuality: HQSpecs: not to much drop.Refill: 15 Days
148,1155,Instagram Followers [100K] [R20] [6H - 5K/Day] â™»ğŸ”¥,4.15,100,100000,Start Time: Instant - 6HSpeed: 2-5K/DayQuality: Mix Accounts (Have a good % of HQ accounts)Extra Followers: 0% - 5%.
149,1156,Instagram Followers [250K] [R20] [6H - 5K/Day] â™»ğŸ”¥,4.81,100,250000,Start Time: Instant - 6HSpeed: 2-5K/DayQuality: Mix Accounts (Have a good % of HQ accounts)Extra Followers: 0% - 5%.
150,1157,Instagram Followers [200K] [AR20] [HQ] [6H - 5K/Day] â™»ğŸ”¥,4.36,100,200000,Start Time: Instant - 6HSpeed: 3-5K/DayQuality: HQ Accounts (Have a good % of super HQ accounts)Extra Followers: 0% - 5%.
151,1158,Instagram Followers [50K] [AUTO R60] [1H - 2.5K/Day] â™»,6.15,100,100000,
152,1159,Instagram Followers [20K] [R15] [6H - 5K/Day] ğŸ’§â™»,4.65,100,20000,Start Time: Instant - 3HSpeed: 2-5K/DayQuality: Mix AccountsExtra Followers: 0% - 5%.
153,1160,Instagram Followers [15K] [R15] [6H - 1K/Day],4.31,100,15000,Start Time: Instant - 6 hoursSpeed: 15k/ day Refill: 15 daysSpecs: less drop
154,1161,Instagram Followers [6K] [AUTO R30] [1H - 1K/Day] â™»,7.95,100,6000,Start Time: Instant - 1 hourSpeed: 1K/ day Refill: AUTO Refill for 30 days (maximum) Specs: HQ
155,1162,ğŸ”¥ğŸ”¥ğŸ”¥ [EXCLUSIVE] Instagram Followers [100% REAL] [AR7] [100K/username - 140/order] [3H - 140/Day] â™»ğŸ”¥ğŸ”¥ğŸ”¥,5.43,140,140,âš ï¸âš ï¸âš ï¸!!!USERNAME ONLY!!!âš ï¸âš ï¸âš ï¸ğŸ“ŒThe Start Time: 0-2 Hours (Usual start within 30-60 minutes)ğŸ“ŒThe daily delivery speed: 1000-2000 Followers.ğŸ“ŒGuarantee: The delivery is Guaranteed.ğŸ“ŒRefill: Auto-Refill within 7 days after delivery. ğŸ“ŒDetails: Stable Almost Non-Drop.ğŸ“ŒQuality Example ~ The Approximative Data:-https://www.instagram.com/svez8z-https://www.instagram.com/football_news_90___-https://www.instagram.com/hadil_dali-https://www.instagram.com/ehsase_tokhmii/ (5-15%)ğŸ“ŒThe minimum order - 140 FollowersğŸ“ŒThe maximum order - 140 Followers
156,1163,ğŸ”¥ğŸ”¥ğŸ”¥ [EXCLUSIVE] Instagram Followers [100% REAL] [AR7] [100K/username - 290/order] [3H - 290/Day] â™»ğŸ”¥ğŸ”¥ğŸ”¥,5.43,290,290,âš ï¸âš ï¸âš ï¸!!!USERNAME ONLY!!!âš ï¸âš ï¸âš ï¸ğŸ“ŒThe Start Time: 0-2 Hours (Usual start within 30-60 minutes)ğŸ“ŒThe daily delivery speed: 1000-2000 Followers.ğŸ“ŒGuarantee: The delivery is Guaranteed.ğŸ“ŒRefill: Auto-Refill within 7 days after delivery. ğŸ“ŒDetails: Stable Almost Non-Drop.ğŸ“ŒQuality Example ~ The Approximative Data:-https://www.instagram.com/svez8z-https://www.instagram.com/football_news_90___-https://www.instagram.com/hadil_dali-https://www.instagram.com/ehsase_tokhmii/ (5-15%)ğŸ“ŒThe minimum order - 290 FollowersğŸ“ŒThe maximum order - 290 Followers
157,1164,ğŸ”¥ğŸ”¥ğŸ”¥ [EXCLUSIVE] Instagram Followers [100% REAL] [AR7] [100K/username - 700/order] [3H - 700/Day] â™»ğŸ”¥ğŸ”¥ğŸ”¥,5.43,700,700,âš ï¸âš ï¸âš ï¸!!!USERNAME ONLY!!!âš ï¸âš ï¸âš ï¸ğŸ“ŒThe Start Time: 0-2 Hours (Usual start within 30-60 minutes)ğŸ“ŒThe daily delivery speed: 1000-2000 Followers.ğŸ“ŒGuarantee: The delivery is Guaranteed.ğŸ“ŒRefill: Auto-Refill within 7 days after delivery. ğŸ“ŒDetails: Stable Almost Non-Drop.ğŸ“ŒQuality Example ~ The Approximative Data:-https://www.instagram.com/svez8z-https://www.instagram.com/football_news_90___-https://www.instagram.com/hadil_dali-https://www.instagram.com/ehsase_tokhmii/ (5-15%)ğŸ“ŒThe minimum order - 700 FollowersğŸ“ŒThe maximum order - 700 Followers
158,1165,ğŸ”¥ğŸ”¥ğŸ”¥ [EXCLUSIVE] Instagram Followers [100% REAL] [AR7] [100K/username - 1K/order] [3H - 1K/Day] â™»ğŸ”¥ğŸ”¥ğŸ”¥,5.43,1000,1000,âš ï¸âš ï¸âš ï¸!!!USERNAME ONLY!!!âš ï¸âš ï¸âš ï¸ğŸ“ŒThe Start Time: 0-2 Hours (Usual start within 30-60 minutes)ğŸ“ŒThe daily delivery speed: 1000-2000 Followers.ğŸ“ŒGuarantee: The delivery is Guaranteed.ğŸ“ŒRefill: Auto-Refill within 7 days after delivery. ğŸ“ŒDetails: Stable Almost Non-Drop.ğŸ“ŒQuality Example ~ The Approximative Data:-https://www.instagram.com/svez8z-https://www.instagram.com/football_news_90___-https://www.instagram.com/hadil_dali-https://www.instagram.com/ehsase_tokhmii/ (5-15%)ğŸ“ŒThe minimum order - 1000 FollowersğŸ“ŒThe maximum order - 1000 Followers
159,1166,ğŸ”¥ğŸ”¥ğŸ”¥ [EXCLUSIVE] Instagram Followers [100% REAL] [AR7] [100K/username - 1.4K/order] [3H - 1.4K/Day] â™»ğŸ”¥ğŸ”¥ğŸ”¥,4.65,1400,1400,âš ï¸âš ï¸âš ï¸!!!USERNAME ONLY!!!âš ï¸âš ï¸âš ï¸ğŸ“ŒThe Start Time: 0-2 Hours (Usual start within 30-60 minutes)ğŸ“ŒThe daily delivery speed: 1000-2000 Followers.ğŸ“ŒGuarantee: The delivery is Guaranteed.ğŸ“ŒRefill: Auto-Refill within 7 days after delivery. ğŸ“ŒDetails: Stable Almost Non-Drop.ğŸ“ŒQuality Example ~ The Approximative Data:-https://www.instagram.com/svez8z-https://www.instagram.com/football_news_90___-https://www.instagram.com/hadil_dali-https://www.instagram.com/ehsase_tokhmii/ (5-15%)ğŸ“ŒThe minimum order - 1400 FollowersğŸ“ŒThe maximum order - 1400 Followers
160,1167,ğŸ”¥ğŸ”¥ğŸ”¥ [EXCLUSIVE] Instagram Followers [100% REAL] [AR7] [100K/username - 2.9K/order] [3H - 2.9K/Day] â™»ğŸ”¥ğŸ”¥ğŸ”¥,4.65,2900,2900,âš ï¸âš ï¸âš ï¸!!!USERNAME ONLY!!!âš ï¸âš ï¸âš ï¸ğŸ“ŒThe Start Time: 0-2 Hours (Usual start within 30-60 minutes)ğŸ“ŒThe daily delivery speed: 1000-2000 Followers.ğŸ“ŒGuarantee: The delivery is Guaranteed.ğŸ“ŒRefill: Auto-Refill within 7 days after delivery. ğŸ“ŒDetails: Stable Almost Non-Drop.ğŸ“ŒQuality Example ~ The Approximative Data:-https://www.instagram.com/svez8z-https://www.instagram.com/football_news_90___-https://www.instagram.com/hadil_dali-https://www.instagram.com/ehsase_tokhmii/ (5-15%)ğŸ“ŒThe minimum order - 2900 FollowersğŸ“ŒThe maximum order - 2900 Followers
161,1168,ğŸ”¥ğŸ”¥ğŸ”¥ [EXCLUSIVE] Instagram Followers [100% REAL] [AR7] [100K/username - 4.4K/order] [3H - 4.4K/Day] â™»ğŸ”¥ğŸ”¥ğŸ”¥,4.65,4400,4400,âš ï¸âš ï¸âš ï¸!!!USERNAME ONLY!!!âš ï¸âš ï¸âš ï¸ğŸ“ŒThe Start Time: 0-2 Hours (Usual start within 30-60 minutes)ğŸ“ŒThe daily delivery speed: 1000-2000 Followers.ğŸ“ŒGuarantee: The delivery is Guaranteed.ğŸ“ŒRefill: Auto-Refill within 7 days after delivery. ğŸ“ŒDetails: Stable Almost Non-Drop.ğŸ“ŒQuality Example ~ The Approximative Data:-https://www.instagram.com/svez8z-https://www.instagram.com/football_news_90___-https://www.instagram.com/hadil_dali-https://www.instagram.com/ehsase_tokhmii/ (5-15%)ğŸ“ŒThe minimum order - 4400 FollowersğŸ“ŒThe maximum order - 4400 Followers
162,1169,ğŸ”¥ğŸ”¥ğŸ”¥ [EXCLUSIVE] Instagram Followers [100% REAL] [AR7] [100K/username - 5.9K/order] [3H - 1K/Day] â™»ğŸ”¥ğŸ”¥ğŸ”¥,4.65,5900,5900,âš ï¸âš ï¸âš ï¸!!!USERNAME ONLY!!!âš ï¸âš ï¸âš ï¸Start Time: 0-2 Hours (Usual start within 30-60 minutes)Speed: 1K-2K/DayRefill: Auto-Refill 7 days.Details: Stable Almost Non-Drop.Quality Example ~ The Approximative Data:-https://www.instagram.com/svez8z-https://www.instagram.com/football_news_90___-https://www.instagram.com/hadil_dali-https://www.instagram.com/ehsase_tokhmii/ (5-15%)Minimum order - 5900 FollowersMaximum order - 5900 Followers
163,1170,ğŸ”¥ğŸ”¥ğŸ”¥ [EXCLUSIVE] Instagram Followers [100% REAL] [AR7] [100K/username - 7.5K/order] [3H - 1K/Day] â™»ğŸ”¥ğŸ”¥ğŸ”¥,4.65,7500,7500,âš ï¸âš ï¸âš ï¸!!!USERNAME ONLY!!!âš ï¸âš ï¸âš ï¸Start Time: 0-2 Hours (Usual start within 30-60 minutes)Speed: 1K-2K/DayRefill: Auto-Refill 7 days.Details: Stable Almost Non-Drop.Quality Example ~ The Approximative Data:-https://www.instagram.com/svez8z-https://www.instagram.com/football_news_90___-https://www.instagram.com/hadil_dali-https://www.instagram.com/ehsase_tokhmii/ (5-15%)Overflow by up to 20%
164,1171,ğŸ”¥ğŸ”¥ğŸ”¥ [EXCLUSIVE] Instagram Followers [100% REAL] [AR7] [100K/username - 8.4K/order] [3H - 1K/Day] â™»ğŸ”¥ğŸ”¥ğŸ”¥,4.65,8400,8400,âš ï¸âš ï¸âš ï¸!!!USERNAME ONLY!!!âš ï¸âš ï¸âš ï¸Start Time: 0-2 Hours (Usual start within 30-60 minutes)Speed: 1K-2K/DayRefill: Auto-Refill 7 days.Details: Stable Almost Non-Drop.Quality Example ~ The Approximative Data:-https://www.instagram.com/svez8z-https://www.instagram.com/football_news_90___-https://www.instagram.com/hadil_dali-https://www.instagram.com/ehsase_tokhmii/ (5-15%)Overflow by up to 20%
165,1172,ğŸ”¥ğŸ”¥ğŸ”¥ [EXCLUSIVE] Instagram Followers [100% REAL] [AR7] [100K/username - 9.1K/order] [3H - 1K/Day] â™»ğŸ”¥ğŸ”¥ğŸ”¥,4.65,9100,9100,âš ï¸âš ï¸âš ï¸!!!USERNAME ONLY!!!âš ï¸âš ï¸âš ï¸Start Time: 0-2 Hours (Usual start within 30-60 minutes)Speed: 1K-2K/DayRefill: Auto-Refill 7 days.Details: Stable Almost Non-Drop.Quality Example ~ The Approximative Data:-https://www.instagram.com/svez8z-https://www.instagram.com/football_news_90___-https://www.instagram.com/hadil_dali-https://www.instagram.com/ehsase_tokhmii/ (5-15%)Overflow by up to 20%
166,1173,ğŸ”¥ğŸ”¥ğŸ”¥ [EXCLUSIVE] Instagram Followers [100% REAL] [AR7] [100K/username - 11K/order] [3H - 1K/Day] â™»ğŸ”¥ğŸ”¥ğŸ”¥,4.65,11000,11000,âš ï¸âš ï¸âš ï¸!!!USERNAME ONLY!!!âš ï¸âš ï¸âš ï¸Start Time: 0-2 Hours (Usual start within 30-60 minutes)Speed: 1K-2K/DayRefill: Auto-Refill 7 days.Details: Stable Almost Non-Drop.Quality Example ~ The Approximative Data:-https://www.instagram.com/svez8z-https://www.instagram.com/football_news_90___-https://www.instagram.com/hadil_dali-https://www.instagram.com/ehsase_tokhmii/ (5-15%)Overflow by up to 20%
167,1174,ğŸ”¥ğŸ”¥ğŸ”¥ [EXCLUSIVE] Instagram Followers [100% REAL] [AR7] [100K/username - 12K/order] [3H - 1K/Day] â™»ğŸ”¥ğŸ”¥ğŸ”¥,4.65,12000,12000,âš ï¸âš ï¸âš ï¸!!!USERNAME ONLY!!!âš ï¸âš ï¸âš ï¸Start Time: 0-2 Hours (Usual start within 30-60 minutes)Speed: 1K-2K/DayRefill: Auto-Refill 7 days.Details: Stable Almost Non-Drop.Quality Example ~ The Approximative Data:-https://www.instagram.com/svez8z-https://www.instagram.com/football_news_90___-https://www.instagram.com/hadil_dali-https://www.instagram.com/ehsase_tokhmii/ (5-15%)Overflow by up to 20%
168,1175,ğŸ”¥ğŸ”¥ğŸ”¥ [EXCLUSIVE] Instagram Followers [100% REAL] [AR7] [100K/username - 13K/order] [3H - 1K/Day] â™»ğŸ”¥ğŸ”¥ğŸ”¥,4.65,13000,13000,âš ï¸âš ï¸âš ï¸!!!USERNAME ONLY!!!âš ï¸âš ï¸âš ï¸Start Time: 0-2 Hours (Usual start within 30-60 minutes)Speed: 1K-2K/DayRefill: Auto-Refill 7 days.Details: Stable Almost Non-Drop.Quality Example ~ The Approximative Data:-https://www.instagram.com/svez8z-https://www.instagram.com/football_news_90___-https://www.instagram.com/hadil_dali-https://www.instagram.com/ehsase_tokhmii/ (5-15%)Overflow by up to 20%
169,1176,ğŸ”¥ğŸ”¥ğŸ”¥ [EXCLUSIVE] Instagram Followers [100% REAL] [AR7] [100K/username - 14K/order] [3H - 1K/Day] â™»ğŸ”¥ğŸ”¥ğŸ”¥,4.65,14000,14000,âš ï¸âš ï¸âš ï¸!!!USERNAME ONLY!!!âš ï¸âš ï¸âš ï¸Start Time: 0-2 Hours (Usual start within 30-60 minutes)Speed: 1K-2K/DayRefill: Auto-Refill 7 days.Details: Stable Almost Non-Drop.Quality Example ~ The Approximative Data:-https://www.instagram.com/svez8z-https://www.instagram.com/football_news_90___-https://www.instagram.com/hadil_dali-https://www.instagram.com/ehsase_tokhmii/ (5-15%)Overflow by up to 20%
170,1177,ğŸ”¥ğŸ”¥ğŸ”¥ [EXCLUSIVE] Instagram Followers [100% REAL] [AR7] [100K/username - 15K/order] [3H - 1K/Day] â™»ğŸ”¥ğŸ”¥ğŸ”¥,4.65,15000,15000,âš ï¸âš ï¸âš ï¸!!!USERNAME ONLY!!!âš ï¸âš ï¸âš ï¸Start Time: 0-2 Hours (Usual start within 30-60 minutes)Speed: 1K-2K/DayRefill: Auto-Refill 7 days.Details: Stable Almost Non-Drop.Quality Example ~ The Approximative Data:-https://www.instagram.com/svez8z-https://www.instagram.com/football_news_90___-https://www.instagram.com/hadil_dali-https://www.instagram.com/ehsase_tokhmii/ (5-15%)Overflow by up to 20%
171,1178,181 ~ Instagram - Followers ~ ğğ—¢ğ—§ Mixed ~ Max 10k ~ Speed 10k ~ R30D ~ INSTANT,2.15,50,100000,- Mixed-Quality Instagram followers- Min 50 & Max 1000- Per submit 5000 Followers- Speed 1k-2k per days- Start time 5 min to 12hrs ( Some time delay if server overload or we update system)- 30 Days Refill ( Refill time 1 hrs to 72 hrs )
172,1179,3261 ~ Instagram - Followers ~ ğ‘ğ„ğ—”ğ‹ Mixed ~ Max 20k ~ Speed 5k ~ R30D ~ INSTANT,2.40,50,50000,- Mixed-REAL Quality Instagram followers- Min 50 & Max 20000- Per submit 5000 Followers- Speed 5k per days- Start time 5 min to 12hrs ( Some time delay if server overload or we update system)- 30 Days Refill ( Refill time 1 hrs to 72 hrs )
173,1180,173 ~ ğ“ğ™šğ”€ ~ Instagram - Followers ~ ğ‘ğ„ğ—”ğ‹  Mixed ~ Max 15k ~ Speed 3k ~ R30D ~ INSTANT,2.65,50,10000,- Mixed-REAL Quality Instagram followers- Min 50 & Max 20k- Per submit 5000 Followers- Speed 5k per days- Start time 5 min to 12hrs ( Some time delay if server overload or we update system)- 30 Days Refill ( Refill time 1 hrs to 72 hrs )
174,1183,526 ~ Instagram - Followers ~ ğ‘ğ„ğ—”ğ‹ Mixed ~ Max 5k ~ Speed 5k ~ R30D ~ INSTANT,3.75,50,50000,- Mixed-REAL Quality Instagram followers- Min 50 & Max 20k- Speed 5k/10k per days- Start time 5 min to 12hrs ( Some time delay if server overload or we update system)- 30 Days Refill ( Refill time 1 hrs to 72 hrs )
175,1185,568 ~ Instagram - Followers ~ Max 10k ~ ğ‘ºğ’•ğ’‚ğ™—ğ’ğ™š ~ Speed 2k ~ R30D ~ INSTANT,7.65,100,100000,
176,1187,871 ~ Instagram - Followers ~ Max 5k ~ Speed 5k ~ 20D ~  Super Instant,6.65,50,55000,
177,1194,3192 ~ ğ“ğ™šğ”€ ~ Instagram - Followers ~ ğğ—¢ğ—§ ~ Max 25k ~ 0 to 1 hrs,1.09,10,100000,
178,1195,23 ~ğ“ğ™šğ”€ ~ Instagram - Followers ~ Max 30k ~ Speed 500 ~ INSTANT,2.30,50,30000,Quality: Mixed QualityLimit: Min 100 & Max 30kSpeed: 500 per daysStart time: Instant to 60min ( Some time delay if server overload or we update system)Guarantee: NO GuaranteeRefund: No refundNo Complain will be accepted about the drop the drop can be any time any sec. Please buy at your own risk. Also server can be down if ig update or our account get block.
179,1196,72 ~ ğ“ğ™šğ”€ ~ Instagram - Followers ~ ğ‘ğ„ğ—”ğ‹ ~ Max 5k ~ INSTANT,2.19,100,5000,Quality: ğ‘ğ„ğ—”ğ‹ QualityLimit: Min 100 & Max 5kSpeed: 3k per daysStart time: Instant to 3hrs ( Some time delay if server overload or we update system)Guarantee: NO GuaranteeRefund: No refundDrop: 5-20%How ever No Complain will be accepted about the drop the drop can be any time any sec. Please buy at your own risk. Also server can be down if ig update or our account get block.
180,1198,Instagram Followers (Real Accounts  Instant Start) (100% Real ) No Refill - Less Drop,3.67,50,20000,100% RealInstant Start Less drop
181,1199,Instagram Followers [ Min 100 Max 1k] [ Real + Bot],1.02,100,1000,1k/hourNo refillReal majoritydrop is less as of now
182,1200,Instagram Followers [ Min 100  Max 3000] [ Less Drop - Majority Real] [Arabic Quality],2.67,100,3000,
183,1201,Instagram Followers No Refill [ Real Accounts + Bot] [ Max 3k] HQ accounts,1.12,50,2000,3k/hourNo refillReal majoritydrop is less as of now
184,1208,Instagram Followers - 10K - Instant Start - [ 10k*3] [Avtar Quality] [ NR},1.23,50,10000,Instant -1 hours startNo refillVery fast service10K*3Avtar qualityNo guarantee Service
185,1209,Instagram Followers [ Real Mixed ] [ 10k/Day ] [ Daily New Base] [ No Refill}ğŸ†•ğŸ†•ğŸ†•ğŸ†•,1.32,100,10000,Start InstantSpeed -10k/dayBase- Daily new BaseRefill - No refillDrop -20-30% as of now [ Not fixed]
186,1210,Instagram Followers Max 5K - 80% Real - 10-20% Drop - No Refill,1.73,100,5000,1k in 1 minutes80% realIt is no refill service - when we added the service it was 10-20% the drop can be high
187,1211,Instagram Real Followers (0-6H Start) Max 2500 [Real Users- Less Drop - No Refill ],2.02,100,2500,Real AccountsMin 100 Max 25002500/dayStart 0-6 hours
188,1212,Instagram Followers - 5K - Instant Start - [ 5k/day] [ Real Followers] [ No Refill] [ Less Drop],1.82,100,10000,Instant -1 hours startNo refill5k- day
189,1213,Instagram BOT + Real Followers [ No Refill ] [ 2-5k/day] [ Less Drop],2.58,50,10000,
190,1215,â™› Instagram Followers -  [ Max - 50k ] [ NO PARTIAL ] [ NO REFILL ] SUPER INSTANT,5.53,10,50000,SUPER INSTANTHIGH QUALITYREAL FOLLOWERSNO REFILLSpeed - UPTO 20k/DAYMin - 50Max - 150k
191,1216,Instagram Followers - [ Max - 3k ] [ No Refill  Natural Increase ] [ Real Profile  Fastest ] INSTANT,1.42,100,3000,
192,1217,Instagram Followers - [ Max - 5k ] [ No refill ] [ Best Service ] [ 1k/day ] INSTANT,1.92,10,5500,
193,1218,Instagram Followers - [ Max - 1.5K ] [ No Refill  ] [ Fastest  Real ] INSTANT,1.00,100,1000,
194,1219,â™› Instagram Followers - [ Max - 5k ] [ No Refill ] [ Real Profile ] [ Fastest ] INSTANT,1.62,100,5000,
195,1220,â™› Instagram Followers - [ Max - 10k ] [ NO REFILL ] [ REAL PROFILE ] [ FASTEST ] INSTANT,2.17,100,10000,
196,1221,â™› Instagram Followers - [ Max - 20k ] [ NO REFILL ] [ REAL PROFILE ] [ FASTEST ] INSTANT,3.12,50,20000,
197,1222,â™› Instagram Followers - [ Max - 5k ] [ SLOW  HQ ] [ 500-1200/day ] [ NO REFILL ]  INSTANT,2.12,50,5000,INSTANT START500-1200 PER DAYHQ ACCALL ACCOUNT HAS POST AND FOLLOWERS!NO REFILL
198,1223,â™› Instagram Followers - [ Real  Max - 5k ] [ Superfast ] INSTANT-10MINS,2.33,100,5000,
199,1225,Instagram Followers - [ Max -3k ] [ Real - Fastest - Cheapest ] INSTANT,1.07,100,5000,
200,1226,Instagram Followers - [ Max - 5k ] [ Real ] [ Superfast ] [ NO REFILL ] INSTANT,1.32,100,5000,
201,1227,â™› Instagram Followers - [ Max - 4k ] [ NO REFILL ] SUPER INSTANT,1.73,100,5000,
202,1228,Instagram Followers - [ Max - 2000 ] [ Cheapest  Real ] SUPER INSTANT,0.82,100,1000,
203,1229,â™› Instagram Followers - [ Max - 5k ] [ 1k-3k/day ] [ Real and Active ] [ NO Refill ] INSTANT,3.33,10,5000,Instant Start1000-3000 Per dayDrop about 10-30%High quality FollowersMany RealEveryone has a lot of posts and followers!
204,1230,Instagram Followers - [ Max - 3k ] [ Fastest ] [ NO REFILL ] SUPER INSTANT,1.62,20,6000,INSTANT STARTFASTESTNO REFILLGOOD FOR BIG ACCOUNTS
205,1231,â™› Instagram Followers - [ Max - 3k ] [ 500-2k/day ] INSTANT-1HRS,2.42,100,5000,
206,1232,Instagram Followers - [ Max - 5k ] INSTANT-1HRS,3.33,100,5000,
207,1233,â™› Instagram Followers - [ Max - 100k ] [ No Refill ] [ Worldwide  Fastest ] INSTANT,1.82,100,100000,INSTANT STARTNO REFILL10k/DAYCANCEL BUTTON ENABLED
208,1234,Instagram Followers - [ Max - 5k ] [ No refill ] [ 80% Real User ] [ Superfast ] INSTANT,1.57,20,2000,
209,1235,NEW - Instagram Followers - [ Max -1k ] [ Fastest  Real Profile] INSTANT,1.02,20,1000,
210,1236,Instagram Followers - [ Max - 2000 ] [ Cheapest  Real ] SUPER INSTANT,0.77,20,250,
211,1241,â™› Instagram Followers - [ Max - 10k ] [ No Refill ] [ Bot Worldwide  Fastest ] INSTANT,1.17,50,100000,
212,1243,â™› Instagram Followers - [ Max - 20k ] [ 2k/day ] [ NO REFILL ] INSTANT,0.87,10,20000,
213,1245,Instagram Followers - [ Max - 10k ] [ No refill ] [ LQ ]  [ Superfast ] INSTANT,1.23,10,10000,
214,1246,â™› Instagram Followers - [ Max - 5k ] [ 500-2k/day ] INSTANT-1HRS,1.22,100,7000,No Refill / No Refund1000-2000 Per Day
215,1247,Instagram Followers - [ Max - 5k ] [ 500/day ] [ No refill ] INSTANT,1.92,100,5000,START 0-1HRSSPEED 500 PER DAYNo Refill / No Refund
216,1248,791 ~ Instagram - Followers ~ ARAB ~ Max 40k ~ ğ‘ğ„ğ—”ğ‹ ~ Start 0 to 6Hrs,4.95,100,100000,Quality: High QualityLimit: Min 100 & Max 20000Speed: 10k-15k per daysStart time: Instant to 3hrs ( Some time delay if server overload or we update system)Guarantee: 30 days GuaranteeRefund: No refund
217,1249,913 ~ Instagram - Followers - Turkey ~ Max 1k ~ ğ‘ğ„ğ—”ğ‹ ~ ğğ ğ—¥ğ—˜ğ—™ğ—œğ—Ÿğ—Ÿ ~ INSTANT,3.99,250,10000,Quality: High-Quality Turkey followersLimit: Min 100 & Max 1000Speed: 500-1k per daysStart time: Instant to 3hrs ( Some time delay if server overload or we update system)Guarantee: NO GuaranteeRefund: No refund
218,1250,75 ~ Instagram - Followers ~ Russia ~ Max 20k ~ ğ—¥ğ—˜ğ—™ğ—œğ—Ÿğ—Ÿ 30D ~ Speed 1k/days ~ INSTANT,2.25,10,20000,Quality: High-Quality Russia MIXED followersLimit: Min 100 & Max 10000Speed: 2k-5k per daysStart time: Instant to 3hrs ( Some time delay if server overload or we update system)Guarantee: 20D Refill GuaranteeRefund: No refund
219,1251,277 ~ Instagram Followers - IRAN ~ Max 50k ~ ğ‘ğ„ğ—”ğ‹ ~ ğ‘ºğ’•ğ’‚ğ™—ğ’ğ™š ~ INSTANT,4.15,100,50000,- High-Quality Instagram followers- Min 100 & Max 50k- Speed 5k-10k per days- Start time 5 min to 1hrs ( Some time delay if server overload or we update system)Guaranteed: No Guarantee
220,1252,522 ~ Instagram Followers - USA ~ Max 15k ~ ğ—™ğ€ğŠğ„ ~ ğ—¥ğ—˜ğ—™ğ—œğ—Ÿğ—Ÿ ~ INSTANT,4.95,50,15000,Quality: High Quality USA followersLimit: Min 20 & Max 5000Speed: 2k-5k per daysStart time: Instant to 3hrs ( Some time delay if server overload or we update system)Guarantee: NO GuaranteeRefund: No refund
221,1253,3362 ~ Instagram Followers - USA ~ Max 40k ~ ğ‘ğ„ğ—”ğ‹ ~ ğ—¥ğ—˜ğ—™ğ—œğ—Ÿğ—Ÿ 30D ~ INSTANT,3.75,100,5000,99% Real Traffic ( USAğŸ‡ºğŸ‡² Targeted) + 1% OtherThere is no dropWe can deliver extra Delivery of 20%Instant-start3k/dayR30 BUTTON ACTIVATED
222,1254,209 ~ Instagram Followers - Chinese ~ Max 10k ~ ğ—¥ğ—˜ğ—™ğ—œğ—Ÿğ—Ÿ ~ INSTANT,10.15,50,10000,Quality: High-Quality Chinese followersLimit: Min 20 & Max 5000Speed: 2k-5k per daysStart time: Instant to 3hrs ( Some time delay if server overload or we update system)Guarantee: NO GuaranteeRefund: No refund
223,1255,136 ~ Instagram Followers - Brazil ~ Max 10k ~ ğ‘ğ„ğ—”ğ‹ ~ ğ—¥ğ—˜ğ—™ğ—œğ—Ÿğ—Ÿ 30D ~ INSTANT,5.15,100,100000,Quality: High-Quality Brazil followersLimit: Min 25 & Max 50000Speed: 2k-5k per daysStart time: Instant to 3hrs ( Some time delay if server overload or we update system)Guarantee: 30D Refill GuaranteeRefund: No refund
224,1256,683 ~ Instagram Followers - Brazil ~ Max 10k ~ ğ‘ğ„ğ—”ğ‹ ~ ğ—¥ğ—˜ğ—™ğ—œğ—Ÿğ—Ÿ 30D ~ INSTANT,7.27,50,30000,Quality: High-Quality Brazil followersLimit: Min 50 & Max 20000Speed: 2k-5k per daysStart time: Instant to 3hrs ( Some time delay if server overload or we update system)Guarantee: 20D Refill GuaranteeRefund: No refund
225,1257,336 ~ Instagram Followers - Brazil ~ Max 5k ~ ğ‘ğ„ğ—”ğ‹ ~ ğ—¥ğ—˜ğ—™ğ—œğ—Ÿğ—Ÿ ~ INSTANT,10.03,25,10000,Quality: High-Quality Brazil followersLimit: Min 25 & Max 20000Speed: 2k-5k per daysStart time: Instant to 3hrs ( Some time delay if server overload or we update system)Guarantee: 30D Refill GuaranteeRefund: No refund
226,1258,808 ~ Instagram Followers - Brazil ~ Max 5k ~ ğ‘ğ„ğ—”ğ‹ ~ ğ—¥ğ—˜ğ—™ğ—œğ—Ÿğ—Ÿ ~ INSTANT,9.53,25,2000,Quality: High-Quality Brazil followersLimit: Min 25 & Max 10000Speed: 2k-5k per daysStart time: Instant to 3hrs ( Some time delay if server overload or we update system)Guarantee: NO GuaranteeRefund: No refund
227,1283,Instagram Followers [20K] [R30] [ARAB - Ù…ØªØ§Ø¨Ø¹ÙŠÙ† Ø¹Ø±Ø¨ Ù…ØªÙØ§Ø¹Ù„ÙŠÙ† ]  ğŸ’§â™»,6.15,100,20000,Username Only Real Active 100%Refill Button for 30 DaysÙ…ØªØ§Ø¨Ø¹ÙŠÙ† Ø¹Ø±Ø¨ Ù…ØªÙØ§Ø¹Ù„ÙŠÙ†24-27 Hours Start! Non Drop 5000/Day Minimum 100Maximum 20KPer Order / 50K per Account
228,1284,Instagram Followers [200K] [IRAN] [R15] [1H - 10K/Day] â™»,3.90,100,20000,Instant Start Up to 20K Per DayQuality: Real AccountSpecs: Real Middle East Account - Works on Private Account! No refill if your old followers droppedRefill: refill for 15 days. Refill Button Enabled
229,1285,Instagram Followers [10K] [BRAZIL] [R30] [6H - 5K/DAY] â™»,5.78,100,10000,Start Time & Speed: 24-48h to Start - 1-2k dayQuality: High QualityRefill: 30 Days
230,1286,ğŸ‡®ğŸ‡©Instagram Followers [INDONESIA] [12H - 500/Day],3.15,100,50000,
231,1287,ğŸ‡¸ğŸ‡¦ğŸ‡®ğŸ‡·Instagram Followers [ARAB - IRAN MIX] [2K] [100% REAL] [1H - 2K/Day],6.15,1000,2000,Start Time: 0-1 Hour (In 99% of cases start within 5 minutes)Quality: Only %100 Real and Active Accounts.No Refill But Less Drop!BEST FOR EXPLORE PAGEQuality Example ~ The Approximative Data:-https://www.instagram.com/mr.ecommerce/-https://www.instagram.com/zagborz1/-https://www.instagram.com/tabarika/Server have 300K Capacity per day limit so it can take up to 12 hours for your order to start if the capacity was reached
232,1289,ğŸ‡®ğŸ‡· Instagram IRAN Followers [2K] [REAL] [1H - 2K/Day],10.15,50,2000,Start Time: 0-1 Hour (usually within 5 minutes)Speed: 2K/DayQuality: Only %100 Real and Active Accounts.No Refill (Real can unfollow).Quality Example ~ The Approximative Data:-https://www.instagram.com/mr.ecommerce/-https://www.instagram.com/zagborz1/-https://www.instagram.com/tabarika/
233,1290,ğŸ‡§ğŸ‡·Instagram Followers [BRAZIL] [R30] [2H - 2K/Day] â™»,12.72,100,10000,Start time = 2 hours (usually instant)Speed = 2K/Day100% BrazilRefill: 30 days
234,1291,ğŸ‡§ğŸ‡·Instagram Followers [FEMALE - BRAZIL] [R30] [2H - 1K/Day] â™»,15.43,100,2000,Start time = 2 hours (usually instant)Speed = 1K/Day100% Brazil FemaleRefill: 30 days
235,1292,ğŸ‡§ğŸ‡·Instagram Followers [MALE - BRAZIL] [R30] [2H - 1K/Day] â™»,15.43,100,2000,Start time = 2 hours (usually instant)Speed = 1K/Day100% Brazil MaleRefill: 30 days
236,1293,ğŸ‡§ğŸ‡·Instagram Followers [BRAZIL] [R30] [24H - 50/Day] [SLOW] â™»,11.41,100,10000,Start time = 24 hours (usually 2 hours)Speed = 50/Day100% Brazil FemaleRefill: 30 days
237,1294,ğŸ‡§ğŸ‡· Instagram Followers [BRAZIL] [1K] [1H - INSTANT],6.90,10,1000,Real users!No refill Drop rate usually 5% (unfollow)
238,1295,ğŸ‡§ğŸ‡· Instagram Followers [BRAZIL - MALE] [1K] [1H - INSTANT],12.00,25,5000,Real users!No refill Drop rate usually 5% (unfollow)
239,1296,ğŸ‡§ğŸ‡· Instagram Followers [BRAZIL - FEMALE] [1K] [1H - INSTANT],12.00,25,4000,Real users!No refill Drop rate usually 5% (unfollow)
240,1297,ğŸ‡§ğŸ‡·Instagram Followers [BRAZIL - SAO PAULO] [10K] [R20] [INSTANT - 1K/Day] â™»ï¸,23.15,100,15000,Start Time & Speed: Instant - 1000/DayQuality: High Quality by State SÃ£o PauloRefill: R20Drop %: 10-20%
241,1298,ğŸ‡§ğŸ‡·Instagram Followers [BRAZIL - RIO DE JANEIRO] [10K] [R20] [INSTANT - 1K/Day] â™»ï¸,23.15,100,9000,Start Time & Speed: Instant - 1000/DayQuality: High Quality by State Rio de JaneiroRefill: R20Drop %: 10-20%
242,1299,ğŸ‡§ğŸ‡·Instagram Followers [BRAZIL - BAHIA] [10K] [R20] [INSTANT - 1K/Day] â™»ï¸,23.15,100,10000,Start Time & Speed: Instant - 1000/DayQuality: High Quality by State BahiaRefill: R20Drop %: 10-20%
243,1300,ğŸ‡§ğŸ‡·Instagram Followers [BRAZIL - MINAS GERAIS] [10K] [R20] [INSTANT - 1K/Day] â™»ï¸,23.15,100,10000,Start Time & Speed: Instant - 1000/DayQuality: High Quality by State Minas GeraisRefill: R20Drop %: 10-20%
244,1301,ğŸ‡ªğŸ‡¸Instagram Followers [SPANISH] [10K] [R20] [INSTANT - 1K/Day] â™»ï¸,3.70,100,10000,Start Time & Speed: Instant Start - 1K dayQuality: High QualityRefill: 30 DaysDrop: very low %Public: 80% Spanish
245,1302,Instagram Followers - European - 30 Days Guarantee - 1-3k/day ğŸ‡ªğŸ‡ºğŸ‡ªğŸ‡º,2.37,50,50000,3-5k/day speedCountry:European30 Days Refill GuaranteeRefill Button EnabledMajority is european=50%+
246,1303,Instagram Followers Indonesia min 50 Max 10k,2.58,100,50000,NO REFILL [12H - 1K/Day]
247,1304,Instagram Followers - IRAN - Max 5k - No Refill [ 80% Real accounts ] [ 5K/day],2.72,100,5000,IRAN Real UsersArabic Name80% Real usersLess DropNo Refill
248,1305,Instagram Followers Russian - Real accounts- Max 5k - 2-3k/day- No refill,3.58,5,10000,No RefillSpeed - 1-3k/daystart - instant - 6 hoursLess Drop
249,1306,Instagram Followers[ Iran ] [R15] [Accepts Private],3.97,50,20000,15 days refillIran / Arab Targetted
250,1307,Instagram Followers [20K] [ARAB - Ù…ØªØ§Ø¨Ø¹ÙŠÙ† Ø¹Ø±Ø¨ Ù…ØªÙØ§Ø¹Ù„ÙŠÙ† [R30 - 3-5k/day],4.62,100,100000,Real Active 100%Ù…ØªØ§Ø¨Ø¹ÙŠÙ† Ø¹Ø±Ø¨ Ù…ØªÙØ§Ø¹Ù„ÙŠÙ†0-3 Hours startt3-5k/day[Old drops won't be covered]30 Days refill
251,1308,128 ~ Instagram Likes - USA ~ Max 50k ~ ğ—™ğ€ğŠğ„ ~ ğ—¥ğ—˜ğ—™ğ—œğ—Ÿğ—Ÿ  ~ INSTANT,1.02,20,20000,- Likes From USA profile- Min 100 & Max 20000- Speed 5k-20k per days- Start time 10min to 1hrs ( Some time delay if server overload or we update system)- 4X Auto-Refill If drop maximum 4 times we will refill If you order 100 it will refill 400 likes maximum. After that no more refill
252,1309,119 ~ Instagram Likes - Chinese ~ Max 2k ~ ğ—™ğ€ğŠğ„ ~ ğğ ğ—¥ğ—˜ğ—™ğ—œğ—Ÿğ—Ÿ  ~ INSTANT,2.57,10,15000,4X Auto-Refill If drop maximum 4 times we will refill If you order 100 it will refill 400 likes maximum. After that no more refill
253,1310,19 ~ Instagram Likes - INDIA ~ Max 2k ~ ğ—™ğ€ğŠğ„ ~ ğğ ğ—¥ğ—˜ğ—™ğ—œğ—Ÿğ—Ÿ ~ INSTANT,1.03,10,10000,- Likes From INDIAN profile - Bot Account.- Min 10 & Max 10k- Speed 5k-10k per days- Start time 1 min to 1hrs ( Some time delay if server overload or we update system)
254,1311,141 ~ Instagram Likes - Russia ~ Max 2k ~ ğ—™ğ€ğŠğ„ ~ ğğ ğ—¥ğ—˜ğ—™ğ—œğ—Ÿğ—Ÿ ~ INSTANT,1.94,10,50000,- Likes From Russian profile - Min 100 & Max 7500 - Speed 5k-20k per days - Start time 10min to 1hrs ( Some time delay if server overload or we update system) 
255,1312,788 ~ Instagram Likes - IRAN/Persian ~ Max 50k ~ ğ‘ğ„ğ—”ğ‹ ~ ğ‘ºğ’•ğ’‚ğ™—ğ’ğ™š  ~ INSTANT,1.97,50,50000,- Likes From IRAN profile- Min 50 & Max 10000- Speed 2k-5k per days- Start time 30 min to 3hrs ( Some time delay if server overload or we update system)
256,1313,556 ~ Instagram Likes - ARAB/Mixed ~ Max 50k ~ ğ‘ğ„ğ—”ğ‹ ~ ğ‘ºğ’•ğ’‚ğ™—ğ’ğ™š  ~ INSTANT,2.07,100,50000,- Likes From ARAB + IRAN profile- Min 50 & Max 10000- Speed 2k-5k per days- Start time 30 min to 3hrs ( Some time delay if server overload or we update system)
257,1314,53 ~ Instagram Likes - Turkey ~ Max 20k ~ ğ‘ğ„ğ—”ğ‹ ~ ğ—¥ğ—˜ğ—™ğ—œğ—Ÿğ—Ÿ  ~ INSTANT,2.35,50,20000,- Likes From turkey profile - Min 100 & Max 15000 - Speed 5k-20k per days - Start time 10min to 1hrs ( Some time delay if server overload or we update system) 
258,1315,138 ~ Instagram Likes - Taiwen ~ Max 2k ~ ğ—™ğ€ğŠğ„ ~ ğ—¥ğ—˜ğ—™ğ—œğ—Ÿğ—Ÿ  ~ INSTANT,2.57,50,20000,
259,1316,Instagram Likes + Impressions [TURKEY] [20K] [1H - 10K/Day] ğŸ’§,2.27,50,20000,Start Time: 0-60 MinutesSpeed: 10K/ day Refill: No refillSpecs: can face delays sometimes
260,1317,Instagram Likes [25K] [IRAN] [INSTANT - 10K/Day],1.69,100,25000,RealInstant StartMinimum 100
261,1318,Instagram Likes [5K] [REAL - ARAB],2.71,50,5000,Start Time & Speed: Instant - Up to 2k Per Hour Quality: REAL ARAB accounts 100% with profile pictures.Extra Likes: 0% - 5%.
262,1319,Instagram Likes [10K] [BRAZIL - REAL] [3H - SUPER SLOW ~ 100/Day],0.67,10,3000,REAL LIKES!Some VERIFIED accounts will like!
263,1320,ğŸ‡§ğŸ‡· Instagram Likes [BRAZIL] [2.5K] [1H - INSTANT],3.92,10,5000,Real BRAZIL Likes!Non Drop!
264,1321,Instagram Likes [10K] [RUSSIA] [INSTANT - 5K/Day]ğŸ’§,1.51,10,23000,Start Time: 0 - 1HSpeed: 2-5K/Day (Slow)Quality: HQ Russian AccountsExtra Likes: 0% - 20%.
265,1322,ğŸ‡¸ğŸ‡¦Instagram Likes [200] [ARAB - SUPER REAL] [6H - 200/Day],1.95,100,10000,Start Time: Instant - 6H Speed: 300/DayQuality: REAL ARAB Accounts with profile pictures and postsExtra Likes: 0%.
266,1323,Instagram Likes [2.5k] [BRAZIL] [6H - 200/Hour] ğŸ’§,3.01,50,2000,
267,1324,ğŸ‡®ğŸ‡·Instagram Likes [10K] [IRAN] [REAL],2.17,50,10000,Real Iranian Likes100% HQ QualityInstant StartMin = 50Max = 2k
268,1325,Instagram Likes [1K] [BRAZIL] [1H - INSTANT] ğŸ’§,3.19,20,4000,Start Time: Instant - 1HSpeed: Instant Specs: Real Brazil Likes
269,1326,Instagram Likes [INDIA] [BOTS - FAST],0.77,10,10000,
270,1327,ğŸ‡¸ğŸ‡¦ğŸ‡®ğŸ‡·Instagram Likes [ARAB - IRAN MIX] [10K] [SUPER REAL],2.42,50,10000,
271,1331,204 ~ Instagram - Video Views + Impression ~ Max 1m ~ ğ‘ğ„ğ—”ğ‹ ~ ğ‘ºğ’•ğ’‚ğ™—ğ’ğ™š ~ INSTANT,0.02,100,100000000,- Views From REAL profile- Min 50 & Max 1m- Speed 10k-50k per days- Start time 10min to 1hrs ( Some time delay if server overload or we update system)- Life time Stable
272,1332,577 ~ Instagram - Video Views + Impression ~ Max 1m ~ ğ‘ğ„ğ—”ğ‹ ~ ğ‘ºğ’•ğ’‚ğ™—ğ’ğ™š ~ INSTANT,0.02,100,100000000,
273,1333,365 ~ Instagram - Video Views + Impression ~ Max 10M ~ ğ‘ğ„ğ—”ğ‹ ~ ğ‘ºğ’•ğ’‚ğ™—ğ’ğ™š ~ INSTANT,0.02,100,100000000,
274,1334,1034 ~ Instagram - Video Views + Impression ~ Max 10M ~ ğ‘ğ„ğ—”ğ‹ ~ Speed 100k/Hrs ~ INSTANT,0.03,1000,1000000000,
275,1335,237 ~ Instagram - Video Views + Impression ~ Max 500k ~ ğ‘ğ„ğ—”ğ‹ ~ ğ‘ºğ’•ğ’‚ğ™—ğ’ğ™š ~ INSTANT,0.04,100,5000000,- Views From REAL profile - Min 100 & Max 1000000 - Speed 10k-50k per days - Start time 10min to 1hrs ( Some time delay if server overload or we update system) - Life time Stable 
276,1336,169 ~ Instagram - Video Views + Impression ~ Max 1m ~ ğ‘ğ„ğ—”ğ‹ ~ ğ‘ºğ’•ğ’‚ğ™—ğ’ğ™š ~ INSTANT,0.04,100,1000000,- Views From REAL profile - Min 100 & Max 1000000 - Speed 10k-50k per days - Start time 10min to 1hrs ( Some time delay if server overload or we update system) - Life time Stable 
277,1337,1035 ~ Instagram - Video Views + Impression ~ Max 1m ~ ğ‘ğ„ğ—”ğ‹ ~ ğ‘ºğ’•ğ’‚ğ™—ğ’ğ™š ~ INSTANT,0.06,100,10000000,
278,1338,159 ~ Instagram - Video Views + Impression + Reach ~ Max 1m ~ ğ‘ğ„ğ—”ğ‹ ~ ğ‘ºğ’•ğ’‚ğ™—ğ’ğ™š ~ INSTANT,0.04,100,1000000,- Views From REAL profile - Min 100 & Max 500000 - Speed 10k-50k per days - Start time 10min to 1hrs ( Some time delay if server overload or we update system) - Life time Stable 
279,1339,3222 ~ Instagram - Views + Profile Visits + Impressions + Interaction + Reach ~ INSTANT,0.05,250,1000000,
280,1341,238 ~ Instagram - Video Views + Impression ~ USA ~ Max 5M ~ ğ‘ğ„ğ—”ğ‹ ~ ğ‘ºğ’•ğ’‚ğ™—ğ’ğ™š ~ INSTANT,0.04,100,5000000,- Views From USA profile - Min 100 & Max 50000 - Speed 10k-50k per days - Start time 10min to 1hrs ( Some time delay if server overload or we update system) - Life time Stable 
281,1342,239 ~ Instagram - Video Views + Impression ~ ARAB ~ Max 5M ~ ğ‘ğ„ğ—”ğ‹ ~ ğ‘ºğ’•ğ’‚ğ™—ğ’ğ™š ~ INSTANT,0.04,100,1000000,- Views From ARAB profile - Min 100 & Max 50000 - Speed 10k-50k per days - Start time 10min to 1hrs ( Some time delay if server overload or we update system) - Life time Stable 
282,1343,240 ~ Instagram - Video Views + Impression ~ INDIA ~ Max 5M ~ ğ‘ğ„ğ—”ğ‹ ~ ğ‘ºğ’•ğ’‚ğ™—ğ’ğ™š ~ INSTANT,0.04,100,1000000,- Views From Thai profile - Min 100 & Max 50000 - Speed 10k-50k per days - Start time 10min to 1hrs ( Some time delay if server overload or we update system) - Life time Stable 
283,1344,238 ~ Instagram - Video Views + Impression ~ IRAN ~ Max 5M ~ ğ‘ğ„ğ—”ğ‹ ~ ğ‘ºğ’•ğ’‚ğ™—ğ’ğ™š ~ INSTANT,0.04,100,1000000000,- Views From IRAN profile - Min 100 & Max 50000 - Speed 10k-50k per days - Start time 10min to 1hrs ( Some time delay if server overload or we update system) - Life time Stable 
284,1345,3248 ~ Instagram - Video Views + Impression ~ KOREAN ~ Max 5M ~ ğ‘ğ„ğ—”ğ‹ ~ ğ‘ºğ’•ğ’‚ğ™—ğ’ğ™š ~ INSTANT,0.04,100,1000000000,
285,1346,238 ~ Instagram - Video Views + Impression ~ BRAZIL ~ Max 5M ~ ğ‘ğ„ğ—”ğ‹ ~ ğ‘ºğ’•ğ’‚ğ™—ğ’ğ™š ~ INSTANT,0.04,100,5000000,
286,1347,Instagram Views [500K] [INSTANT - 500K/Day] ğŸ’§,0.02,200,10000000,
287,1348,Instagram Views + Impressions [899K] [REAL] [INSTANT - INSTANT] ğŸ’§,0.06,100,10000000,Start Time: Instant Speed: 100K - 300K/ day Refill: No refill
288,1349,Instagram Views [3M] [INSTANT - 3M/Day] ğŸ’§,0.04,100,3000000,Start Time: Instant Speed: 100k to 300k/ day Refill: No refill
289,1350,Instagram Views [100K] [INSTANT - 100K/Day],0.02,200,100000,Start Time: Instant StartSpeed: 10M/ day Refill: No refill Specs: Real
290,1351,Instagram Views + Profile Visits + Impressions + Interaction + Reach [1M] [INSTANT - 1M/Day] âš¡âš¡ âš¡ğŸ’§,0.05,250,1000000,
291,1352,Instagram Views + Impressions + Profile Visits [5M] [INSTANT - 5M/Day] ğŸ’§,0.06,100,5000000,Start Time: Instant Speed: Up to 300K Per Hour SpeedRefill: No refillSpecs: IG Views + Impressions + Profile Visits-Impressions = Randomly Selected
292,1353,Instagram Views [100M] [INSTANT - 5M/Hour],0.04,100,100000000,Instant Start500K - 10M/Hour
293,1354,Instagram Views + Impressions [10M] [INSTANT - 500K/Day],0.03,100,10000000,
294,1355,Instagram Views + Impressions [5M] [1H - 500K/Day],0.03,100,5000000,INSTANT START ! Min = 100
295,1356,Instagram Views [500K] [INSTANT - 500K/Day] ğŸ’§,0.03,100,10000000,Instant !Min = 50 !Max = UNLIMITED !
296,1357,Instagram Views + Impressions [50K] [FROM OTHER] [INSTANT - 50K/Day],0.03,100,50000,Real Views + Impressions showing from Other in the statistics (so much helpful)! Instant Start! Fast Delivery! Minimum 20 Maximum 3M
297,1358,Instagram Views + Impressions [1.5M] [INSTANT - 500K/Day],0.04,100,1500000,Real Views + Impressions Instant Start! Fast Delivery! Minimum 100 Maximum 1.5M
298,1359,Instagram Views + Impressions [1M] [INSTANT - 1M/Day] ğŸ’§,0.05,100,1000000,Start Time: Instant Speed: 300K-500K/ day Refill: No refillSpecs: Fast
299,1360,Instagram Views + Impressions + Profile Visits [1.5M] [REAL] [INSTANT - INSTANT] ğŸ’§,0.06,100,10000000,Start Time: Instant -Speed: 300K/ day Refill: -Specs: Real Views with Impressions & Profile Visits - 100% Of Quantity Comes as Impressions - 20% Of Quantity Comes as Profile Visits
300,1361,Instagram Views [999K] [INSTANT - 100K/Day] ğŸ’§,0.09,20,999000,Start Time: InstantSpeed: 300K/ day Refill: No refill
301,1362,Instagram Views [800K] [REAL] âš¡ï¸ğŸ’§â­,0.05,100,800000,Start Time: Instant Speed: 80k/ day Refill: noSpecs: Real Views
302,1363,Instagram Views [999K] [INSTANT - 100K/Day] ğŸ’§,0.07,20,999000,Start Time: Instant Speed: 20k-30k/ day Refill: noSpecs: Real
303,1364,Instagram Views [999K] [INSTANT - 100K/Day] ğŸ’§,0.09,20,999000,Start Time: Instant Speed: 300k/ day Refill: noSpecs: Real
304,1365,Instagram Views + Impressions [2M] [FROM EXPLORE] [INSTANT - 500K/Day],0.05,100,2000000,Real Views + Impressions showing from Explore in the statistics (so much helpful)! Instant Start! Fast Delivery! Minimum 100 Maximum 2M
305,1366,Instagram Views + Impressions [2M] [FROM LOCATION] [INSTANT - 500K/Day],0.05,100,2000000,Real Views + Impressions showing from Location in the statistics (so much helpful)! Instant Start! Fast Delivery! Minimum 100 Maximum 2M
306,1367,Instagram Views + Impressions [2M] [FROM HOME] [INSTANT - 500K/Day],0.05,100,2000000,Real Views + Impressions showing from Home in the statistics (so much helpful)! Instant Start! Fast Delivery! Minimum 100 Maximum 2M
307,1368,Instagram Views [60K] [INSTANT - 60K/Day] ğŸ’§,0.10,100,60000,Real Instant Finish! Best In The Market! Minimum 100
308,1369,Instagram Views [80K] [ARAB] [INSTANT - 80K/Day] ğŸ’§,0.16,100,80000,Start Time: Instant Speed: 20k-30k/ day Refill: noSpecs: Real
309,1370,Instagram Views [55K] [USA] [INSTANT - 55K/Day] ğŸ’§,0.22,100,55000,Start Time: InstantSpeed: 20k-30k/ day Refill: noSpecs: Real
310,1371,Instagram Views [55K] [FRANCE] [INSTANT - 55K/Day] ğŸ’§,0.22,100,55000,Start Time: InstantSpeed: 20k-30k/ day Refill: noSpecs: Real
311,1372,Instagram Views [67K] [ME] [INSTANT - 67K/Day] ğŸ’§,0.22,100,67000,Start Time: InstantSpeed: 20k-30k/ day Refill: noSpecs: Real
312,1373,Instagram Views [55K] [UK] [INSTANT - 55K/Day] ğŸ’§,0.22,100,55000,Start Time: InstantSpeed: 20k-30k/ day Refill: noSpecs: Real
313,1374,Instagram Views [55K] [JAPAN] [INSTANT - 55K/Day] ğŸ’§,0.22,100,55000,Start Time: InstantSpeed: 20k-30k/ day Refill: noSpecs: Real
314,1375,Instagram Views [65K] [DUBAI] [INSTANT - 65K/Day] ğŸ’§,0.22,100,65000,Start Time: InstantSpeed: 20k-30k/ day Refill: noSpecs: Real
315,1376,Instagram Views + Impressions [1M] [TURKEY] [INSTANT - 500K/Day],0.07,200,1000000,
316,1503,Instagram Views + Impressions + Reach + Profile Visits [10M] [INSTANT - 5M/Day] ğŸ’§,0.07,100,10000000,Video views %100Reach Max: 20KProfile Visits %20-%50 random and impression
317,1492,391 ~ Instagram - IGTV Views ~ Max 1m ~ ğ‘ğ„ğ—”ğ‹ ~ ğ‘ºğ’•ğ’‚ğ™—ğ’ğ™š ~ Speed 100k ~ INSTANT,0.05,200,10000000,
318,1493,385 ~ Instagram - IGTV Views + Impression ~ Max 1m ~ ğ‘ğ„ğ—”ğ‹ ~ ğ‘ºğ’•ğ’‚ğ™—ğ’ğ™š ~ Speed 100k ~ INSTANT,0.08,500,1000000,
319,1494,383 ~ Instagram - IGTV Likes ~ Max 10k ~ ğ—™ğ€ğŠğ„ ~ ğ‘ºğ’•ğ’‚ğ™—ğ’ğ™š ~ Speed 10k ~ INSTANT,2.08,50,10000,
320,1495,243 ~ Instagram - IGTV Likes ~ Max 10k ~ ğ—™ğ€ğŠğ„ ~ ğ‘ºğ’•ğ’‚ğ™—ğ’ğ™š ~ Speed 10k ~ INSTANT,1.44,10,10000,
321,1496,382 ~ Instagram - IGTV Likes ~ Max 10k ~ ğ—™ğ€ğŠğ„ ~ ğ‘ºğ’•ğ’‚ğ™—ğ’ğ™š ~ Speed 10k ~ INSTANT,1.44,100,2000,
322,1497,IGTV Views [100M] [INSTANT - 500K/Day],0.03,100,10000000,Instagram TV Views ! Full TV Video Link Needed ! INSTANT Start ! Min = 50!
323,1498,IGTV Likes [15K] [1H - 5K/Day] ğŸ’§,0.58,100,10000,Start Time: Instant - 2 hoursSpeed: 10K/ day Refill: noSpecs:
324,1499,IGTV Comments [100K] [1H - 100K/Day] ğŸ’§,23.00,5,1000,IGTV Random CommentsInstant StartMin = 100Max -= 100K
325,1500,IGTV TOP QUALITY Likes [5K] [INSTANT - INSTANT],3.05,50,5000,The Start Time: 0-1 Hour (In 99% of cases start within 5 minutes)The daily delivery speed: 5K Likes ~ Usual speed is 400-800 Likes/HourQuality: Only %100 Real and Active Accounts.BEST FOR EXPLORE PAGEQuality Example ~ The Approximative Data:-https://www.instagram.com/businessman.us3/-https://www.instagram.com/amireb__/-https://www.instagram.com/arash.lovelorn/-https://www.instagram.com/mahjor311/
326,1378,âš¡ğŸ”¥Youtube Views - Non Drop -[20k-30k] Lifetime Guaranteeâš¡âš¡âš¡ğŸ”¥ ( Instant Start) (Helps in Ranking Video) [Recommended],1.23,1000,100000,Retention 30 second to 5 minutesInstant StartSpeed 20k-30kInstant StartVery Fast ViewsLifetime Guarantee
327,1382,Youtube Views - 20k-50K- Lifetime Guarantee - EXCLUSIVE ğŸ”¥ğŸ”¥[Recomended] - ID 1037,1.07,1000,1000000,Speed: 20k- 50k/dayGuarantee : Lifetime Refill: Auto Refill [ No Drop ]Retention - 40 seconds to 4 minutes
328,1383,Youtube Views [ 5-10K] Lifetime Guarantee [ Retention Now Random 5 second to 5 Mint ],1.23,1000,1000000,Instant StartSpeed 10K-20K/daySource : ExternalRetention : 1-3 minutes [ Retention can vary ]Refill : Lifetime [ Button Enabled]
329,1384,Youtube Views [ 200k-500k/day ] [ NO DROP ] [ Life Time Guaranteed ] INSTANTğŸ”¥ğŸ”¥,1.23,500,2147483647,100k-200k/day40 sec - 4 minutesExternalLifetime Guaranteed
330,1385,Youtube Views [ High Retention -1k-5k/day] [5mint-20 Mint] [Lifetime Guarantee ],1.27,100,2000000,Youtube Views High RetentionRetention : 5-20 MinutesGuarantee : Lifetime GuaranteeSpeed - 1k-5k/day
331,1386,Youtube Views ( Instant Start ) ( 30 Days Refill ) ( 10k - 30k / Day ) With Refill Button,1.32,1000,10000000,Instant Start to 4 hours StartMin 100We Have Refill Service with Refill Button30 Days Refill Guarantee
332,1387,Youtube - Views [ 5-10k/day] [ HR VIEWS ] [ 5-20 Minutes Retention ],1.37,100,1000000,Youtube Views High RetentionRetention : 5-20 MinutesGuarantee : Lifetime GuaranteeSpeed - 5k-10k/day [ If overloaded 3k-5k/day]
333,1388,Youtube Playlist Views - Non Drop - Min 10K - Monetizable - Non Drop,1.62,10000,10000000,No Refill NO refund- Start time : 12 - 24h- Monetizable- 100% Real views from playlist youtube- Order will be done in 1 -3 days.- Min : 10k - Max : Unlimited- Video must be less than 10 minutes length- Analytics :https://prnt.sc/pv65rthttps://prnt.sc/pv65y4
334,1390,3372 ~ Spotify - ğ…ğ‘ğ„ğ„ Plays ~ Max 1m ~ Speed 1k-2k/days ~ INSTANT,0.50,5000,1000000,
335,1391,3022 ~ Spotify - ğ…ğ‘ğ„ğ„ Plays ~ Max 1m ~ Speed 200-500/days ~ INSTANT,0.51,1000,10000000,~ Estimated Start Time: 1-12 Hours~ Refill: Life Time Guarantee~ Best Service in the Market ~ Free plays from countries - USA/CA/EU/AU/NZ/UK.~ Quality: HQ~ Min/Max: 1 000/1 000 000~ 500 - 1 500/Day speed!-------------------------------------------------~ Details: Royalties Eligible!NOTE: Plays come from the search bar which increases the chances of your track getting found on Spotify!
336,1392,292 ~ Spotify - ğ…ğ‘ğ„ğ„ Plays ~ Max 1m ~ Speed 500-1k/days ~ INSTANT,0.60,2000,1000000,Quality: Plays from High-Quality AccountGuarantee: No Drop - Life Time GuaranteeMinimum Order: 1kMaximum Order: 1000 Start: Instant ( Avg 0-3 hrs ) Speed: 200 to 300 per 24 hours ( small order deliver faster than big order )Correct format: https://open.spotify.com/track/40Zb4FZ6nS1Hj8RVfaLkCVDon't Order Album LinkNote: Adding Faster plays can be bad for your song if your track remove we will not refund or refill
337,1393,223 ~ Spotify - ğ…ğ‘ğ„ğ„ Plays ~ Max 100m ~ Speed 2k-5k/days ~ INSTANT,0.93,1000,100000000,Quality: Plays from High-Quality AccountGuarantee: No Drop - Life Time GuaranteeMinimum Order: 1kMaximum Order: 1000 000 Start: Instant ( Avg 0-3 hrs ) Speed: 10k to 100k per 24 hoursCorrect format: https://open.spotify.com/track/40Zb4FZ6nS1Hj8RVfaLkCVDon't Order Album LinkNote: Adding Faster plays can be bad for your song if your track remove we will not refund or refill
338,1394,1053 ~ Spotify - ğ…ğ‘ğ„ğ„ Plays ~ Max 100m ~ Speed 5k-10k/days ~ INSTANT,1.00,1000,100000000,Quality: Plays from High-Quality AccountGuarantee: No Drop - 30 days GuaranteeMinimum Order: 1kMaximum Order: 50 00000Start: Instant ( Avg 0-3 hrs ) Speed: 5k to 10k per 24 hoursCorrect format: https://open.spotify.com/track/40Zb4FZ6nS1Hj8RVfaLkCVDon't Order Album LinkNote: Adding Faster plays can be bad for your song if your track remove we will not refund or refill
339,1395,3024 ~ Spotify - ğ…ğ‘ğ„ğ„ Search Plays ~ Max 1m ~ Speed 200-500/days ~ INSTANT,1.53,1000,10000000,~ Estimated Start Time: 1-12 Hours~ Refill: Life Time Guarantee~ Best Service in the Market ~ Free plays from countries - USA/CA/EU/AU/NZ/UK.~ Quality: HQ~ Min/Max: 1 000/1 000 000~ 500 - 1 500/Day speed!-------------------------------------------------~ Details: Royalties Eligible!NOTE: Plays come from the search bar which increases the chances of your track getting found on Spotify!
340,1396,3029 ~ Spotify - ğ…ğ‘ğ„ğ„ Playlist Plays ~ Max 1m ~ Speed 200-500/days ~ INSTANT,0.63,1000,1000000,âœ”ï¸Start Time: 1-12 Hoursâœ”ï¸Refill: Life Time Guaranteeâœ”ï¸Best Service in the Market âœ”ï¸Playlist Plays (FREE & PREMIUM MIX) from the country - USA/CA/EU/AU/NZ/UK.âœ”ï¸Quality: HQâœ”ï¸Picks one track of the playlist.âœ”ï¸Min/Max: 1 000/1 000 000âœ”ï¸ 1 500/Day speed!âœ”ï¸Details: Royalties Eligible!
341,1397,817 ~ Spotify - ğ…ğ‘ğ„ğ„ Playlist Plays ~ Max 100m ~ Speed 2k-5k/days ~ INSTANT,0.93,5000,10000000,~ Spotify Playlist or Album Plays ~ Min: 5000 Plays~ Max: 1000000 Plays~ URL Format: Spotify Playlist URL ~ Start Time: 0-12 Hrs ~ Royalties Eligible~ Required: Minimum 5 Song under the playlist to accept your orderCorrect format: https://open.spotify.com/album/2beOdusX0eDgXQ7KdX8IVfhttps://open.spotify.com/playlist/4jHJBBSbRZp2SNFeHoJMfADon't Order Song/track LinkHow does it work?- If the playlist has 10 songs. W will split the plays between all this 10 Song/track.- If the playlist has 20 songs. W will split the plays between all this 20 Song/track.Note: It will increase your month listener for each track as well.90-120 Play Time!You will increase your Monthly Listeners count!1h-12h Manual Start ( usually within the first hours); Daily start Monday to Friday. On weekends we might not start new orders.(Internal counter won't mess with your organic new plays so you can use it on bigger artists as well not just new ones!); Custom speed is disabled! If you need faster places add multiple orders for multiple songs!Non Drop ( 60 days guarantee); Add multiple of 1000 Plays!
342,1398,1029 ~ Spotify - ğ…ğ‘ğ„ğ„ Playlist Plays ~ Max 100m ~ Speed 5k-10k/days ~ INSTANT,1.00,5000,10000000,Correct format: https://open.spotify.com/album/2beOdusX0eDgXQ7KdX8IVfhttps://open.spotify.com/playlist/4jHJBBSbRZp2SNFeHoJMfADon't Order Song/track Link
343,1399,1041 ~ Spotify - ğ…ğ‘ğ„ğ„ Playlist Plays | Last 10 Track ~ Max 100m ~ Speed 2k-5k/days ~ INSTANT,1.05,5000,10000000,Correct format: https://open.spotify.com/album/2beOdusX0eDgXQ7KdX8IVfhttps://open.spotify.com/playlist/4jHJBBSbRZp2SNFeHoJMfADon't Order Song/track Link
344,1400,2970 ~ Spotify - ğğ‘ğ„ğŒğˆğ”ğŒ Plays ~ Max 1m ~ Speed 200-500/days ~ INSTANT,0.59,1000,1000000,
345,1401,3025 ~ Spotify - ğğ‘ğ„ğŒğˆğ”ğŒ Playlist Plays ~ Max 1m ~ Speed 200-500/days ~ INSTANT,0.63,1000,1000000,âœ”ï¸Estimated Start Time: 1-12 Hoursâœ”ï¸Refill: Life Time Guaranteeâœ”ï¸Best Service in the Market âœ”ï¸Premium plays from countries USA/CA/EU/AU/NZ/UK.âœ”ï¸Quality: HQ~ Min/Max: 1 000/1 000 000~ 500 - 3 000/Day speed!~Album link/plays one track of the album~ Details: Royalties Eligible!
346,1402,685 ~ Spotify - ğğ‘ğ„ğŒğˆğ”ğŒ Playlist Plays ~ Max 1m ~ Speed 2k-5k/days ~ INSTANT,1.65,1000,2147483647,âœ”ï¸Estimated Start Time: 1 Hourâœ”ï¸Refill: Life Time Guaranteeâœ”ï¸Best Service in the Market âœ”ï¸Premium plays from countries in the USAâœ”ï¸Quality: HQ~ Min/Max: 1 000/1 000 000~ 5k - 20k/Day speed!~ Details: Royalties Eligible!
347,1403,3027 ~ Spotify - ğğ‘ğ„ğŒğˆğ”ğŒ Search Plays ~ Max 1m ~ Speed 200-500/days ~ INSTANT,1.83,1000,10000000,âœ”ï¸Estimated Start Time: 1-12 Hoursâœ”ï¸Refill: Life Time Guaranteeâœ”ï¸Best Service in the Market âœ”ï¸Premium plays from countries USA/CA/UK/Otherâœ”ï¸Quality: HQ~ Min/Max: 1 000/1 000 000~ 500 - 3 000/Day speed!~Album link/plays one track of the album~ Details: Royalties Eligible!~ Plays come from the search bar which increases the chances of your track getting found on Spotify!
348,1404,3044 - Spotify - Podcast Plays ~ Start 1-12H ~ Speed 500 - 2.5k Per day,2.55,500,100000,âœ”ï¸Start Time: 1-12 Hoursâœ”ï¸Refill: Life Time Guaranteeâœ”ï¸60-90 second playsâœ”ï¸Podcast plays from countries only! USA/CA/EU/AU/NZ/UK.âœ”ï¸Quality: HQâœ”ï¸Min/Max: 1 000/1 000 000âœ”ï¸ 500 - 3 000/Day speed!âœ”ï¸ Spotify Podcast Link only
349,1405,3366 ~ Spotify - Followers ~ Max 500k ~ Speed 10k-20k/days ~ INSTANT,0.55,100,500000,No Refill No Refund
350,1406,3296 ~ Spotify - Followers ~ Max 100k ~ ğ‘ğ„ğ—”ğ‹ Look ~ Speed 10k-20k/days ~ INSTANT,0.75,20,100000,
351,1407,797 ~ Spotify - Followers ~ Max 100k ~ ğ‘ğ„ğ—”ğ‹ Look ~ Speed 5k-10k/days ~ INSTANT,0.93,20,100000,âœ”ï¸Start Time: INSTANTâœ”ï¸Refill: 30day Guaranteeâœ”ï¸Best Service in the Market âœ”ï¸Followers from countries only! USA/CA/EU/AU/NZ/UK.âœ”ï¸Quality: LQ âœ”ï¸Min/Max: 20/100 000âœ”ï¸10k-20k/Day speed!âœ”ï¸Details: NO DROPS
352,1408,198 ~ Spotify - Followers ~ Max 1m ~ ğ‘ğ„ğ—”ğ‹ Look ~ Speed 10k-20k/days ~ INSTANT,1.06,20,100000,âœ”ï¸Start Time: INSTANTâœ”ï¸Refill: Life Time Guaranteeâœ”ï¸Best Service in the Market âœ”ï¸Followers from countries only! USA/CA/EU/AU/NZ/UK.âœ”ï¸Quality: LQ âœ”ï¸Min/Max: 20/100 000âœ”ï¸10k-20k/Day speed!âœ”ï¸Details: NO DROPS
353,1409,684 ~ Spotify - Followers ~ Max 500k ~ ğ‘ğ„ğ—”ğ‹ Look ~ Speed 10k-20k/days ~ INSTANT,1.16,20,100000,âœ”ï¸Start Time: 0-6 Hrsâœ”ï¸Refill: Life Time Guaranteeâœ”ï¸Best Service in the Market âœ”ï¸Followers from countries only! USA/CA/EU/AU/NZ/UK.âœ”ï¸Quality: HQ âœ”ï¸Min/Max: 100/100 000âœ”ï¸2k-3k/Day speed!âœ”ï¸Details: NO DROPS
354,1410,3365 ~ Spotify - Playlist Followers ~ Speed 10k-20k Per day ~ INSTANT,0.55,100,500000,No Refund No refill
355,1411,Spotify - Playlist Followers ~ Speed 1.5k-3k per day~ Start 1-12H,0.75,20,100000,âœ”ï¸Estimated Start Time: 1-12 Hoursâœ”ï¸Refill:Life Time Guaranteeâœ”ï¸Best Service in the Market âœ”ï¸Followers from countries only! USA/CA/EU/AU/NZ/UK.âœ”ï¸Quality: HQâœ”ï¸Min/Max: 100/100 000âœ”ï¸1 000/Day speed!âœ”ï¸Details: NO DROPSâœ”ï¸NO USER PROFILES!
356,1412,Spotify - Playlist Followers ~ USA ~ Speed 1.5k-3k per day~ Start 1-12H,0.80,20,100000,âœ”ï¸Estimated Start Time: 1-12 Hoursâœ”ï¸Refill:Life Time Guaranteeâœ”ï¸Best Service in the Market âœ”ï¸Followers from countries only! USAâœ”ï¸Quality: HQâœ”ï¸Min/Max: 100/100 000âœ”ï¸1 000/Day speed!âœ”ï¸Details: NO DROPSâœ”ï¸NO USER PROFILES!
357,1413,250 ~ Spotify - Playlist Followers ~ Speed 10k-20k Per day ~ INSTANT,1.05,20,100000,âœ”ï¸Start Time: INSTANTâœ”ï¸Refill: Life Time Guaranteeâœ”ï¸Best Service in the Market âœ”ï¸Quality: LQ âœ”ï¸Min/Max: 20/100 000âœ”ï¸10k-20k/Day speed!âœ”ï¸Details: NO DROPS
358,1414,1062 ~ Spotify - ğ…ğ‘ğ„ğ„ Monthly Listeners ~ Speed 200-500/days ~ INSTANT,0.87,1000,10000000,âœ”ï¸Start Time: 1-12 Hoursâœ”ï¸Countries From - USA/CA/EU/AU/NZ/UK.âœ”ï¸Quality: HQâœ”ï¸Min/Max: 1000/50 000âœ”ï¸500- 3000 Day speed!âœ”ï¸USA ONLY
359,1415,3034 ~ Spotify - ğ…ğ‘ğ„ğ„ Monthly Listeners ~ USA ~ Speed 200-500/days ~ INSTANT,0.87,1000,10000000,âœ”ï¸Start Time: 1-12 Hoursâœ”ï¸Countries From - USAâœ”ï¸Quality: HQâœ”ï¸Min/Max: 1000/50 000âœ”ï¸500- 3000 Day speed!âœ”ï¸USA ONLY
360,1416,3073 ~ Spotify - ğ…ğ‘ğ„ğ„ Monthly Listeners  ~ Speed 1k/days ~ INSTANT,0.99,2000,500000,
361,1417,3374 ~ Spotify - ğ…ğ‘ğ„ğ„ Monthly Listeners  ~ Speed 5k/days ~ INSTANT,1.89,1000,200000,
362,1418,3033 ~ Spotify - ğ…ğ‘ğ„ğ„ Saves ~ Max 10k ~ Speed 1.5k-3k/days ~ INSTANT,1.95,100,100000,âœ”ï¸Start Time: 1-12 Hours âœ”ï¸Free ACCOUNTS ONLY!âœ”ï¸Refill: Life Time Guaranteeâœ”ï¸Best Service in the Market âœ”ï¸Saves from countries - USAâœ”ï¸Quality: HQâœ”ï¸Min/Max: 100/100 000âœ”ï¸1 000/Day speed!âœ”ï¸ NO DROPS
363,1419,3031 ~ Spotify - ğğ‘ğ„ğŒğˆğ”ğŒ Saves - USA ~ Max 10k ~ Speed 5k/days ~ INSTANT,3.15,100,100000,âœ”ï¸Start Time: 1-12 Hours âœ”ï¸PREMIUM ACCOUNTS ONLY!âœ”ï¸Refill: Life Time Guaranteeâœ”ï¸Best Service in the Market âœ”ï¸Saves from countries - USA/CA/EU/AU/NZ/UK.âœ”ï¸Quality: HQâœ”ï¸Min/Max: 100/100 000âœ”ï¸1 000/Day speed!âœ”ï¸ NO DROPS
364,1420,3032 ~ Spotify - ğğ‘ğ„ğŒğˆğ”ğŒ Saves - USA ~ Max 100k ~ Speed 50k/days ~ INSTANT,4.36,500,100000,âœ”ï¸Start Time: 1-12 Hours âœ”ï¸PREMIUM ACCOUNTS ONLY!âœ”ï¸Refill: Life Time Guaranteeâœ”ï¸Best Service in the Market âœ”ï¸Saves from countries - USAâœ”ï¸Quality: HQâœ”ï¸Min/Max: 100/100 000âœ”ï¸1 000/Day speed!âœ”ï¸ NO DROPS
365,1421,3372 ~ Spotify - ğ…ğ‘ğ„ğ„ Plays ~ USA ~ Max 1m ~ Speed 200-500/days ~ INSTANT,0.63,1000,1000000,âœ”ï¸Start Time: 1-12 Hoursâœ”ï¸Refill: Life Time Guaranteeâœ”ï¸Best Service in the Market âœ”ï¸Playlist Plays (FREE & PREMIUM MIX) from the country - USAâœ”ï¸Quality: HQâœ”ï¸Picks one track of the playlist.âœ”ï¸Min/Max: 1 000/1 000 000âœ”ï¸ 1 500/Day speed!âœ”ï¸Details: Royalties Eligible!
366,1422,397 ~ Spotify - ğ…ğ‘ğ„ğ„ Plays ~ USA ~ Max 1m ~ Speed 2k-5k/days ~ INSTANT,1.59,1000,10000000,Quality: Plays from High-Quality USA AccountGuarantee: No Drop - Life Time GuaranteeMinimum Order: 1kMaximum Order: 2000 000 Start: Instant ( Avg 0-3 hrs ) Speed: 20k to 50k per 24 hoursNote: Adding Faster plays can be bad for your song if your track remove we will not refund or refill
367,1423,3372 ~ Spotify - ğ…ğ‘ğ„ğ„ Playlist Plays ~ USA ~ Max 1m ~ Speed 200-500/days ~ INSTANT,0.63,1000,1000000,Quality: Playlist from High-Quality USAGuarantee: No Drop - Life Time GuaranteeMinimum Order: 1kMaximum Order: 2000 000 Start: Instant ( Avg 0-3 hrs ) Speed: 20k to 50k per 24 hours
368,1424,3026 ~ Spotify - ğğ‘ğ„ğŒğˆğ”ğŒ Plays ~ USA ~ Max 1m ~ Speed 200-500/days ~ INSTANT,0.63,1000,1000000,âœ”ï¸Estimated Start Time: 1-12 Hoursâœ”ï¸Refill: Life Time Guaranteeâœ”ï¸Best Service in the Market âœ”ï¸Premium plays from countries USAâœ”ï¸Quality: HQ~ Min/Max: 1 000/1 000 000~ 500 - 3 000/Day speed!~Album link/plays one track of the album~ Details: Royalties Eligible!
369,1425,822 ~ Spotify - ğğ‘ğ„ğŒğˆğ”ğŒ + ğ…ğ‘ğ„ğ„ Plays ~ USA ~ Max 1m ~ Speed 500-1k/days ~ INSTANT,1.06,1000,500000,Quality: Plays from High-Quality Germany AccountGuarantee: No Drop - Life Time GuaranteeMinimum Order: 1kMaximum Order: 2000 000 Start: Instant ( Avg 0-3 hrs ) Speed: 20k to 50k per 24 hoursNote: Adding Faster plays can be bad for your song if your track remove we will not refund or refill
370,1426,818 ~ Spotify - ğ…ğ‘ğ„ğ„ Followers ~ USA ~ Max 10k ~ Speed 5k/days ~ INSTANT,1.15,100,100000,Quality: Followers from High-Quality USA AccountGuarantee: No Drop - Life Time GuaranteeMinimum Order: 1kMaximum Order: 10000 Start: Instant ( Avg 0-3 hrs ) Speed: 5k to 50k per 24 hours
371,1427,3028 ~ Spotify - ğ…ğ‘ğ„ğ„ Followers ~ USA ~ Max 100k ~ Speed 10k/days ~ INSTANT,1.65,500,100000,âœ”ï¸Estimated Start Time: 1-12 Hoursâœ”ï¸Refill:Life Time Guaranteeâœ”ï¸Best Service in the Market âœ”ï¸Followers from countries only! USAâœ”ï¸Quality: HQâœ”ï¸Min/Max: 100/100 000âœ”ï¸1 000/Day speed!âœ”ï¸Details: NO DROPSâœ”ï¸NO USER PROFILES!
372,1428,905 ~ Spotify - ğ…ğ‘ğ„ğ„ Save ~ USA ~ Max 100k ~ Speed 5k/days ~ INSTANT,2.10,100,100000,Quality: Save from High-Quality USAGuarantee: No Drop - Life Time GuaranteeMinimum Order: 20Maximum Order: 10000 Start: Instant ( Avg 0-3 hrs ) Speed: 1k to 5k per 24 hours
373,1429,819 ~ Spotify - ğğ‘ğ„ğŒğˆğ”ğŒ Save ~ USA ~ Max 100k ~ Speed 5k/days ~ INSTANT,4.36,500,100000,Quality: Plays from High-Quality UK AccountGuarantee: No Drop - Life Time GuaranteeMinimum Order: 100Maximum Order: 2000 000 Start: Instant ( Avg 0-3 hrs ) Speed: 20k to 50k per 24 hoursNote: Adding Faster plays can be bad for your song if your track remove we will not refund or refill
374,1430,ğŸ‡§ğŸ‡·3058 ~ Spotify - ğ…ğ‘ğ„ğ„ Plays ~ Brazil ~ Max 1m ~ Speed 200-500/days ~ INSTANT,2.55,500,100000,
375,1431,ğŸ‡§ğŸ‡·3059 ~ Spotify - ğ…ğ‘ğ„ğ„ Playlist Plays ~ Brazil ~ Max 1m ~ Speed 200-500/days ~ INSTANT,2.55,500,100000,
376,1432,ğŸ‡§ğŸ‡·Spotify BRAZIL Followers | 1-12H Start | Speed 1.5k-3k / Day,2.55,100,15000,
377,1433,ğŸ‡§ğŸ‡·Spotify BRAZIL Monthly Listeners | 1-12H Start | Speed 1.5k-3k / Day,2.55,500,15000,
378,1434,ğŸ‡§ğŸ‡·Spotify BRAZIL Saves - For Track ~ 1-12H Start ~ Speed 1.5k-3k / Day,3.15,100,15000,
379,1435,ğŸ‡«ğŸ‡·Spotify FRANCE (FR) Plays ~ 1-12H Start ~ Speed 1.5k-3k / Day,2.55,500,100000,
380,1436,ğŸ‡«ğŸ‡·Spotify FRANCE (FR) Playlist Plays ~ 1-12H Start ~ Speed 1.5k-3k / Day,2.55,500,100000,
381,1437,ğŸ‡«ğŸ‡·Spotify FRANCE (FR) Monthly Listeners ~ 1-12H Start ~ Speed 1.5k-3k / Day,2.55,500,100000,
382,1438,ğŸ‡«ğŸ‡·Spotify FRANCE (FR) Followers ~ 1-12H Start ~ Speed 1.5k-3k / Day,2.55,500,100000,
383,1439,ğŸ‡«ğŸ‡·Spotify FRANCE (FR) Saves ~ For Track ~ 1-12H Start ~ Speed 1.5k-3k / Day,3.15,100,100000,
384,1440,ğŸ‡¬ğŸ‡§Spotify United Kingdom (UK) Plays ~ 1-12H Start ~ Speed 1.5k-3k / Day,2.55,500,100000,
385,1441,ğŸ‡¬ğŸ‡§Spotify United Kingdom (UK) Playlist Plays ~ 1-12H Start ~ Speed 1.5k-3k / Day,2.55,500,100000,
386,1442,ğŸ‡¬ğŸ‡§Spotify United Kingdom (UK) Monthly Listeners ~ 1-12H Start ~ Speed 1.5k-3k / Day,2.55,500,100000,
387,1443,ğŸ‡¬ğŸ‡§Spotify United Kingdom (UK) Followers ~ 1-12H Start ~ Speed 1.5k-3k / Day,2.55,500,100000,
388,1444,ğŸ‡¬ğŸ‡§Spotify United Kingdom (UK) Saves ~ For Track ~ 1-12H Start ~ Speed 1.5k-3k / Day,3.15,500,100000,
389,1445,ğŸ‡©ğŸ‡ªSpotify German (DE) Plays ~ 1-12H Start ~ Speed 1.5k-3k / Day,2.55,500,100000,
390,1446,ğŸ‡©ğŸ‡ªSpotify German (DE) Playlist Plays ~ 1-12H Start ~ Speed 1.5k-3k / Day,2.55,500,100000,
391,1447,ğŸ‡©ğŸ‡ªSpotify German (DE) Monthly Listeners ~ 1-12H Start ~ Speed 1.5k-3k / Day,2.55,500,100000,
392,1448,ğŸ‡©ğŸ‡ªSpotify German (DE) Followers ~ 1-12H Start ~ Speed 1.5k-3k / Day,2.55,100,100000,
393,1449,ğŸ‡©ğŸ‡ªSpotify German (DE) Saves ~ 1-12H Start ~ Speed 1.5k-3k / Day,3.15,100,100000,
394,1450,ğŸ‡®ğŸ‡¹Spotify Italy (IT) Plays~ 1-12H Start ~ Speed 1.5k-3k / Day,2.55,500,100000,
395,1451,ğŸ‡®ğŸ‡¹Spotify Italy (IT) Playlist Plays ~ 1-12H Start ~ Speed 1.5k-3k / Day,2.55,500,100000,
396,1452,ğŸ‡®ğŸ‡¹Spotify Italy (IT) Monthly Listeners ~ 1-12H Start ~ Speed 1.5k-3k / Day,2.55,500,100000,
397,1453,ğŸ‡®ğŸ‡¹Spotify Italy (IT) Followers ~ 1-12H Start ~ Speed 1.5k-3k / Day,2.55,500,100000,
398,1454,ğŸ‡®ğŸ‡¹Spotify Italy (IT) Saves ~ 1-12H Start ~ Speed 1.5k-3k / Day,3.15,100,100000,
399,1455,ğŸ‡¦ğŸ‡ºSpotify Australia (AU) Plays ~ 1-12H Start ~ Speed 1.5k-3k / Day,2.55,500,100000,
400,1456,ğŸ‡¦ğŸ‡ºSpotify Australia (AU) Playlist Plays ~ 1-12H Start ~ Speed 1.5k-3k / Day,2.55,500,100000,
401,1457,ğŸ‡¦ğŸ‡ºSpotify Australia (AU) Monthly Listeners ~ 1-12H Start ~ Speed 1.5k-3k / Day,2.55,500,100000,
402,1458,ğŸ‡¦ğŸ‡ºSpotify Australia (AU) Followers ~ 1-12H Start ~ Speed 1.5k-3k / Day,2.55,500,100000,
403,1459,ğŸ‡¦ğŸ‡ºSpotify Australia (AU) Saves ~ 1-12H Start ~ Speed 1.5k-3k / Day,3.15,100,100000,
404,1460,ğŸ‡¨ğŸ‡¦Spotify Canada (CA) Plays ~ 1-12H Start ~ Speed 1.5k-3k / Day,2.55,500,100000,
405,1461,ğŸ‡¨ğŸ‡¦Spotify Canada (CA) Playlist Plays ~ 1-12H Start ~ Speed 1.5k-3k / Day,2.55,500,100000,
406,1462,ğŸ‡¨ğŸ‡¦Spotify Canada (CA) Monthly Listeners ~ 1-12H Start ~ Speed 1.5k-3k / Day,2.55,500,100000,
407,1463,ğŸ‡¨ğŸ‡¦Spotify Canada (CA) Followers ~ 1-12H Start ~ Speed 1.5k-3k / Day,2.55,500,100000,
408,1464,ğŸ‡¨ğŸ‡¦Spotify Canada (CA) Saves ~ For Track ~ 1-12H Start ~ Speed 1.5k-3k / Day,3.15,100,100000,
409,1465,ğŸ‡¹ğŸ‡·Spotify Turkey (TR) Plays ~ 1-12H Start ~ Speed 1.5k-3k / Day,2.55,500,1000000,
410,1466,ğŸ‡¹ğŸ‡·Spotify Turkey (TR) Playlist Plays ~ 1-12H Start ~ Speed 1.5k-3k / Day,2.55,500,1000000,
411,1467,ğŸ‡¹ğŸ‡·Spotify Turkey (TR) Monthly Listeners ~ 1-12H Start ~ Speed 1.5k-3k / Day,2.55,500,10000000,
412,1468,ğŸ‡¹ğŸ‡·Spotify Turkey (TR) Followers ~ 1-12H Start ~ Speed 1.5k-3k / Day,2.55,500,100000,
413,1469,ğŸ‡¹ğŸ‡·Spotify Turkey (TR) Saves ~ For Track ~ 1-12H Start ~ Speed 1.5k-3k / Day,3.15,100,1000000,
414,1470,ğŸ‡³ğŸ‡±Spotify Netherlands (NL) Followers ~ 1-12H Start ~ Speed 1.5k-3k / Day,2.55,500,1000000,
415,1471,ğŸ‡³ğŸ‡±Spotify Netherlands (NL) Monthly Listeners ~ 1-12H Start ~ Speed 1.5k-3k / Day,2.55,500,1000000,
416,1472,ğŸ‡³ğŸ‡±Spotify Netherlands (NL) Saves ~ 1-12H Start ~ Speed 1.5k-3k / Day,3.15,100,1000000,
417,1473,ğŸ‡³ğŸ‡±Spotify Netherlands (NL) Plays ~ 1-12H Start ~ Speed 1.5k-3k / Day,2.55,500,1000000,
418,1474,ğŸ‡³ğŸ‡±Spotify Netherlands (NL) Playlist Plays ~ 1-12H Start ~ Speed 1.5k-3k / Day,2.55,500,1000000,
419,1475,ğŸ‡§ğŸ‡ªSpotify Belgium (BE) Playlist Plays ~ 1-12H Start ~ Speed 1.5k-3k / Day,2.55,500,1000000,
420,1476,ğŸ‡§ğŸ‡ªSpotify Belgium (BE) Followers ~ 1-12H Start ~ Speed 1.5k-3k / Day,2.55,500,1000000,
421,1477,ğŸ‡§ğŸ‡ªSpotify Belgium (BE) Saves [For Track ~ 1-12H Start ~ Speed 1.5k-3k / Day,3.15,500,1000000,
422,1478,ğŸ‡§ğŸ‡ªSpotify Belgium (BE) Plays ~ 1-12H Start ~ Speed 1.5k-3k / Day,2.55,500,1000000,
423,1479,ğŸ‡§ğŸ‡ªSpotify Belgium (BE) Monthly Listeners ~ 1-12H Start ~ Speed 1.5k-3k / Day,2.55,500,1000000,
424,1480,ğŸ‡¸ğŸ‡ªSpotify Sweden (SE) Plays ~ 1-12H Start ~ Speed 1.5k-3k / Day,2.55,500,1000000,
425,1481,ğŸ‡¸ğŸ‡ªSpotify Sweden (SE) Followers ~ 1-12H Start ~ Speed 1.5k-3k / Day,2.55,500,1000000,
426,1482,ğŸ‡¸ğŸ‡ªSpotify Sweden (SE) Saves For Track ~ 1-12H Start ~ Speed 1.5k-3k / Day,3.15,500,1000000,
427,1483,ğŸ‡¸ğŸ‡ªSpotify Sweden (SE) Monthly Listeners ~ 1-12H Start ~ Speed 1.5k-3k / Day,2.55,500,1000000,
428,1484,ğŸ‡¸ğŸ‡ªSpotify Sweden (SE) Playlist Plays ~ 1-12H Start ~ Speed 1.5k-3k / Day,2.55,500,1000000,
429,1485,Spotify ~ Starter Package ~ 3K Plays + 300 Saves + 300 Follow,7.36,1,1,âœ”ï¸No private Accountsâœ”ï¸Start Time: 0-12 Hrsâœ”ï¸Refill: Never Drop - 100% Guaranteeâœ”ï¸Best Service in the Marketâœ”ï¸Quality: HQâœ”ï¸Min/Max: 3K Plays + 300 Saves + 300 Followâœ”ï¸500-1000/Day speed!âœ”ï¸Details: Use Spotify Track Link only!âœ”ï¸10% Daily Followers for the Artist Pageâœ”ï¸10% Daily Saves for the Songâœ”ï¸Premium USA/UK/CA/AU/EU Accounts.
430,1486,Spotify ~ Standard Package ~ 5K Plays + 500 Saves + 500 Follow,10.96,1,1,âœ”ï¸Start Time: 0-12 Hrsâœ”ï¸Refill: Never Drop - 100% Guaranteeâœ”ï¸Best Service in the Marketâœ”ï¸Quality: HQâœ”ï¸Min/Max: 5K Plays + 500 Saves + 500 Followâœ”ï¸500-1000/Day speed!âœ”ï¸Details: Use Spotify Track Link only!âœ”ï¸10% Daily Followers for the Artist Pageâœ”ï¸10% Daily Saves for the Songâœ”ï¸Premium USA/UK/CA/AU/EU Accounts.
431,1487,Spotify ~ Advanced Package ~ 10K Plays + 1k Saves + 1k Follow,21.75,1,1,âœ”ï¸Start Time: 0-12 Hrsâœ”ï¸Refill: Never Drop - 100% Guaranteeâœ”ï¸Best Service in the Marketâœ”ï¸Quality: HQâœ”ï¸Min/Max: 10K Plays + 1k Saves + 1k Followâœ”ï¸500-1000/Day speed!âœ”ï¸Details: Use Spotify Track Link only!âœ”ï¸10% Daily Followers for the Artist Pageâœ”ï¸10% Daily Saves for the Songâœ”ï¸Premium USA/UK/CA/AU/EU Accounts.
432,1488,Spotify ~ Pro Package ~ 100K Plays + 10k Saves + 10k Follow,108.15,1,1,âœ”ï¸Start Time: 0-12 Hrsâœ”ï¸Refill: Never Drop - 100% Guaranteeâœ”ï¸Best Service in the Marketâœ”ï¸Quality: HQâœ”ï¸Min/Max: 100K Plays + 10k Saves + 10k Followâœ”ï¸500-1000/Day speed!âœ”ï¸Details: Use Spotify Track Link only!âœ”ï¸10% Daily Followers for the Artist Pageâœ”ï¸10% Daily Saves for the Songâœ”ï¸Premium USA/UK/CA/AU/EU Accounts.
433,1489,Spotify ~ Famous Package ~ 150K Plays + 15k Saves + 15k Follow,168.15,1,1,âœ”ï¸Start Time: 0-12 Hrsâœ”ï¸Refill: Never Drop - 100% Guaranteeâœ”ï¸Best Service in the Marketâœ”ï¸Quality: HQâœ”ï¸Min/Max: 150K Plays + 15k Saves + 15k Followâœ”ï¸500-1000/Day speed!âœ”ï¸Details: Use Spotify Track Link only!âœ”ï¸10% Daily Followers for the Artist Pageâœ”ï¸10% Daily Saves for the Songâœ”ï¸Premium USA/UK/CA/AU/EU Accounts.
434,1490,Spotify ~ Rockstar Package ~ 320K Plays + 30k Saves + 30k Follow,216.15,1,1,âœ”ï¸Start Time: 0-12 Hrsâœ”ï¸Refill: Never Drop - 100% Guaranteeâœ”ï¸Best Service in the Marketâœ”ï¸Quality: HQâœ”ï¸Min/Max: 320K Plays + 30k Saves + 30k Followâœ”ï¸500-1000/Day speed!âœ”ï¸Details: Use Spotify Track Link only!âœ”ï¸10% Daily Followers for the Artist Pageâœ”ï¸10% Daily Saves for the Songâœ”ï¸Premium USA/UK/CA/AU/EU Accounts.
