,ID,Service,Rateper1000,Minorder,Maxorder,Averagetime,Description
0,630,Instagram Followers | LESS DROP | Max 5K ğŸ”¥ğŸ”¥,1.90,100,5000,24 hours and 57 minutes,Always Very Less Drop!!No Refill / No Refund1K / Day speedMin 100Max 5000Start: 0 - 10 Mins
1,656,Instagram Likes [100% Real Accountsâš¡âš¡] - [Speed 1K / Hour],0.57,20,50000,35 hours and 1 minute,Non Drop LikesSpeed: 1K / Hour
2,654,Instagram Likes [Real Likes] [2K / Day] [10K],0.65,100,10000,8 hours and 50 minutes,Non Drop Likes.2K / DayQuality: https://prnt.sc/sanzet
3,529,YouTube Subscribers [1K / Day] [Refill button 30] [Max 30k] [Less Drop],6.90,100,30000,24 hours and 45 minutes,Start Time: 0-12hrSpeed: 3-5K Per dayRefill: 30 DaysSUBSCRIBERS COUNT SHOULD BE PUBLICDrop: 5% - 10%
4,535,Youtube Views [20K / Day] [ Retention 30 Sec - 3 Mins] [Lifetime Guaranteed],1.20,1000,1000000,21 hours and 47 minutes,Min : 30 Sec to 3 Mins RententionLifetime Guarantee!
5,549,Youtube Views [100K - 200K / Day] [Non Drop Views] [Lifetime Guaranteed] [ Instant Start],1.35,1000,10000000,13 hours and 26 minutes,Non Drop ViewsRetention : 30 sec to 5 minsInstant StartSpeed: 200K / Day
6,340,Youtube Views (30K / Day) (Instant Start) (Non Drop),1.60,1000,10000000,Not enough data,Instant StartRetention: 10 Seconds - 5 Mins [Random Sometimes]Lifetime Guarantee
7,692,Instagram Followers [Refill 30] [0 - 5 Hours] [2K / Day] (Max 20k),4.00,20,20000,103 hours and 5 minutes,
8,320,Instagram Followers [Guaranteed] [FASTEST] [Refill 30] [50K],6.50,50,50000,7 hours and 53 minutes,Start: InstantRefill: 30 DaysRefill Button Enabled.
9,18,Instagram Likes (Instant) [5K / Hour] [30K] ğŸš€,0.29,20,10000,5 hours and 3 minutes,High drop
10,476,Instagram Likes (SUPER FAST) (30K / Hour) âš¡ï¸ğŸ”¥ğŸ”¥{0.8$},0.80,10,30000,37 minutes,Always InstantSpeed: 30K / Hour
11,661,Facebook Post Likes (Instanat Start) [Max 10K],3.10,50,10000,8 hours and 11 minutes,
12,669,Youtube Views [10K / Day Speed] - [Lifetime Guarantee] - Retention Changed,1.25,1000,1000000,13 hours and 31 minutes,Retention Random5 Sec to 5 Mins
13,274,Youtube Views [20 - 30K / Day] [Lifetime Guaranteed],1.40,1000,1000000,5 hours and 7 minutes,
14,668,Tiktok - Views - [ SUPER INSTANT] - [ SPEED 10M / HOUR],0.006,100,1000000000,2 minutes,
15,658,Tiktok - Likes - [5K / Day Speed] [Max 10K],1.08,100,10000,25 hours and 17 minutes,No RefillSpeed : 5K / DayMin 100Max 10000
16,659,Tiktok - Views - Instant Start | 500K / Day | [Max 10M],0.004,500,1000000,4 minutes,
17,376,Instagram Likes [MAX 30K] SUPER FASTâš¡ï¸âš¡ï¸âš¡ï¸âš¡ï¸âš¡ï¸,1.26,20,100000,28 hours and 48 minutes,Fastest Likes in Market
18,486,Instagram Likes [20K / Hour] [Max 30K] ğŸ”¥,1.60,20,30000,34 hours and 17 minutes,Instant StartVery FastMin 10 Max 10k
19,642,Netflix Accounts [No Replacement],2.25,1,1,Not enough data,No Refund / No ReplacementEnter Netflix in Link.- Special UHD 4 screen accounts- You can change the password for the account after receiving the account- After completing the request you will receive a link in it with the account information- This service does not have a guarantee If the account is closed it must be requested again
20,611,Instagram TV Views [Instant Start] [10M],0.025,200,100000000,1 hour and 9 minutes,
21,156,Instagram Video Views [MAX 10M],0.008,200,100000000,14 minutes,No Refill / NO REFUND EVEN IF NOT DELIVERED!!Use at own risk.
22,502,Instagram Story Views [FAST] [LQ] [Username Only] [ All Story ] [ 10K ],0.053,100,50000,29 minutes,
23,98,Instagram All Story Views [WORKING] (Max 100K),0.13,100,100000,1 hour and 39 minutes,Username OnlyLow QualityStory Views with Low Quality Profiles.
24,391,Instagram Likes - Real Account Likes [POWER LIKES] - Instant Start (HQ) - [50K / DAY]âš¡ï¸âš¡ï¸âš¡ï¸,1.90,20,50000,6 hours and 57 minutes,Speed: 10K / DayProfiles with 5k - 200K Followers!Real AccountsIncrease the Chances of exploring.Min 20 Max 10000Non Drop
25,711,Instagram Likes [Instant Start] [Real Likes] [3K / Hour] [FAST],1.20,100,7000,1 hour and 5 minutes,Country : Iran and MixedNon Drop LikesQuality: https://prnt.sc/sb381y
26,842,Instagram Likes [ Real High Quality + Blue Tick Profiles ] - [ 1K / Day ] [1K],2.34,10,100,52 hours and 35 minutes,Start : 6 - 12 HoursSuper High Quality ProfilesBlue Tick Profiles MixedQuality: - https://prnt.sc/siw0ie- https://prnt.sc/siw0uv
27,460,Instagram Likes [100% Real Accountsâš¡âš¡] - [Speed 1K / Hour],0.60,50,50000,21 hours and 54 minutes,Real Account LikesSpeed 3K / HourCountries from Asia!Indians Mixed.Non Drop
28,351,Instagram Likes [1k / Day] + Refill Button 15 Days,1.00,10,5000,18 hours and 16 minutes,Start time: 0-1hSpeed: up to 200-1000 per dayDrop rate is ~10%Good quality accountsRefill button enabled15 days refill
29,314,Instagram Likes [Real] [6K / Day] [Max 10K],1.00,100,10000,16 hours and 45 minutes,Start : 0 - 10 MinsSpeed : 1-2K / HourMin : 100Max : 10000Non Drop
30,172,Instagarm Likes (Instant Start ) [Real Profile Likes] [20K],0.90,50,20000,25 hours and 55 minutes,Real LikesMixed Indians and Usa Profiles!Instant Start
31,534,Instagram Likes  [Instant Start] [10k / Hour] [50K] [DROPPING],0.30,20,10000,19 hours and 4 minutes,50% drop
32,269,Instagram Likes [ SUPER FAST ] - [ MAX 30K ] ğŸ”¥,0.82,20,30000,2 hours and 2 minutes,High Drop!
33,203,Instagram Likes - [SUPER FAST] - [MAX 30K] BEST,1.30,20,30000,11 hours and 3 minutes,High Drop!
34,382,Instagram Likes [ SUPER INSTANT ] [MAX 30K]ğŸ”¥ğŸ”¥,1.75,10,30000,4 hours and 32 minutes,
35,401,Instagram Likes (Instant Start) (With Profile Pics) [20K] SLOW,1.30,20,20000,1 hour and 22 minutes,
36,538,Instagram Likes [Fast] [With Profile Pics] EMERGENCY,2.00,10,30000,3 hours and 17 minutes,
37,220,ğŸ‡¹ğŸ‡·Instgaram Likes [TURKEY],0.75,20,1000,62 hours and 31 minutes,
38,655,ğŸ‡®ğŸ‡·Instagram Likes [IRAN],1.20,100,7000,2 hours and 51 minutes,Non Drop1 - 3% Dropif there is a drop.
39,679,ğŸ‡¨ğŸ‡³Instagram Likes [CHINA],3.456,10,10000,8 hours and 16 minutes,
40,514,Instagram Views [1M / Hour] [Max 50M] [ALWAYS WORKING] ğŸ”¥ğŸ”¥,0.042,100,50000000,9 minutes,
41,512,Instagram Views (0 - 5 Min) [100K / Hour],0.025,100,1000000,4 minutes,
42,72,Instagram Views (Working & Recommended) [2M],0.03,100,2000000,2 hours and 11 minutes,
43,468,Instagram Views + Impressions [Max 10M]âš¡ï¸âš¡ï¸âš¡ï¸,0.07,100,100000000,2 minutes,
44,4,Instagram Views + Impressions [Max 100K],0.05,50,100000,11 hours and 31 minutes,
45,487,Instagram Views + Impressions + Profile Visits [3M],0.08,100,3000000,11 minutes,
46,467,Instagram Views [100K / Day] [Max 1M],0.027,100,10000000,6 hours and 27 minutes,
47,3,Instagram Video Views [1M] ~ Instant ~ [Cheapest],0.009,100,100000000,27 minutes,No Refill / No Refund even if not delivered
48,628,Instagram Views + Impressions + Home + Explorer + Tags + Others - [100K],0.05,25,100000,5 hours and 9 minutes,Instagram Post LinkRandom Impressions Views Others.Good to use if the pose want to get explored more.
49,648,Instagram Impressions + Home + Discover + Tags + Others - [100K],0.035,10,100000,27 minutes,Random Impressions Home Tags.
50,649,Instagram [Only Home] - [100K],0.04,10,100000,1 hour and 52 minutes,
51,650,Instagram [Only Explorer] - [100K],0.04,10,100000,16 hours and 29 minutes,
52,651,Instagram [Only Tags] - [100K],0.04,10,100000,20 minutes,
53,652,Instagram [Only Others] - [100K],0.04,10,100000,17 minutes,
54,234,Insagram Auto Views [Instant Start] [10M],0.027,100,10000000,1 hour and 5 minutes,
55,539,Instagram Auto Views [Super Fast Views] [Recommended],0.06,100,2000000,24 minutes,
56,545,Instagram Auto Views + Impressions,0.065,100,3000000,1 hour and 3 minutes,Views + ImpressionsMin 500Max 3M
57,653,Instagram  Auto Views + Impressions + Home + Explorer + Tags + Others - [100K],0.22,100,100000,13 hours and 59 minutes,Random Impressions Views Others.Good to use if the pose want to get explored more.
58,470,Instagram Auto POWER Likes [REAL ACCOUNTS] [High Quality] [50K],1.90,100,50000,12 hours and 9 minutes,Speed: 10K / DayProfiles with 5 - 60K Followers!Real AccountsIncrease the Chances of exploring.Min 20 Max 10000
59,856,Instagram Auto Likes [Real Likes] [Non Drop] [10K],0.60,100,10000,Not enough data,Non DropCan be refill incase droppedInstant StartReal Likes
60,316,Instagram Auto Likes [Instant Start] [Real Likes] [Non Drop] [50K],0.80,20,50000,23 hours and 28 minutes,
61,307,Instagram Auto Likes [5K / Day] [Real],0.60,100,10000,10 hours and 21 minutes,Non Drop LikesSpeed: 2K / Day Now
62,381,Instagram Auto Likes [Super Fast] [MAX 30K] Botsâš¡ï¸âš¡ï¸âš¡ï¸,0.90,10,30000,7 hours and 22 minutes,High Drop
63,622,Instgaram Auto Likes [5K / Hour] [50K] [Bots] ğŸš€ ğŸš€,0.30,20,50000,6 hours and 3 minutes,High Drop.
64,383,Instagram Auto Likes [Max 30K] [30K / Hour] [Bots] ğŸ”¥ğŸ”¥,1.20,10,30000,4 hours and 2 minutes,Instant StartVery Fast LikesMin : 10Max 30000High Drop
65,505,Instagram Auto Views [SUPER FAST],0.12,100,10000000,1 hour and 15 minutes,
66,464,Instagram Followers [Refill 30] [0 - 5 Hours] [2K / Day] (Max 20k),4.00,20,20000,44 hours and 50 minutes,Start within 0 - 1 HourOrders with 1k and below completes soon.Speed â€‹: 500-1000 / dayRefill Button EnabledQuality: Russian MixedMin: 50 Max 15k
67,42,Instagram Followers [Auto Refill 30] [2K / Day] [Max 20K] - [DROP  0 - 5% NOW],3.792,100,20000,Not enough data,Automatically Refill! (30 Days Maximum) 1k - 3K/DayRefill ButtonMin 100Max 20K
68,13,Instagram Followers [2K / Day] [ R30 ] [ Mixed Quality ] Refill + Cancel Button,2.65,100,5000,5 hours and 8 minutes,Speed 2-3k/DayRefill 30 DaysMixed: Real + BotsCancel ButtonMax 5KQuality: https://i.imgur.com/p7gF7iN.jpg
69,27,â™› Instagram Followers [Refill 15] (Max 3k / Day) [Max 13K],5.30,50,13000,13 hours and 52 minutes,30 DAYS AUTO REFILLFastest Service.Refill Button Enabled.Drop is Very Very Less.Highly Recommended.
70,354,Instagram Followers [AR30] [BEST] [Working Now] [50K],6.60,100,50000,3 hours and 20 minutes,
71,373,Instagram Followers [Instant Start] [Refill 15] [3K / Day] [10K] + Cancel Button,4.40,50,10000,Not enough data,Speed: 10K / DayBest and RecommendedRefill Button : 15 Days
72,271,Instagram Followers [Auto R30] [5K / Day] [50K] [Recommended],8.80,50,50000,6 hours and 47 minutes,Start: 3 - 6 HoursRefill : 30 DaysSpeed: 5k / DayBest in Market!Drop is very less compare to other services!
73,371,Instagram Followers (5 - 10K / Day) [Max 50K] [REAL ACCOUNTS] (Less Drop),3.70,50,50000,5 hours and 2 minutes,Instant - 5 Mins StartSpeed : 5K / DayNorefill / Norefund.Real Profiles!Less Drop in No Refill Service!
74,175,Instagram Followers [Max 20k] [ Less Drop ] [ REAL ACCOUNTS ],4.10,100,20000,2 hours and 18 minutes,Start time : 0-1 hoursDrop : 20% or more sometimesNo RefillReal Account Profiles
75,318,Instagram Followers [BEST] [No Refill] [Max 5K],1.70,100,5000,24 hours and 57 minutes,Start Time : 0 - 10 MinsNoRefillSpeed : 3K / DayReal UsersLess Drop AlwaysIran Mixed.
76,355,Instagram Followers [Middle East Countries] [Real Profiles] [Less Drop],3.00,100,3000,Not enough data,No RefillReal Accounts of ArabMin : 100Max : 3000Speed: 3K / Day
77,465,Instagram Followers [ 0 - 3 Hrs ] [ Max 3K ] [ 50% Real ],1.62,100,3000,Not enough data,NoRefill / No RefundReal and BotsUsually instant - 3 Hours
78,177,Instagram Followers | Instant Start | Max 3K (Real Looking),1.26,100,2000,12 hours and 22 minutes,No RefillInstant StartMin 50Max : 3000
79,488,Instagram Followers [Bots] [High Drop] [80K] - Cheapest,0.36,20,10000,24 minutes,Instant StartDrop 90% - 100%
80,503,Instagram Followers [Real and Bots] [No Refill],1.50,100,10000,5 hours and 1 minute,Start : Instant10K / HourNo Refill/No RefundReal and Bots MixedDrop : 30%-70%
81,134,Instagram Followers S2 [Max 2.5K] [REAL USERS],2.15,100,2500,3 hours and 25 minutes,Start : 0 - 5 HoursNoRefill / NoRefundLess DropReal Accounts
82,61,Instagram Comment Likes 100k,1.20,20,10000,1 hour and 54 minutes,
83,300,Instagram Comments [CUSTOM] REAL,6.00,10,50,277 hours and 56 minutes,
84,357,Instagram Comments [RANDOM] REAL,6.00,10,50,192 hours and 18 minutes,
85,499,Instagram Comments [INSTANT] - [ CUSTOM ] [ MAX 1K ] REAL ACCOUNTSâš¡,13.00,5,1000,170 hours and 4 minutes,âš¡ INSTANT - 10 MINUTEğŸ†— 90% USA + CA AUDIENCE
86,500,Instagram Comments [INSTANT] - [ RANDOM ] [ MAX 1K ] REAL ACCOUNTSâš¡,13.00,5,1000,69 hours and 55 minutes,âš¡ INSTANT - 10 MINUTE
87,501,Instagram Comments  [ RANDOM ] - [Bot Accounts] [Max 1k],6.80,5,1000,33 hours and 32 minutes,
88,179,Instagram Story Views [MAX 5k] INSTANT (ALL) MQ,0.15,50,10000,11 minutes,Full Link Start: Instant - 5Mins Max 100K
89,530,Instagram Story Views [ONLY LAST ONE],0.03,50,5000,5 hours and 10 minutes,Username only or Profile Link
90,543,Instagram Story Views [Fast BOTS] [10K],0.06,100,80000,15 minutes,Min : 100Max : 10000Bots
91,272,Instagram Story Views [All] (Max 40K),0.065,100,40000,14 minutes,username only
92,813,ğ“ğ™šğ”€  - Instagram Impressions (Slow) + Cancel Button [Max 25K],0.02,25,25000,53 minutes,
93,821,Instagram Impressions [ Instant Start ] [ 100K ] - SUPER FASTğŸ”¥,0.08,100,100000,10 minutes,
94,582,Instagram Impressions [Max 100K],0.12,25,100000,1 hour and 25 minutes,
95,6,Instagram Impressions + Profile Visits [15K] INSTANT,0.72,300,50000,6 minutes,Real Instant Delivery! Minimum 20
96,128,Instagram Impression + Reach [Superfast],0.20,100,1000000,9 hours and 13 minutes,INSTANT Insert post link of video. MAX 1M Good for Ranking!
97,585,Instagram Saves | Post Link | Max 10K (Cancel Button),0.033,10,50000,29 minutes,
98,233,Instagram Saves - [100K],0.03,100,30000,1 hour and 37 minutes,Only the Profile owner can check the Saves.Saves are usually used to get into eplore.Huge saves of a IG Post will hit explore!
99,7,Instagram Reach [Post Link] + Cancel Button,0.30,50,10000,20 minutes,
100,675,Instagram Views + Impressions + Home + Explorer + Tags + Others - [100K],0.20,100,100000,2 hours and 32 minutes,
101,458,Instagram TV Views [Instant Start] [10M],0.025,200,100000000,4 hours and 11 minutes,
102,595,Instagram IGTV Views [1M] [Instant Start - 1M/Day]âš¡,0.06,200,1000000,3 hours and 4 minutes,
103,353,Instagram TV Likes [Real] [Max 2K]âš¡,1.30,100,2000,7 hours and 10 minutes,- Start Time = 0 - 1 hours- Speed = 2 000- Min = 10- Max = 2000Service may have drop
104,629,Instagram IGTV Likes | Instant Start | Max 15K [Drop 30%],0.46,10,15000,3 hours and 35 minutes,
105,647,Instagram Profile Visits on Posts [Instant Start] [Min 10; Max 20K],0.20,10,20000,4 hours and 56 minutes,Post link only.
106,812,Instagram Profile Visits [Instant Start] [Username ~ Max 100k],0.30,100,100000,1 hour and 6 minutes,Speed: 10K / Day
107,249,Instagram Profile Visits [Max 100K],0.30,1000,100000,17 minutes,
108,583,Instagram Highlight Views,1.50,20,300000,14 hours and 43 minutes,Add Username OnlyAll Highlight Views
109,700,Instagram Mention [ Bulk ] User Followers [ Min 16k ],1.13,16000,100000,Not enough data,1 -10 Days start [ 100k - 200k speed per day] will be split on all ordersMax - 100kAs we all know that mention is the best service to get more ( Sales Followers Likes.. etc ) on Instagram But! it is a spam service and may get reported from tagged accounts In this case any filled 10-20 reports it will disable spam comment to others!ğŸ”† So what should you do?When you got like this issue and you see comments from inside the post is less than the outside our advice to stop using mention service for a while till you get off that shadowbanned So there is no a guaranteed reaction from tagged accounts and reported issue may happen.âŒ If you need to use the service Use it on your own risk.Thank you for understanding.
110,701,Instagram Mention [ Bulk ] Custom Users [ Min 16k ],1.13,16000,100000,Not enough data,1 -10 Days start [ 100k - 200k speed per day] will be split on all ordersMax - 100kAs we all know that mention is the best service to get more ( Sales Followers Likes.. etc ) on Instagram But! it is a spam service and may get reported from tagged accounts In this case any filled 10-20 reports it will disable spam comment to others!ğŸ”† So what should you do?When you got like this issue and you see comments from inside the post is less than the outside our advice to stop using mention service for a while till you get off that shadowbanned So there is no a guaranteed reaction from tagged accounts and reported issue may happen.âŒ If you need to use the service Use it on your own risk.Thank you for understanding.
111,688,Instagram Mention User Followers [Min 2K],1.32,2000,100000,Not enough data,0 -1 20 hrs start [ 100k - 200k speed per day] will be split on all ordersMax - 100kAs we all know that mention is the best service to get more ( Sales Followers Likes.. etc ) on Instagram But! it is a spam service and may get reported from tagged accounts In this case any filled 10-20 reports it will disable spam comment to others!ğŸ”† So what should you do?When you got like this issue and you see comments from inside the post is less than the outside our advice to stop using mention service for a while till you get off that shadowbanned So there is no a guaranteed reaction from tagged accounts and reported issue may happen.âŒ If you need to use the service Use it on your own risk.Thank you for understanding.
112,689,Instagram  Mention Custom users [Min 2K],1.32,2000,100000,6 hours and 10 minutes,0 -20 hrs start [ 100k - 200k speed per day] will be split on all ordersMax - 100kAs we all know that mention is the best service to get more ( Sales Followers Likes.. etc ) on Instagram But! it is a spam service and may get reported from tagged accounts In this case any filled 10-20 reports it will disable spam comment to others!ğŸ”† So what should you do?When you got like this issue and you see comments from inside the post is less than the outside our advice to stop using mention service for a while till you get off that shadowbanned So there is no a guaranteed reaction from tagged accounts and reported issue may happen.âŒ If you need to use the service Use it on your own risk.Thank you for understanding.
113,690,DM Instagram in groups,0.66,1000,500000,Not enough data,How does Direct Message Post link Re Share works ?We will share the the photo or Video to Groups in Direct Message not to individuals.ğ–ğ ğ­ğšğ  ğ­ğ¡ğ ğšğœğœğ¨ğ®ğ§ğ­ ğ¡ğ¨ğ¥ğğğ« ğ›ğğ­ğ°ğğğ§ ğŸğŸ-ğŸğŸ“ ğ ğ«ğ¨ğ®ğ©ğ¬ ğ¨ğ§ğ¥ğ² ğ¬ğ¨ ğ¡ğ ğ°ğ¢ğ¥ğ¥ ğ›ğ ğ§ğ¨ğ­ğ¢ğŸğ² ğŸğ¨ğ« ğ¨ğ«ğğğ« ğ¡ğšğ¬ ğ›ğğğ§ ğ¬ğ­ğšğ«ğ­. ğğ¨ğ­ ğ­ğ¡ğ ğŸğ®ğ¥ğ¥ ğªğ®ğšğ§ğ­ğ¢ğ­ğ² ğšğ§ğ ğ­ğ¡ğ ğ«ğğ¦ğšğ¢ğ§ ğªğ®ğšğ§ğ­ğ¢ğ­ğ² ğ°ğ ğ°ğ¢ğ¥ğ¥ ğ¬ğğ§ğ ğ¢ğ­ ğ­ğ¨ ğ­ğ¡ğ ğ­ğšğ«ğ ğğ­ ğ®ğ¬ğğ«ğ§ğšğ¦ğğ¬
114,691,DM Instagram individual,4.80,1000,5000,Not enough data,Direct Message Share: We will send the quantity to individual not groups.
115,193,Facebook Page Likes [ Auto Refill 30 ] [5K / Day] [ Max 50K ],3.90,1000,50000,18 hours and 17 minutes,Instant Start30 Days Auto RefillDrop : 10-20%Speed: 5K / Day
116,183,Facebook Page Likes [Instant Start] [Max 5K] | No Drop Till Now,6.50,100,5000,9 minutes,
117,204,Facebook Page Likes [Refill 30] [Instant Start] Real,9.50,100,24000,8 hours and 48 minutes,Refill 30 DaysInstant StartSpeed : 5K / DayNon Drop Likes
118,277,Facebook Page Likes [Refill 30 Days] Recommended,15.00,50,20000,9 hours and 19 minutes,
119,533,Facebook Post Likes (Instanat Start) [Max 10K],3.10,50,10000,81 hours and 9 minutes,NoRefill / NoRefund.Max 10K
120,704,Facebook Post Likes (Instant Start) [Max 4K],1.20,100,3000,7 hours and 23 minutes,No Refill / No RefundInstant StartMax 4000
121,138,Facebook Profile Followers [Refill 30] (Slow),5.00,100,2500,11 hours and 52 minutes,This service is profile followers.Please dont use mobile links.Refill 30 DaysUse full link like https://www.facebook.com
122,644,Facebook Video Views [100K / Day] [Max 100M],0.08,500,100000000,45 hours and 26 minutes,
123,152,Facebook Video Views [INSTANT] (9 INR),0.15,100,1000000,157 hours and 14 minutes,Instant Start 100 000/day speedNoRefill
124,109,Facebook Video Views (25 INR),0.35,1000,100000,64 hours and 19 minutes,INSTANT START 2K-5K PER DAY REAL VIEWS
125,110,Facebook Video Views [GUARANTEED] (Real Views) (70 INR),1.00,1000,10000000,Not enough data,Best Service! Start 1-24hrs 1MILLION TO 5MILLION PER DAY LIFE TIME GUARANTEED
126,806,Facebook Auto Live Stream Views - 10 Days (2 Posts / Day),1440.00,50,500,Not enough data,â€¢ Instant startâ€¢ Can order with Facebook Personal Page and Facebook Fan Page.â€¢ Maximum 120 minutes per post.â€¢ Maximum 3 posts per dayâ€¢ The system will scan new posts of Profile or Page if have new Live Video then system will proceed to raise the eye of the new Live Video. ( The system will scan every 5 minutes ).â€¢ Views will be complete the orders within 2 - 30 minutes depending on that period. Is the rush hour or not and the server has overload or not.â€¢ We can't change your page or profile.Warning : Pages do not set country restrictions.Age Restrictions ( Should be 13+ ).Do not live and tag friend or any people.â€¢ If the view does not increase Please contact us immediately. We will fix it immediately after being informed of the problem.â€¢ If Facebook has an updates and we take a times to fix it more than 1 day we will give extra day for all clients.Ex : 3 days ago views not increase. we will give extra 3 days for all client.â€¢ This service can cancel but not refund ( Please read this warning text. )â€¢ Order with ID | Mobile link supported.Ex : 100009492828490- Find on https://findmyfbid.com/
127,807,Facebook Auto Live Stream Views - 10 Days (4 Posts / Day),2880.00,50,500,Not enough data,â€¢ Instant startâ€¢ Can order with Facebook Personal Page and Facebook Fan Page.â€¢ Maximum 120 minutes per post.â€¢ Maximum 3 posts per dayâ€¢ The system will scan new posts of Profile or Page if have new Live Video then system will proceed to raise the eye of the new Live Video. ( The system will scan every 5 minutes ).â€¢ Views will be complete the orders within 2 - 30 minutes depending on that period. Is the rush hour or not and the server has overload or not.â€¢ We can't change your page or profile.Warning : Pages do not set country restrictions.Age Restrictions ( Should be 13+ ).Do not live and tag friend or any people.â€¢ If the view does not increase Please contact us immediately. We will fix it immediately after being informed of the problem.â€¢ If Facebook has an updates and we take a times to fix it more than 1 day we will give extra day for all clients.Ex : 3 days ago views not increase. we will give extra 3 days for all client.â€¢ This service can cancel but not refund ( Please read this warning text. )â€¢ Order with ID | Mobile link supported.Ex : 100009492828490- Find on https://findmyfbid.com/
128,808,Facebook Auto Live Stream Views - 10 Days (6 Posts / Day),4320.00,50,500,Not enough data,â€¢ Instant startâ€¢ Can order with Facebook Personal Page and Facebook Fan Page.â€¢ Maximum 120 minutes per post.â€¢ Maximum 3 posts per dayâ€¢ The system will scan new posts of Profile or Page if have new Live Video then system will proceed to raise the eye of the new Live Video. ( The system will scan every 5 minutes ).â€¢ Views will be complete the orders within 2 - 30 minutes depending on that period. Is the rush hour or not and the server has overload or not.â€¢ We can't change your page or profile.Warning : Pages do not set country restrictions.Age Restrictions ( Should be 13+ ).Do not live and tag friend or any people.â€¢ If the view does not increase Please contact us immediately. We will fix it immediately after being informed of the problem.â€¢ If Facebook has an updates and we take a times to fix it more than 1 day we will give extra day for all clients.Ex : 3 days ago views not increase. we will give extra 3 days for all client.â€¢ This service can cancel but not refund ( Please read this warning text. )â€¢ Order with ID | Mobile link supported.Ex : 100009492828490- Find on https://findmyfbid.com/
129,809,Facebook Auto Live Stream Views - 10 Days (8 Posts / Day),5760.00,50,500,Not enough data,â€¢ Instant startâ€¢ Can order with Facebook Personal Page and Facebook Fan Page.â€¢ Maximum 120 minutes per post.â€¢ Maximum 3 posts per dayâ€¢ The system will scan new posts of Profile or Page if have new Live Video then system will proceed to raise the eye of the new Live Video. ( The system will scan every 5 minutes ).â€¢ Views will be complete the orders within 2 - 30 minutes depending on that period. Is the rush hour or not and the server has overload or not.â€¢ We can't change your page or profile.Warning : Pages do not set country restrictions.Age Restrictions ( Should be 13+ ).Do not live and tag friend or any people.â€¢ If the view does not increase Please contact us immediately. We will fix it immediately after being informed of the problem.â€¢ If Facebook has an updates and we take a times to fix it more than 1 day we will give extra day for all clients.Ex : 3 days ago views not increase. we will give extra 3 days for all client.â€¢ This service can cancel but not refund ( Please read this warning text. )â€¢ Order with ID | Mobile link supported.Ex : 100009492828490- Find on https://findmyfbid.com/
130,845,Facebook Live Stream Views [ 30 minutes ],9.265,50,5000,Not enough data,- Send LINK POST LIVE only- Live must PUBLICStart: Instant- Please Put : https://www.facebook.com/user/videos/IDEX: https://www.facebook.com/user/videos/2849278351833426Just like that---------Do not order in the following format:-link mobile m.facebook.com-facebook.com/watch/live/?v=idOnly order formats that work best:https://www.facebook.com/user(or IDuser)/videos/ID
131,846,Facebook Live Stream Views [ 60 minutes ],18.53,50,5000,Not enough data,- Send LINK POST LIVE only- Live must PUBLICStart: Instant- Please Put : https://www.facebook.com/user/videos/IDEX: https://www.facebook.com/user/videos/2849278351833426Just like that---------Do not order in the following format:-link mobile m.facebook.com-facebook.com/watch/live/?v=idOnly order formats that work best:https://www.facebook.com/user(or IDuser)/videos/ID
132,847,Facebook Live Stream Views [ 90 minutes ],27.795,50,5000,Not enough data,- Send LINK POST LIVE only- Live must PUBLICStart: Instant- Please Put : https://www.facebook.com/user/videos/IDEX: https://www.facebook.com/user/videos/2849278351833426Just like that---------Do not order in the following format:-link mobile m.facebook.com-facebook.com/watch/live/?v=idOnly order formats that work best:https://www.facebook.com/user(or IDuser)/videos/ID
133,848,Facebook Live Stream Views [ 120 minutes ],37.06,50,5000,Not enough data,- Send LINK POST LIVE only- Live must PUBLICStart: Instant- Please Put : https://www.facebook.com/user/videos/IDEX: https://www.facebook.com/user/videos/2849278351833426Just like that---------Do not order in the following format:-link mobile m.facebook.com-facebook.com/watch/live/?v=idOnly order formats that work best:https://www.facebook.com/user(or IDuser)/videos/ID
134,849,Facebook Live Stream Views [ 150 minutes ],46.325,50,5000,Not enough data,- Send LINK POST LIVE only- Live must PUBLICStart: Instant- Please Put : https://www.facebook.com/user/videos/IDEX: https://www.facebook.com/user/videos/2849278351833426Just like that---------Do not order in the following format:-link mobile m.facebook.com-facebook.com/watch/live/?v=idOnly order formats that work best:https://www.facebook.com/user(or IDuser)/videos/ID
135,850,Facebook Live Stream Views [ 180 minutes ],55.59,50,5000,Not enough data,- Send LINK POST LIVE only- Live must PUBLICStart: Instant- Please Put : https://www.facebook.com/user/videos/IDEX: https://www.facebook.com/user/videos/2849278351833426Just like that---------Do not order in the following format:-link mobile m.facebook.com-facebook.com/watch/live/?v=idOnly order formats that work best:https://www.facebook.com/user(or IDuser)/videos/ID
136,851,Facebook Live Stream Views [ 210 minutes ],64.855,50,5000,Not enough data,- Send LINK POST LIVE only- Live must PUBLICStart: Instant- Please Put : https://www.facebook.com/user/videos/IDEX: https://www.facebook.com/user/videos/2849278351833426Just like that---------Do not order in the following format:-link mobile m.facebook.com-facebook.com/watch/live/?v=idOnly order formats that work best:https://www.facebook.com/user(or IDuser)/videos/ID
137,852,Facebook Live Stream Views [ 240 minutes ],74.12,50,5000,Not enough data,- Send LINK POST LIVE only- Live must PUBLICStart: Instant- Please Put : https://www.facebook.com/user/videos/IDEX: https://www.facebook.com/user/videos/2849278351833426Just like that---------Do not order in the following format:-link mobile m.facebook.com-facebook.com/watch/live/?v=idOnly order formats that work best:https://www.facebook.com/user(or IDuser)/videos/ID
138,853,Facebook Live Stream Views [ 300 minutes ],92.65,50,5000,Not enough data,- Send LINK POST LIVE only- Live must PUBLICStart: Instant- Please Put : https://www.facebook.com/user/videos/IDEX: https://www.facebook.com/user/videos/2849278351833426Just like that---------Do not order in the following format:-link mobile m.facebook.com-facebook.com/watch/live/?v=idOnly order formats that work best:https://www.facebook.com/user(or IDuser)/videos/ID
139,854,Facebook Live Stream Views [ 600 minutes ],185.30,50,5000,Not enough data,- Send LINK POST LIVE only- Live must PUBLICStart: Instant- Please Put : https://www.facebook.com/user/videos/IDEX: https://www.facebook.com/user/videos/2849278351833426Just like that---------Do not order in the following format:-link mobile m.facebook.com-facebook.com/watch/live/?v=idOnly order formats that work best:https://www.facebook.com/user(or IDuser)/videos/ID
140,424,Facebook livestream views [1K] (30 min),30.00,50,1000,27 minutes,
141,425,Facebook livestream views [1K] (60 min),60.00,50,1000,Not enough data,
142,426,Facebook livestream views [1K] (90 min),90.00,50,1000,Not enough data,
143,427,Facebook livestream views [1K] (120 min),120.00,50,1000,1 hour and 44 minutes,
144,428,Facebook livestream views [1K] (150 min),150.00,50,1000,Not enough data,
145,429,Facebook livestream views [1K] (180 min),180.00,50,1000,Not enough data,
146,430,Facebook livestream views [1K] (210 min),210.00,50,1000,Not enough data,
147,431,Facebook livestream views [1K] (240 min),240.00,50,1000,Not enough data,
148,796,Facebook Live Stream Views [ 30 Minute Watch Time ] [ Start 0 - 15 Min ] [ Min 50 - Max 5000 ] â¤ï¸â­âš¡ï¸,18.00,50,5000,Not enough data,â€¢ Live ended before order complete = No Refundâ€¢ Order at your own risk .â€¢ Order with link [ Full Link ]Ex : https://www.facebook.com/user_id/videos/video_id/
149,797,Facebook Live Stream Views [ 60 Minute Watch Time ] [ Start 0 - 15 Min ] [ Min 50 - Max 5000 ] â¤ï¸â­âš¡ï¸,36.00,50,5000,Not enough data,â€¢ Live ended before order complete = No Refundâ€¢ Order at your own risk .â€¢ Order with link [ Full Link ]Ex : https://www.facebook.com/user_id/videos/video_id/
150,798,Facebook Live Stream Views [ 90 Minute Watch Time ] [ Start 0 - 15 Min ] [ Min 50 - Max 5000 ] â¤ï¸â­âš¡ï¸,54.00,50,5000,Not enough data,â€¢ Live ended before order complete = No Refundâ€¢ Order at your own risk .â€¢ Order with link [ Full Link ]Ex : https://www.facebook.com/user_id/videos/video_id/
151,799,Facebook Live Stream Views [ 120 Minute Watch Time ] [ Start 0 - 15 Min ] [ Min 50 - Max 5000 ] â¤ï¸â­âš¡ï¸,72.00,50,5000,Not enough data,â€¢ Live ended before order complete = No Refundâ€¢ Order at your own risk .â€¢ Order with link [ Full Link ]Ex : https://www.facebook.com/user_id/videos/video_id/
152,800,Facebook Live Stream Views [ 150 Minute Watch Time ] [ Start 0 - 15 Min ] [ Min 50 - Max 5000 ] â¤ï¸â­âš¡ï¸,90.00,50,5000,Not enough data,â€¢ Live ended before order complete = No Refundâ€¢ Order at your own risk .â€¢ Order with link [ Full Link ]Ex : https://www.facebook.com/user_id/videos/video_id/
153,801,Facebook Live Stream Views [ 180 Minute Watch Time ] [ Start 0 - 15 Min ] [ Min 50 - Max 5000 ] â¤ï¸â­âš¡ï¸,108.00,50,5000,Not enough data,â€¢ Live ended before order complete = No Refundâ€¢ Order at your own risk .â€¢ Order with link [ Full Link ]Ex : https://www.facebook.com/user_id/videos/video_id/
154,802,Facebook Live Stream Views [ 210 Minute Watch Time ] [ Start 0 - 15 Min ] [ Min 50 - Max 5000 ] â¤ï¸â­âš¡ï¸,126.00,50,5000,Not enough data,â€¢ Live ended before order complete = No Refundâ€¢ Order at your own risk .â€¢ Order with link [ Full Link ]Ex : https://www.facebook.com/user_id/videos/video_id/
155,803,Facebook Live Stream Views [ 240 Minute Watch Time ] [ Start 0 - 15 Min ] [ Min 50 - Max 50000 ] â¤ï¸â­âš¡ï¸,144.00,50,5000,Not enough data,â€¢ Live ended before order complete = No Refundâ€¢ Order at your own risk .â€¢ Order with link [ Full Link ]Ex : https://www.facebook.com/user_id/videos/video_id/
156,804,Facebook Live Stream Views [ 270 Minute Watch Time ] [ Start 0 - 15 Min ] [ Min 50 - Max 5000 ] â¤ï¸â­âš¡ï¸,162.00,50,5000,Not enough data,â€¢ Live ended before order complete = No Refundâ€¢ Order at your own risk .â€¢ Order with link [ Full Link ]Ex : https://www.facebook.com/user_id/videos/video_id/
157,805,Facebook Live Stream Views [ 300 Minute Watch Time ] [ Start 0 - 15 Min ] [ Min 50 - Max 5000 ] â¤ï¸â­âš¡ï¸,180.00,50,5000,Not enough data,â€¢ Live ended before order complete = No Refundâ€¢ Order at your own risk .â€¢ Order with link [ Full Link ]Ex : https://www.facebook.com/user_id/videos/video_id/
158,792,Youtube Views [20K / Day] [ Retention 30 Sec - 3 Mins] [Lifetime Guaranteed],1.20,1000,1000000,2 hours and 19 minutes,
159,670,Youtube Views [10K / Day Speed] [ 5 Sec to 5 Min Retention ] - [Lifetime Guarantee],1.25,1000,1000000,12 hours and 9 minutes,
160,548,Youtube Views [20K / Day] [ Lifetime Guarantee] [ Random Retention],1.40,1000,10000000,12 hours and 20 minutes,Non Drop ViewsRetention : 1 sec to 5 mins
161,253,Youtube Views - [20 - 30K / Day] [ Lifetime Guaranteed ],1.60,1000,100000000,3 hours and 53 minutes,
162,555,Youtube - Views [ INDIA ] [ 50k-100k/day ] [ Life Time Guaranteed ] INSTANT,2.10,500,10000000,18 hours and 43 minutes,
163,556,Youtube - Views [ UK ] [ 50k-100k/day ] [ Life Time Guaranteed ] INSTANT,2.10,500,10000000,Not enough data,
164,557,Youtube - Views [ USA ] [ 50k-100k/day ] [ Life Time Guaranteed ] INSTANT,2.10,500,10000000,5 hours and 59 minutes,
165,558,Youtube - Views [ TURKEY ] [ 50k-100k/day ] [ Life Time Guaranteed ] INSTANT,2.10,500,10000000,Not enough data,
166,559,Youtube - Views [ SAUDI ARABIA ] [ 50k-100k/day ] [ Life Time Guaranteed ] INSTANT,2.10,500,10000000,Not enough data,
167,560,Youtube - Views [ MOROCCO ] [ 50k-100k/day ] [ Life Time Guaranteed ] INSTANT,2.10,500,10000000,Not enough data,
168,561,Youtube - Views [ BRAZIL ] [ 50k-100k/day ] [ Life Time Guaranteed ] INSTANT,2.10,500,10000000,Not enough data,
169,562,Youtube - Views [ AUSTRALIA ] [ 50k-100k/day ] [ Life Time Guaranteed ] INSTANT,2.10,500,10000000,Not enough data,
170,563,Youtube - Views [ BELGIUM ] [ 50k-100k/day ] [ Life Time Guaranteed ] INSTANT,2.10,500,10000000,Not enough data,
171,564,Youtube - Views [ CANADA ] [ 50k-100k/day ] [ Life Time Guaranteed ] INSTANT,2.10,500,10000000,Not enough data,
172,565,Youtube - Views [ EGYPT ] [ 50k-100k/day ] [ Life Time Guaranteed ] INSTANT,2.10,500,10000000,Not enough data,
173,566,Youtube - Views [ FRANCE ] [ 50k-100k/day ] [ Life Time Guaranteed ] INSTANT,2.10,500,10000000,Not enough data,
174,567,Youtube - Views [ GERMANY ] [ 50k-100k/day ] [ Life Time Guaranteed ] INSTANT,2.10,500,10000000,Not enough data,
175,568,Youtube - Views [ HONG-KONG ] [ 50k-100k/day ] [ Life Time Guaranteed ] INSTANT,2.10,500,10000000,Not enough data,
176,569,Youtube - Views [ ISRAEL ] [ 50k-100k/day ] [ Life Time Guaranteed ] INSTANT,2.10,500,10000000,Not enough data,
177,570,Youtube - Views [ ITALY ] [ 50k-100k/day ] [ Life Time Guaranteed ] INSTANT,2.10,500,10000000,Not enough data,
178,571,Youtube - Views [ JAPAN ] [ 50k-100k/day ] [ Life Time Guaranteed ] INSTANT,2.10,500,10000000,Not enough data,
179,572,Youtube - Views [ PAKISTAN ] [ 50k-100k/day ] [ Life Time Guaranteed ] INSTANT,2.10,500,10000000,Not enough data,
180,573,Youtube - Views [ POLAND ] [ 50k-100k/day ] [ Life Time Guaranteed ] INSTANT,2.10,500,10000000,Not enough data,
181,574,Youtube - Views [ PORTUGAL ] [ 50k-100k/day ] [ Life Time Guaranteed ] INSTANT,2.10,500,10000000,Not enough data,
182,575,Youtube - Views [ RUSSIA ] [ 50k-100k/day ] [ Life Time Guaranteed ] INSTANT,2.10,500,10000000,Not enough data,
183,576,Youtube - Views [ SPAIN ] [ 50k-100k/day ] [ Life Time Guaranteed ] INSTANT,2.10,500,10000000,Not enough data,
184,577,Youtube - Views [ TAIWAN ] [ 50k-100k/day ] [ Life Time Guaranteed ] INSTANT,2.10,500,10000000,Not enough data,
185,702,Youtube Watchtime [ 4000 HOURS] [ Refill 30 Days ] [ Min  1 Hours+ Video ],7.20,1000,4000,22 hours,Min 1 Hour Video Required in your channel.Video should be self created and not copied from other channel or should not have copyrights.Delievery time: 0 - 4 DaysRefill 30 Days
186,166,YouTube Subscribers [1K / Day] [Refill Button 30] [Max 40K],6.90,100,40000,3 hours and 34 minutes,Start Time: 0-12hrSpeed: 1K Per dayRefill: 30 DaysSUBSCRIBERS COUNT SHOULD BE PUBLIC
187,843,Youtube USA Subscribers (High Quality) (Speed 200/day) (Refill 30),17.48,5,2000,Not enough data,- Instant Start- 200 subscribers / day- Totaly USA subscribers.- Minimum: 5 - Maximum: 2.000 (per order) After order completed you can add again. Real maximum: 100.000- 30 day refill guarantee.
188,844,Youtube USA Subscribers (High Quality) (Speed 30-50/day),12.10,5,1500,Not enough data,-Instant Start-USA Subscribers-Min: 5 - Max: 1.500 (You can add new order after your order complete. Actual maximum is 80.000)- Please make sure the channel's subscribers count is public. (Anyway we can send subscribers to private channels. But it could be less. But we can't refill because we can't set start count for private channels.)-Daily speed 30-50 /day . Your channel will receive minimum 30-50 subscribers each day. Non stop and natural pattern.-30 days refill guarantee
189,474,Youtube Subscribers [Less Drop] [ No Refill],23.00,100,100000,31 hours and 3 minutes,No RefillDrop is 20% right now.Speed: 1K / Day
190,471,YouTube Subscribers [130K] - SLOW - [No Refill],10.80,50,130000,704 hours and 48 minutes,- No reffil- Start 0-24 hours- Speed up to 100 / dayImportant = Drop usually up to 20%
191,790,YouTube Likes  | Non-Drop | R30 | ğŸš€Instant Start ğŸš€| 20K | HQ Real Profiles,13.20,50,20000,4 hours and 34 minutes,Max: 10K Daily Speed : 10KNo Drop & 30 Day Refill Guarantee!
192,791,YouTube Likes | No-Refill | ğŸš€Instant Start ğŸš€| 20K | HQ Real Profiles,2.12,100,20000,8 hours and 7 minutes,
193,546,YouTube Custom Comments | Non-Drop | R30 | Instant Start | 500K | HQ Real Profiles,18.00,20,500000,Not enough data,
194,117,ğŸ‡®ğŸ‡³ Youtube Comments [INDIAN][RANDOM][HQ] [Refill Lifetime],35.00,10,100,12 hours and 36 minutes,Instant-4hrs Start time Indian PROFILE High Quality Comments No refill Min 10 Max 100
195,118,ğŸ‡®ğŸ‡³ Youtube Comments [INDIAN][CUSTOM][HQ] [Refill Lifetime],48.00,10,100,62 hours and 29 minutes,Instant-4hrs Start time Indian PROFILE High Quality Comments No refill Min 10 Max 100
196,489,Telegram Channel Members (Instant Start) [Max 30K],0.75,100,30000,2 hours and 35 minutes,Condition: its not apply on Porn Bet Finishing and New and Empty channelDrop 30%Instant Start 20k / Day speed.Only For Public ChannelsExample link: https://t.me/Your_Channel_ID
197,341,Telegram Channel Members [Instant Start] [ 100K ],0.90,100,100000,2 hours and 12 minutes,Must be Public!Start : Instant Drop 20 - 30%Min 100 - Max 200K 20K / Day Speed.Example link: https://t.me/Your_Channel_IDCondition: Its not apply on Porn channels!
198,513,Telegram Channel Members - (3K / Day) [Max 3K],0.85,100,3000,5 hours and 31 minutes,0-1 Hour Start!Min 100 - Max 10K 10K Per Day Speed! Example link: https://t.me/Your_Channel_ID
199,343,Telegram Channel and Group Members [50K],1.00,100,50000,8 hours and 38 minutes,0-1 Hour Start!Super Instant Min 100 - Max 30K20K Per Day Speed!Example link: https://t.me/Your_Channel_ID
200,342,Telegram Channel Members [Real Accounts] [100K] [30K / Day],1.45,1000,50000,59 minutes,Delivery: Super high Speed - Almost instantReal Account so have Drops !!!!!!!Min 1K- Max 50K25K Per Day Speed!Condition: its not apply on Porn Bet Finishing and New and Empty channel
201,348,Telegram Vote [Like] [100K] [100k/Day] [SUPER INSTANT],6.90,1,100000,56 minutes,"Telegram votesMin 1 And Max 50KStart: 1 SECOND100K per day speedEnter the POLL TEXT in the ""Answer Number"" which you want get votes for."
202,615,Telegram Post View [Last 1 Post] [500K],0.03,10,500000,17 minutes,
203,616,Telegram Post View [Last 5 Post] [500K],0.15,10,500000,30 minutes,
204,617,Telegram Post View [Last 10 Post] [500K],0.30,10,500000,34 minutes,
205,618,Telegram Post View [Last 20 post] [500K],0.60,10,500000,1 hour and 17 minutes,
206,619,Telegram Post View [Last 30 post] [500K],0.90,10,500000,42 minutes,
207,620,Telegram Post View [Last 50 post] [500K],1.50,10,500000,9 minutes,
208,621,Telegram Post View [Last 100 post] [500K],3.00,10,500000,4 minutes,
209,699,Twitter Followers [ 500 / Day ] [ Refill Button 30 ] [ Max 9K ] INSTANT START,4.00,10,9500,213 hours and 25 minutes,Instant StartSpeed : 100 - 500 / DayRefill 30 DaysDrop : 15% - 30%
210,587,Twitter Followers [ No Refill ] [ Max 500 ],2.40,5,500,2 hours and 45 minutes,No RefillQuality : https://prnt.sc/saodqmSpeed: 500 / Day
211,230,Twitter Video Views [Instant Start] [Max 15K],0.18,10,15000,27 minutes,
212,789,Twitter Tweet Impressions [Max 15K],0.18,10,15000,6 minutes,
213,646,Twitter Likes [ Instant Start ],0.72,5,500,6 hours and 26 minutes,
214,211,Twitter Video Views [FASTEST],0.40,100,10000000,2 hours and 58 minutes,- Start Time = Instant Start- Speed = 100K per day- Eg Link :https://twitter.com/username/status/651787764204072960- Min = 100- Max = 100k- 7 days refill
215,212,Twitter Profile Clicks [FASTEST],0.40,100,10000000,Not enough data,- Start Time = Instant Start- Speed = 100K per day- Eg Link :https://twitter.com/username/status/651787764204072960- Min = 100- Max = 100k- 7 days refill
216,213,Twitter Link Clicks [FASTEST],0.40,100,10000000,45 minutes,- Start Time = Instant Start- Speed = 100K per day- Eg Link :https://twitter.com/username/status/651787764204072960- Min = 100- Max = 100k- 7 days refill
217,214,Twitter Impressions [FASTEST],0.40,100,10000000,16 minutes,- Start Time = Instant Start- Speed = 100K per day- Eg Link :https://twitter.com/username/status/651787764204072960- Min = 100- Max = 100k- 7 days refill
218,215,Twitter Hashtag Click [FASTEST],0.40,100,10000000,Not enough data,
219,384,Twitter Poll Votes [Instant Start],0.70,100,500000,5 minutes,- Example = https://twitter.com/Twitter/status/1149407582488059909?vote=ButtonNumber
220,667,Tiktok - Views - [ SUPER INSTANT] (Recommended) - [ SPEED 1M / HOUR] ğŸ”¥ğŸ”¥,0.007,500,1000000000,3 minutes,
221,200,Tiktok - Views - Instant Start | 100K / Day | [Max 10M],0.004,500,10000000,40 minutes,Example Link : https://tiktok.com/@username/video/6760271569521609985Speed: 100K / DayStart: 0 - 6 Hours
222,151,Tik Tok Views [Cheapest] [0 - 6 Hours],0.03,100,1000000,5 minutes,[ADD URL ]- MINIMUM 1000- MAXIMUM 1000000- START TIME - 0-6 HOURS
223,547,TikTok Views [Max 1M],0.24,5,1000000,25 minutes,
224,855,Tiktok Likes [Instant Start] [Max 500],0.60,10,500,21 hours and 55 minutes,
225,811,Tiktok Likes [Instant Start] [Max 3K],0.74,100,3000,28 hours and 53 minutes,
226,838,Tiktok Likes [5K / Day] [Max 10K],0.75,100,10000,10 hours and 11 minutes,
227,657,Tiktok - Likes - [1K / Day Speed] [Max 10K],1.08,100,10000,25 hours and 50 minutes,No RefillSpeed : 5K / DayMin 100Max 10000
228,205,Tiktok Likes [Instant Start] [Real] âš¡ï¸,6.00,10,30000,1 hour and 7 minutes,
229,509,Tiktok Likes [Non Drop] [300 / Day] [10K],9.20,50,10000,52 hours and 48 minutes,
230,837,Tiktok Followers [2-5K / Day] [Max 10K] - Instant Start,2.50,100,10000,15 hours and 57 minutes,
231,143,TikTok Followers [Bot Quality] [Refill 30 Days],3.50,100,50000,17 hours and 54 minutes,- Add Video LinkExmaple: vm.tiktok.com/sjbsca
232,793,Tiktok Follower Max 50K  [50K/D [Non Drop] [Râˆ],4.30,100,50000,15 hours and 59 minutes,Bot QualityInstant StartLifetime Refill.
233,199,Tiktok Followers [Instant Start] [Real] âš¡ï¸,6.00,10,30000,13 hours and 44 minutes,1- 6 Hours StartExample Link : https://www.tiktok.com/@username
234,508,TikTok Followers [Non Drop] [300 / Day] [10K],9.20,50,10000,48 hours and 53 minutes,
235,705,Tiktok Followers [Bots] [No Refill] [5K / Day],3.30,100,10000,17 hours and 31 minutes,ADD YOUR VIDEO LINKNOT PROFILE LINKExample: https://www.tiktok.com/@dubsholic/video/6760271569521609985Instant - 2 Hours Start5K / Day Speed.
236,73,Linkedin Followers Company Page (Worldwide) (Lifetime Non Drop) [100K],7.50,100,100000,292 hours and 56 minutes,â˜‘ï¸LinkedIn Company Page Followersâœ”ï¸Non-Drop Lifetime Guaranteeâœ”ï¸Start: 0-24H (Order Completed in 24 Hours)âœ”ï¸ Day Speed 700 to1000+âœ”ï¸Max Up to 300âœ”ï¸Suggest: Min-300 per timeâœ”ï¸Refill: Lifetime Non-Dropâœ”ï¸Min: 100âœ”ï¸Max: 1000M
237,377,Linkedin Profile Followers (Lifetime Non Dop) [Max 1M],8.50,100,1000000,Not enough data,â˜‘ï¸LinkedIn Profiles Followersâœ”ï¸Non-Drop Lifetime Guaranteeâœ”ï¸Start: 0-24Hâœ”ï¸ Day Speed 700 to1000+âœ”ï¸Refill: Lifetime Non-Dropâœ”ï¸Min: 100âœ”ï¸Max: 1000M
238,515,LinkedIn Followers [500k] [R60] [24H-300/D],8.80,100,500000,Not enough data,
239,217,LinkedIn Post Likes (USA) [Max 10K],38.00,25,10000,Not enough data,
240,693,LinkedIn Connection [USA] [Râˆ] [10K] [12H - 100/Day],23.94,100,10000,Not enough data,
241,694,LinkedIn Post Like Mix Country,30.00,25,5000,Not enough data,â˜‘ï¸LinkedIn Post Likeâœ”ï¸Non-Drop Lifetime Guaranteeâœ”ï¸Start: 0-24H (Order Completed in 24 Hours)âœ”ï¸ 100 Day Speedâœ”ï¸Max Up to 5000âœ”ï¸Suggest: Min-1000per timeâœ”ï¸Refill: Lifetime Non-Dropâœ”ï¸Min: 25âœ”ï¸Max: 10000
242,695,LinkedIn Connection Max 30 Real Active Profiles,180.00,10,30,Not enough data,
243,696,LinkedIn Endorsement Max 200 [Real Active Profiles],840.00,10,200,Not enough data,Start Time: 0-24 HourSpeed per Day : 100Lifetime non drop guaranteeMinimum Order: 25Maximum Order: 300Noted: Client needs to accept Connection for Endorsement after we are sent Connection.
244,697,LinkedIn Employer Max 30 Real Active Profiles,1200.00,10,30,Not enough data,
245,698,LinkedIn Custom Recommendation Max 30 Real Active Profiles,1200.00,10,30,Not enough data,
246,516,LinkedIn Company Page Followers USA [Max-10K] Lifetime Guarantee,6.60,100,10000,229 hours and 4 minutes,Non-Drop Lifetime GuaranteeStart: 0-24H (Order Completed in 24 Hours)300 Day SpeedMax Up to 300Refill: Lifetime Non-Drop
247,517,LinkedIn Profiles Followers USA [Real Max-50K] Lifetime Guarantee,13.00,100,50000,Not enough data,Non-Drop Lifetime GuaranteeStart: 0-24H (Order Completed in 24 Hours)300 Day SpeedMax Up to 300Refill: Lifetime Non-Drop
248,518,LinkedIn (Company+Profiles) Follower Real Max 50K USA & UK Mix Lifetime Guarantee,8.30,100,50000,Not enough data,Non-Drop Lifetime GuaranteeStart: 0-24H (Order Completed in 24 Hours)1000+ Day SpeedMax Up to 5000Refill: Lifetime Non-Drop
249,520,LinkedIn Company Page Followers [MAX-50k] USA Profiles  Lifetime Guarantee,7.80,100,500000,Not enough data,Non-Drop Lifetime GuaranteeStart: 0-24H (Order Completed in 24 Hours)Day Speed 700 to1000+Max Up to 50kSuggest: Min-5000 per timeRefill: Lifetime Non-Drop
250,521,LinkedIn Profiles Page Followers [MAX-50k] USA Profiles Lifetime Guarantee,7.80,100,50000,Not enough data,Non-Drop Lifetime GuaranteeStart: 0-24H (Order Completed in 24 Hours)Day Speed 700 to1000+Max Up to 50kSuggest: Min-5000 per timeRefill: Lifetime Non-Drop
251,218,LinkedIn Post Shares (USA) [Max 5K],25.00,25,10000,Not enough data,
252,522,LinkedIn Post Like USA (Max=5000 )Lifetime Guarantee,36.00,25,10000,Not enough data,
253,519,LinkedIn post like USA [Max 10K],25.00,25,10000,Not enough data,Non-Drop Lifetime GuaranteeStart: 0-24H (Order Completed in 24 Hours)300 Day SpeedMax Up to 10000Suggest: Min-300 per timeRefill: Lifetime Non-Drop
254,524,LinkedIn Celebrate USA (Max-5000) Lifetime Guarantee,25.00,25,10000,Not enough data,
255,525,LinkedIn Love USA (Max-5000) Lifetime Guarantee,25.00,25,10000,Not enough data,
256,526,LinkedIn Insightful USA (Max-5000) Lifetime Guarantee,25.00,25,10000,Not enough data,
257,527,LinkedIn Curious USA (Max-5000) Lifetime Guarantee,25.00,25,10000,Not enough data,
258,712,Spotify Free Plays [1-12H - 3.5k / Day],0.33,1000,10000000,Not enough data,ğŸšš Estimated Start Time: 1-12 HoursğŸ’§ Drip Feed: ---â™»ï¸Refill:Life Time Guaranteeâœ”ï¸Best Service in the Market âœ”ï¸Free plays from TIER 1 countries only! USA/CA/EU/AU/NZ/UK.âœ”ï¸Quality: HQ-------------------------------------------------âš ï¸Min/Max: 1 000/1 000 000âš ï¸â„¹ï¸ 500 - 3 500/Day speed!ğŸ’² Price per 1000: 0.50-------------------------------------------------ğŸ”´Details: Royalties Eligible!
259,713,Spotify Free Plays [USA]  [1-12H - 3.5k / Day],0.48,1000,10000000,Not enough data,
260,714,[NEW] [EXCLUSIVE] Spotify Search Free Plays,0.936,1000,10000000,Not enough data,ğŸšš Estimated Start Time: 1-12 HoursğŸ’§ Drip Feed: ---â™»ï¸ Refill:Life Time Guaranteeâœ”ï¸Best Service in the Market âœ”ï¸Free plays from TIER 1 countries only! USA/CA/EU/AU/NZ/UK.âœ”ï¸Quality: HQ-------------------------------------------------âš ï¸Min/Max: 1 000/1 000 000âš ï¸â„¹ï¸ 500 - 1 500/Day speed!-------------------------------------------------ğŸ”´ Details: Royalties Eligible!ğŸ”´ Plays come from the search bar which increases the chances of your track getting found on Spotify!
261,715,âš ï¸ [NEW] [EXCLUSIVE]Â Spotify Free Plays (Small Amounts),0.936,100,100000,Not enough data,ğŸšš Estimated Start Time: 1-12 HoursğŸ’§ Drip Feed: ---â™»ï¸Refill:Life Time Guaranteeâœ”ï¸Best Service in the Market âœ”ï¸FREE plays from TIER 1 countries only! USA/CA/EU/AU/NZ/UK.âœ”ï¸Quality: HQ-------------------------------------------------âš ï¸Min/Max: 100/1 000 000âš ï¸â„¹ï¸ 1.5k/Day speed!-------------------------------------------------ğŸ”´Details: Royalties Eligible!
262,716,Spotify Embedded Plays [EXCLUSIVE] [Instant Start],1.20,1000,1000000,Not enough data,
263,824,Spotify Quality Followers  [1-12H - 50k / Day],0.72,20,100000,Not enough data,ğŸšš Estimated Start Time: 1-12 HoursğŸ’§ Drip Feed: ---â™»ï¸Refill:Life Time Guaranteeâœ”ï¸Best Service in the Market âœ”ï¸Followers from TIER 1 countries only! USA/CA/EU/AU/NZ/UK.âœ”ï¸Quality: HQ-------------------------------------------------âš ï¸Min/Max: 100/100 000âš ï¸â„¹ï¸ 50k/Day speed!ğŸ’² Price per 1000: 1.25-------------------------------------------------ğŸ”´Details: NO DROPSâš ï¸ NO USER PROFILES!
264,832,Spotify Quality Followers [USA] [1-12H - 50k / Day],0.72,100,100000,Not enough data,ğŸšš Estimated Start Time: 1-12 HoursğŸ’§ Drip Feed: ---â™»ï¸Refill:Life Time Guaranteeâœ”ï¸Best Service in the Market âœ”ï¸Followers from TIER 1 countries only! USA/CA/EU/AU/NZ/UK.âœ”ï¸Quality: HQ-------------------------------------------------âš ï¸Min/Max: 100/100 000âš ï¸â„¹ï¸ 50k/Day speed!ğŸ’² Price per 1000: 1.25-------------------------------------------------ğŸ”´Details: NO DROPSâš ï¸ NO USER PROFILES!
265,833,âš ï¸ [NEW] [EXCLUSIVE]Â Spotify User Followers,0.72,20,100000,Not enough data,ğŸšš Estimated Start Time: 1-12 Hoursâ™»ï¸Refill:Life Time Guaranteeâœ”ï¸Best Service in the Market âœ”ï¸Followers from TIER 1 countries only! USA/CA/EU/AU/NZ/UK.âœ”ï¸Quality: HQ-------------------------------------------------âš ï¸Min/Max: 100/100 000âš ï¸â„¹ï¸ 50k/Day speed!-------------------------------------------------ğŸ”´Details: NO DROPSâš ï¸ USER PROFILES ONLY!
266,815,Spotify Starter Package,6.96,1,1,Not enough data,âš ï¸âš ï¸Link Format:âš ï¸ No private Accounts-------------------------------------------------ğŸšš Estimated Start Time: 0-12 HrsğŸ’§ Drip Feed:â™»ï¸Refill: Never Drop - 100% Guaranteeâœ”ï¸Best Service in the Marketâœ”ï¸Quality: HQ-------------------------------------------------âš ï¸Min/Max: 3K Plays + 300 Saves + 300 Followâš ï¸â„¹ï¸ 500-1000/Day speed!ğŸ’² Price per package: 9.99-------------------------------------------------ğŸ”´Details: Use Spotify Track Link only!ğŸ”´10% Daily Followers for the Artist PageğŸ”´10% Daily Saves for the SongğŸ”´Premium USA/UK/CA/AU/EU Accounts.
267,816,Spotify Standard Package,10.44,1,1,Not enough data,âš ï¸âš ï¸Link Format:âš ï¸ No private Accounts-------------------------------------------------ğŸšš Estimated Start Time: 0-12 HrsğŸ’§ Drip Feed:â™»ï¸Refill: Never Drop - 100% Guaranteeâœ”ï¸Best Service in the Marketâœ”ï¸Quality: HQ-------------------------------------------------âš ï¸Min/Max: 5K Plays + 500 Saves + 500 Followâš ï¸â„¹ï¸ 500-1000/Day speed!ğŸ’² Price per package: 7-------------------------------------------------ğŸ”´Details: Use Spotify Track Link only!ğŸ”´10% Daily Followers for the Artist PageğŸ”´10% Daily Saves for the SongğŸ”´Premium USA/UK/CA/AU/EU Accounts.
268,817,Spotify Advanced Package,20.88,1,1,Not enough data,âš ï¸âš ï¸Link Format:âš ï¸ No private Accounts-------------------------------------------------ğŸšš Estimated Start Time: 0-12 HrsğŸ’§ Drip Feed:â™»ï¸Refill: Never Drop - 100% Guaranteeâœ”ï¸Best Service in the Marketâœ”ï¸Quality: HQ-------------------------------------------------âš ï¸Min/Max: 10K Plays + 1k Saves + 1k Followâš ï¸â„¹ï¸ 500-1000/Day speed!ğŸ’² Price per package: 25.00-------------------------------------------------ğŸ”´Details: Use Spotify Track Link only!ğŸ”´10% Daily Followers for the Artist PageğŸ”´10% Daily Saves for the SongğŸ”´Premium USA/UK/CA/AU/EU Accounts.
269,818,Spotify Pro Package,104.40,1,1,Not enough data,âš ï¸âš ï¸Link Format:âš ï¸ No private Accounts-------------------------------------------------ğŸšš Estimated Start Time: 0-12 HrsğŸ’§ Drip Feed:â™»ï¸Refill: Never Drop - 100% Guaranteeâœ”ï¸Best Service in the Marketâœ”ï¸Quality: HQ-------------------------------------------------âš ï¸Min/Max: 100K Plays + 10k Saves + 10k Followâš ï¸â„¹ï¸ 500-1000/Day speed!ğŸ’² Price per package: 99.00-------------------------------------------------ğŸ”´Details: Use Spotify Track Link only!ğŸ”´10% Daily Followers for the Artist PageğŸ”´10% Daily Saves for the SongğŸ”´Premium USA/UK/CA/AU/EU Accounts.
270,819,Spotify Famous Package,162.40,1,1,Not enough data,âš ï¸âš ï¸Link Format:âš ï¸ No private Accounts-------------------------------------------------ğŸšš Estimated Start Time: 0-12 HrsğŸ’§ Drip Feed:â™»ï¸Refill: Never Drop - 100% Guaranteeâœ”ï¸Best Service in the Marketâœ”ï¸Quality: HQ-------------------------------------------------âš ï¸Min/Max: 150K Plays + 15k Saves + 15k Followâš ï¸â„¹ï¸ 500-1000/Day speed!ğŸ’² Price per package: 99-------------------------------------------------ğŸ”´Details: Use Spotify Track Link only!ğŸ”´10% Daily Followers for the Artist PageğŸ”´10% Daily Saves for the SongğŸ”´Premium USA/UK/CA/AU/EU Accounts.
271,820,Spotify Rockstar Package,208.80,1,1,Not enough data,âš ï¸âš ï¸Link Format:âš ï¸ No private Accounts-------------------------------------------------ğŸšš Estimated Start Time: 0-12 HrsğŸ’§ Drip Feed:â™»ï¸Refill: Never Drop - 100% Guaranteeâœ”ï¸Best Service in the Marketâœ”ï¸Quality: HQ-------------------------------------------------âš ï¸Min/Max: 320K Plays + 30k Saves + 30k Followâš ï¸â„¹ï¸ 500-1000/Day speed!ğŸ’² Price per package: 199-------------------------------------------------ğŸ”´Details: Use Spotify Track Link only!ğŸ”´10% Daily Followers for the Artist PageğŸ”´10% Daily Saves for the SongğŸ”´Premium USA/UK/CA/AU/EU Accounts.
272,717,Spotify Premium Plays  [1-12H - 3.5k / Day],0.42,1000,1000000,Not enough data,ğŸšš Estimated Start Time: 1-12 HoursğŸ’§ Drip Feed: ---â™»ï¸Refill:Life Time Guaranteeâœ”ï¸Best Service in the Market âœ”ï¸PREMIUM plays from TIER 1 countries only! USA/CA/EU/AU/NZ/UK.âœ”ï¸Quality: HQ-------------------------------------------------âš ï¸Min/Max: 1 000/1 000 000âš ï¸â„¹ï¸ 3 500/Day speed!ğŸ’² Price per 1000: 1.10-------------------------------------------------ğŸ”´Details: Royalties Eligible!
273,718,Spotify Premium Playlist/Album Plays  [1-12H - 3.5k / Day],0.60,1000,1000000,Not enough data,ğŸšš Estimated Start Time: 1-12 HoursğŸ’§ Drip Feed: ---â™»ï¸Refill:Life Time Guaranteeâœ”ï¸Best Service in the Market âœ”ï¸Free plays from TIER 1 countries only! USA/CA/EU/AU/NZ/UK.âœ”ï¸Quality: HQ-------------------------------------------------âš ï¸Min/Max: 1 000/1 000 000âš ï¸â„¹ï¸ 500 - 3 000/Day speed!âš ï¸ Album link/plays one track of the album-------------------------------------------------ğŸ”´Details: Royalties Eligible!
274,719,Spotify Premium Plays [USA]  [1-12H - 3.5k / Day],0.84,1000,1000000,Not enough data,ğŸšš Estimated Start Time: 1-12 HoursğŸ’§ Drip Feed: ---â™»ï¸Refill:Life Time Guaranteeâœ”ï¸Best Service in the Marketâœ”ï¸PREMIUM plays from TIER 1 countries only! USA/CA/EU/AU/NZ/UK.âœ”ï¸Quality: HQ-------------------------------------------------âš ï¸Min/Max: 1 000/1 000 000âš ï¸â„¹ï¸ 3 500/Day speed!-------------------------------------------------ğŸ”´Details: Royalties Eligible!ğŸ”´ USA ONLY
275,720,[NEW] [EXCLUSIVE] Spotify Search Premium Plays,1.956,1000,10000000,Not enough data,ğŸšš Estimated Start Time: 1-12 HoursğŸ’§ Drip Feed: ---â™»ï¸ Refill:Life Time Guaranteeâœ”ï¸Best Service in the Market âœ”ï¸Free plays from TIER 1 countries only! USA/CA/EU/AU/NZ/UK.âœ”ï¸Quality: HQ-------------------------------------------------âš ï¸Min/Max: 1 000/1 000 000âš ï¸â„¹ï¸ 500 - 1 500/Day speed!-------------------------------------------------ğŸ”´ Details: Royalties Eligible!ğŸ”´ Plays come from the search bar which increases the chances of your track getting found on Spotify!
276,721,âš ï¸ [NEW] [EXCLUSIVE]Â Spotify Premium Plays (Small Amounts),1.68,100,1000,Not enough data,ğŸšš Estimated Start Time: 1-12 HoursğŸ’§ Drip Feed: ---â™»ï¸Refill:Life Time Guaranteeâœ”ï¸Best Service in the Market âœ”ï¸PREMIUM plays from TIER 1 countries only! USA/CA/EU/AU/NZ/UK.âœ”ï¸Quality: HQ-------------------------------------------------âš ï¸Min/Max: 100/1 000 000âš ï¸â„¹ï¸ 1.5k/Day speed!-------------------------------------------------ğŸ”´Details: Royalties Eligible!
277,825,Spotify Saves [For Track/Album] [1-12H - 50k / Day],1.44,100,100000,Not enough data,ğŸšš Estimated Start Time: 1-12 HoursğŸ’§ Drip Feed: ---â™»ï¸Refill:Life Time Guaranteeâœ”ï¸Best Service in the Market âœ”ï¸Saves from TIER 1 countries only! USA/CA/EU/AU/NZ/UK.âœ”ï¸Quality: HQ-------------------------------------------------âš ï¸Min/Max: 100/100 000âš ï¸â„¹ï¸ 50k/Day speed!ğŸ’² Price per 1000: 1.25-------------------------------------------------ğŸ”´Details: NO DROPS
278,826,Spotify Premium Saves [For Track/Album] [1-12H - 50k / Day],6.00,100,100000,Not enough data,ğŸšš Estimated Start Time: 1-12 HoursğŸ’²PREMIUM ACCOUNTS ONLY!â™»ï¸Refill:Life Time Guaranteeâœ”ï¸Best Service in the Market âœ”ï¸Saves from TIER 1 countries only! USA/CA/EU/AU/NZ/UK.âœ”ï¸Quality: HQ-------------------------------------------------âš ï¸Min/Max: 100/100 000âš ï¸â„¹ï¸ 50k/Day speed!ğŸ’² Price per 1000: $12.5-------------------------------------------------ğŸ”´Details: NO DROPS
279,827,Spotify Premium Saves [For Track/Album] [USA] [1-12H - 50k / Day],1.44,100,100000,Not enough data,ğŸšš Estimated Start Time: 1-12 HoursğŸ’²PREMIUM ACCOUNTS ONLY!â™»ï¸Refill:Life Time Guaranteeâœ”ï¸Best Service in the Marketâœ”ï¸Saves from TIER 1 countries only! USA/CA/EU/AU/NZ/UK.âœ”ï¸Quality: HQ-------------------------------------------------âš ï¸Min/Max: 100/100 000âš ï¸â„¹ï¸ 50k/Day speed!-------------------------------------------------ğŸ”´Details: NO DROPSğŸ”´ USA ONLY
280,828,Spotify Saves [For Track/Album] [USA] [1-12H - 50k / Day],1.44,100,100000,Not enough data,ğŸšš Estimated Start Time: 1-12 Hoursâ™»ï¸Refill:Life Time Guaranteeâœ”ï¸Best Service in the Marketâœ”ï¸Saves from TIER 1 countries only! USA/CA/EU/AU/NZ/UK.âœ”ï¸Quality: HQ-------------------------------------------------âš ï¸Min/Max: 100/100 000âš ï¸â„¹ï¸ 50k/Day speed!-------------------------------------------------ğŸ”´Details: NO DROPSğŸ”´ USA ONLY
281,829,[EXCLUSIVE] Spotify Pre-Saves [Only feature.fm // ffm.to URLs] [1-12H - 1k / Day],18.00,100,10000,Not enough data,
282,722,Spotify Playlist Plays  [1-12H - 1.5k / Day],0.60,1000,1000000,Not enough data,ğŸšš Estimated Start Time: 1-12 HoursğŸ’§ Drip Feed: ---â™»ï¸Refill:Life Time Guaranteeâœ”ï¸Best Service in the Market âœ”ï¸Playlist Plays (FREE & PREMIUM MIX) from TIER 1 countries only! USA/CA/EU/AU/NZ/UK.âœ”ï¸Quality: HQâœ”ï¸Picks one track of the playlist.-------------------------------------------------âš ï¸Min/Max: 1 000/1 000 000âš ï¸â„¹ï¸ 1 500/Day speed!ğŸ’² Price per 1000: 1.10-------------------------------------------------ğŸ”´Details: Royalties Eligible!
283,723,Spotify Playlist Plays [USA]  [1-12H - 1.5k / Day],0.42,1000,1000000,Not enough data,ğŸšš Estimated Start Time: 1-12 HoursğŸ’§ Drip Feed: ---â™»ï¸Refill:Life Time Guaranteeâœ”ï¸Best Service in the Market âœ”ï¸Playlist Plays (FREE & PREMIUM MIX) from TIER 1 countries only! USA/CA/EU/AU/NZ/UK.âœ”ï¸Quality: HQâœ”ï¸Picks one track of the playlist.-------------------------------------------------âš ï¸Min/Max: 1 000/1 000 000âš ï¸â„¹ï¸ 1 500/Day speed!ğŸ’² Price per 1000: 1.10-------------------------------------------------ğŸ”´Details: Royalties Eligible!
284,724,âš ï¸ [NEW] [EXCLUSIVE]Â Spotify Playlist Plays (Small Amounts),1.56,100,100000,Not enough data,ğŸšš Estimated Start Time: 1-12 Hoursâ™»ï¸Refill:Life Time Guaranteeâœ”ï¸Best Service in the Market âœ”ï¸Playlist Plays (FREE & PREMIUM MIX) from TIER 1 countries only! USA/CA/EU/AU/NZ/UK.âœ”ï¸Quality: HQâœ”ï¸Picks one track of the playlist.-------------------------------------------------âš ï¸Min/Max: 100/1 000 000âš ï¸â„¹ï¸ 1 500/Day speed!-------------------------------------------------ğŸ”´Details: Royalties Eligible!
285,830,Spotify Playlist Followers [1-12H - 50k / Day],0.72,20,100000,Not enough data,ğŸšš Estimated Start Time: 1-12 HoursğŸ’§ Drip Feed: ---â™»ï¸Refill:Life Time Guaranteeâœ”ï¸Best Service in the Market âœ”ï¸Playlist Followers from TIER 1 countries only! USA/CA/EU/AU/NZ/UK.âœ”ï¸Quality: HQ-------------------------------------------------âš ï¸Min/Max: 100/100 000âš ï¸â„¹ï¸ 50k/Day speed!ğŸ’² Price per 1000: 2.50-------------------------------------------------ğŸ”´Details: NO DROPS
286,831,Spotify Playlist Followers [USA] [1-12H - 50k / Day],0.72,20,100000,Not enough data,ğŸšš Estimated Start Time: 1-12 HoursğŸ’§ Drip Feed: ---â™»ï¸Refill:Life Time Guaranteeâœ”ï¸Best Service in the Marketâœ”ï¸Playlist Followers from TIER 1 countries only! USA/CA/EU/AU/NZ/UK.âœ”ï¸Quality: HQ-------------------------------------------------âš ï¸Min/Max: 100/100 000âš ï¸â„¹ï¸ 50k/Day speed!ğŸ’² Price per 1000: 2.50-------------------------------------------------ğŸ”´Details: NO DROPSğŸ”´USA ONLY
287,725,Spotify Monthly Listeners  [1-12H - 2.5k / Day],0.72,1000,10000000,Not enough data,ğŸšš Estimated Start Time: 1-12 Hoursâœ”ï¸Best Service in the Marketâœ”ï¸TIER 1 countries only! USA/CA/EU/AU/NZ/UK.âœ”ï¸Quality: HQ-------------------------------------------------âš ï¸Min/Max: 1000/50 000âš ï¸â„¹ï¸ 2 500/Day speed!ğŸ’² Price per 1000: 0.9-------------------------------------------------ğŸ”´Details: Royalties Eligible!
288,726,Spotify Monthly Listeners [USA]  [1-12H - 2.5k / Day],0.576,1000,10000000,Not enough data,ğŸšš Estimated Start Time: 1-12 Hoursâœ”ï¸Best Service in the Marketâœ”ï¸TIER 1 countries only! USA/CA/EU/AU/NZ/UK.âœ”ï¸Quality: HQ-------------------------------------------------âš ï¸Min/Max: 1000/50 000âš ï¸â„¹ï¸ 2 500/Day speed!-------------------------------------------------ğŸ”´Details: Royalties Eligible!ğŸ”´USA ONLY
289,727,ğŸ‡§ğŸ‡·Spotify BRAZIL Plays [1-12H - 1.5k-3k / Day],2.40,500,100000,Not enough data,
290,728,ğŸ‡§ğŸ‡·Spotify BRAZIL Playlist Plays [1-12H - 1.5k-3k / Day],2.40,500,100000,Not enough data,
291,729,ğŸ‡§ğŸ‡·Spotify BRAZIL Followers [1-12H - 15k / Day],2.40,100,15000,Not enough data,
292,730,ğŸ‡§ğŸ‡·Spotify BRAZIL Monthly Listeners [1-12H - 1.5k-3k / Day],2.40,500,15000,Not enough data,
293,731,ğŸ‡§ğŸ‡·Spotify BRAZIL Saves [For Track] [1-12H - 15k / Day][EXCLUSIVE],3.30,100,15000,Not enough data,
294,732,ğŸ‡«ğŸ‡·Spotify FRANCE (FR) Plays [1-12H - 1.5k-3k / Day],1.98,500,100000,Not enough data,
295,733,ğŸ‡«ğŸ‡·Spotify FRANCE (FR) Playlist Plays [1-12H - 1.5k-3k / Day],1.98,500,100000,Not enough data,
296,734,ğŸ‡«ğŸ‡·Spotify FRANCE (FR) Monthly Listeners [1-12H - 1.5k-3k / Day],1.98,500,100000,Not enough data,
297,735,ğŸ‡«ğŸ‡·Spotify FRANCE (FR) Followers [1-12H - 1.5k-3k / Day],1.74,500,100000,Not enough data,
298,736,ğŸ‡«ğŸ‡·Spotify FRANCE (FR) Saves [For Track] [1-12H - 15k / Day][EXCLUSIVE],3.00,100,100000,Not enough data,
299,737,ğŸ‡¬ğŸ‡§Spotify United Kingdom (UK) Plays [1-12H - 1.5k-3k / Day],1.98,500,100000,Not enough data,
300,738,ğŸ‡¬ğŸ‡§Spotify United Kingdom (UK) Playlist Plays [1-12H - 1.5k-3k / Day],1.98,500,100000,Not enough data,
301,739,ğŸ‡¬ğŸ‡§Spotify United Kingdom (UK) Monthly Listeners [1-12H - 1.5k-3k / Day],1.98,500,100000,Not enough data,
302,740,ğŸ‡¬ğŸ‡§Spotify United Kingdom (UK) Followers [1-12H - 15k / Day],3.00,500,100000,Not enough data,
303,741,ğŸ‡¬ğŸ‡§Spotify United Kingdom (UK) Saves [For Track] [1-12H - 15k / Day],4.80,500,100000,Not enough data,
304,742,ğŸ‡©ğŸ‡ªSpotify German (DE) Plays [1-12H - 1.5k-3k / Day],1.98,500,100000,Not enough data,
305,743,ğŸ‡©ğŸ‡ªSpotify German (DE) Playlist Plays [1-12H - 1.5k-3k / Day],1.98,500,100000,Not enough data,
306,744,ğŸ‡©ğŸ‡ªSpotify German (DE) Monthly Listeners [1-12H - 1.5k-3k / Day],1.98,500,100000,Not enough data,
307,745,ğŸ‡©ğŸ‡ªSpotify German (DE) Followers [1-12H - 15k / Day],1.74,100,100000,Not enough data,
308,746,ğŸ‡©ğŸ‡ªSpotify German (DE) Saves [1-12H - 15k / Day],3.00,100,100000,Not enough data,
309,747,ğŸ‡®ğŸ‡¹Spotify Italy (IT) Plays [1-12H - 1.5k-3k / Day],1.98,500,100000,Not enough data,
310,748,ğŸ‡®ğŸ‡¹Spotify Italy (IT) Playlist Plays [1-12H - 1.5k-3k / Day],1.98,500,100000,Not enough data,
311,749,ğŸ‡®ğŸ‡¹Spotify Italy (IT) Monthly Listeners [1-12H - 1.5k-3k / Day],1.98,500,100000,Not enough data,
312,750,ğŸ‡®ğŸ‡¹Spotify Italy (IT) Followers [1-12H - 15k / Day],1.74,500,100000,Not enough data,
313,751,ğŸ‡®ğŸ‡¹Spotify Italy (IT) Saves [1-12H - 15k / Day],3.00,100,100000,Not enough data,
314,752,ğŸ‡¦ğŸ‡ºSpotify Australia (AU) Plays [1-12H - 1.5k-3k / Day],1.98,500,100000,Not enough data,
315,753,ğŸ‡¦ğŸ‡ºSpotify Australia (AU) Playlist Plays [1-12H - 1.5k-3k / Day],1.98,500,100000,Not enough data,
316,754,ğŸ‡¦ğŸ‡ºSpotify Australia (AU) Monthly Listeners [1-12H - 1.5k-3k / Day],1.98,500,100000,Not enough data,
317,755,ğŸ‡¦ğŸ‡ºSpotify Australia (AU) Followers [1-12H - 15k / Day],1.74,500,100000,Not enough data,
318,756,ğŸ‡¦ğŸ‡ºSpotify Australia (AU) Saves [1-12H - 15k / Day],3.00,100,100000,Not enough data,
319,757,ğŸ‡¨ğŸ‡¦Spotify Canada (CA) Plays [1-12H - 1.5k-3k / Day],1.98,500,100000,Not enough data,
320,758,ğŸ‡¨ğŸ‡¦Spotify Canada (CA) Playlist Plays [1-12H - 1.5k-3k / Day],1.98,500,100000,Not enough data,
321,759,ğŸ‡¨ğŸ‡¦Spotify Canada (CA) Monthly Listeners [1-12H - 1.5k-3k / Day],1.98,500,100000,Not enough data,
322,760,ğŸ‡¨ğŸ‡¦Spotify Canada (CA) Followers [1-12H - 15k / Day],1.74,500,100000,Not enough data,
323,761,ğŸ‡¨ğŸ‡¦Spotify Canada (CA) Saves [For Track] [1-12H - 15k / Day],3.00,100,100000,Not enough data,
324,762,ğŸ‡¹ğŸ‡·Spotify Turkey (TR) Plays [1-12H - 1.5k-3k / Day],1.98,500,1000000,Not enough data,
325,763,ğŸ‡¹ğŸ‡·Spotify Turkey (TR) Playlist Plays [1-12H - 1.5k-3k / Day],1.98,500,1000000,Not enough data,
326,764,ğŸ‡¹ğŸ‡·Spotify Turkey (TR) Monthly Listeners [1-12H - 1.5k-3k / Day],1.98,500,10000000,Not enough data,
327,765,ğŸ‡¹ğŸ‡·Spotify Turkey (TR) Followers [1-12H - 15k / Day],1.74,500,100000,Not enough data,
328,766,ğŸ‡¹ğŸ‡·Spotify Turkey (TR) Saves [For Track] [1-12H - 15k / Day],3.00,100,1000000,Not enough data,
329,767,ğŸ‡³ğŸ‡±Spotify Netherlands (NL) Followers [1-12H - 15k / Day],1.74,500,1000000,Not enough data,
330,768,ğŸ‡³ğŸ‡±Spotify Netherlands (NL) Monthly Listeners [1-12H - 1.5k/3k / Day],1.98,500,1000000,Not enough data,
331,769,ğŸ‡³ğŸ‡±Spotify Netherlands (NL) Saves [1-12H - 15k / Day],3.00,100,1000000,Not enough data,
332,770,ğŸ‡³ğŸ‡±Spotify Netherlands (NL) Plays [1-12H - 1.5k-3k / Day],1.98,500,1000000,Not enough data,
333,771,ğŸ‡³ğŸ‡±Spotify Netherlands (NL) Playlist Plays [1-12H - 1.5k-3k / Day],1.98,500,1000000,Not enough data,
334,772,ğŸ‡§ğŸ‡ªSpotify Belgium (BE) Playlist Plays [1-12H - 1.5k-3k / Day],1.98,500,1000000,Not enough data,
335,773,ğŸ‡§ğŸ‡ªSpotify Belgium (BE) Followers [1-12H - 15k / Day],1.74,500,1000000,Not enough data,
336,774,ğŸ‡§ğŸ‡ªSpotify Belgium (BE) Saves [For Track] [1-12H - 15k / Day],3.00,500,1000000,Not enough data,
337,775,ğŸ‡§ğŸ‡ªSpotify Belgium (BE) Plays [1-12H - 1.5k-3k / Day],1.98,500,1000000,Not enough data,
338,776,ğŸ‡¸ğŸ‡ªSpotify Sweden (SE) Plays [1-12H - 1.5k-3k / Day],2.64,500,1000000,Not enough data,
339,777,ğŸ‡¸ğŸ‡ªSpotify Sweden (SE) Followers [1-12H - 15k / Day],3.00,500,1000000,Not enough data,
340,778,ğŸ‡¸ğŸ‡ªSpotify Sweden (SE) Saves [For Track] [1-12H - 15k / Day],3.00,500,1000000,Not enough data,
341,779,ğŸ‡¸ğŸ‡ªSpotify Sweden (SE) Monthly Listeners [1-12H - 1.5k-3k / Day],1.98,500,1000000,Not enough data,
342,780,ğŸ‡¸ğŸ‡ªSpotify Sweden (SE) Playlist Plays [1-12H - 1.5k-3k / Day],1.98,500,1000000,Not enough data,
343,781,ğŸ‡§ğŸ‡ªSpotify Belgium (BE) Monthly Listeners [1-12H - 1.5k-3k / Day],1.98,500,1000000,Not enough data,
344,782,ğŸ‡¨ğŸ‡­ Spotify Switzerland (CH) Plays [1-12H - 1.5k-3k / Day],1.98,500,1000000,Not enough data,
345,783,ğŸ‡¨ğŸ‡­ Spotify Switzerland (CH) Playlist Plays [1-12H - 1.5k-3k / Day],1.98,500,1000000,Not enough data,
346,784,ğŸ‡¨ğŸ‡­ Spotify Switzerland (CH) Monthly Listeners [1-12H - 1.5k-3k / Day],1.98,500,1000000,Not enough data,
347,785,ğŸ‡¨ğŸ‡­ Spotify Switzerland (CH) Followers [1-12H - 15k / Day],1.74,500,1000000,Not enough data,
348,786,ğŸ‡¨ğŸ‡­ Spotify Switzerland (CH) Saves [For Track] [1-12H - 15k / Day],3.00,500,1000000,Not enough data,
349,814,[NEW] Spotify Podcast Plays  [1-12H - 2.5k / Day],2.30,500,100000,Not enough data,ğŸšš Estimated Start Time: 1-12 Hoursâ™»ï¸Refill:Life Time Guaranteeâœ”ï¸60-90 second playsâœ”ï¸Podcast plays from TIER 1 countries only! USA/CA/EU/AU/NZ/UK.âœ”ï¸Quality: HQ-------------------------------------------------âš ï¸Min/Max: 1 000/1 000 000âš ï¸ 3 000/Day speed!âš ï¸ Spotify Podcast Link only-------------------------------------------------
350,484,Spotify Plays [ Super Fast ],1.08,1000,1000000000,Not enough data,Quality: Plays from High-Quality AccountGuarantee: No Drop - Life Time GuaranteeMinimum Order: 1kMaximum Order: 50 000 Start: Instant ( Avg 0-3 hrs ) Speed: 5k to 10k per 24 hoursCorrect format: https://open.spotify.com/track/40Zb4FZ6nS1Hj8RVfaLkCVDon't Order Album LinkNote: Adding Faster plays can be bad for your song if your track remove we will not refund or refill
351,483,Spotify Plays  [High Quality Plays] [Non Drop],1.00,1000,100000000,2 hours and 11 minutes,Quality: Plays from High-Quality AccountGuarantee: No Drop - Life Time GuaranteeMinimum Order: 50kMaximum Order: 1000 000 Start: Instant ( Avg 0-3 hrs ) Speed: 20k to 50k per 24 hoursCorrect format: https://open.spotify.com/track/40Zb4FZ6nS1Hj8RVfaLkCVDon't Order Album LinkNote: Adding Faster plays can be bad for your song if your track remove we will not refund or refill
352,478,Spotify Plays [ Best Service ] [ Min 4000 ] Cheap,0.80,4000,1000000,Not enough data,
353,481,Spotify Followers FASTEST,1.10,20,100000,Not enough data,Quality: 100% High-Quality AccountGuarantee: No Drop - Life Time GuaranteeMinimum Order: 1000 Maximum Order: 500 000 Start: Instant ( Avg 0-3 hrs ) Speed: 500 to 5000 per 24 hours
354,480,Spotify Followers [FAST],1.80,20,100000,Not enough data,Quality: 100% High-Quality AccountGuarantee: No Drop - Life Time GuaranteeMinimum Order: 1000 Maximum Order: 500 000 Start: Instant ( Avg 0-3 hrs ) Speed: 500 to 5000 per 24 hours
355,685,Spotify Premium Plays,1.72,1000,1000000,Not enough data,Instant StartStart count AvailableNon drop Lifetime WarrantyMin -100 max - 1millonSpeed - 50k per day++Cheapest
356,550,Spotify Playlist Plays [~1k / Day],0.70,1000,1000000,Not enough data,
357,684,Spotify Playlist Followers [Instant Start] [Lifetime Guarantee],1.20,100,10000000,Not enough data,Instant StartStart count AvailableNon drop Lifetime WarrantyMin -100 max - 1millonSpeed - 50k per day++Cheapest
358,477,Spotify Playlists,6.00,50,100000,Not enough data,
359,706,SoundCloud Plays [Min 50K] [FASTEST],0.012,50000,10000000,Not enough data,
360,707,SoundCloud Plays [Min 100] [Max 1M] [Lifetime],0.026,100,1000000,5 minutes,Lifetime Guaranteed100K / Day SpeedMax 1MMin 100
361,708,SoundCloud Followers [ Refill 30 Days ],1.365,100,50000,Not enough data,Start : 0 - 12 HoursRefill 30 Days
362,709,SoundCloud Followers [ No Refill ],3.15,10,100000,Not enough data,
363,710,SoundCloud Likes,1.05,10,1000000,Not enough data,
364,841,Twitch Followers | Non Drop | Max 15K,0.39,200,15000,Not enough data,Non DropQuality: https://prnt.sc/sifl0lStart time: 0 - 6 HoursMin 200Max 15K
365,624,Twitch Followers [4K] [Exclusive],0.90,100,500000,Not enough data,Min 100Max 4000Start: Instant - 6 Hours
366,588,Twitch Followers [ 20K ] [ 6H - 20K/Day ] ~ ğ™ƒğ™ğ™œğ™ ğ™Œğ™ªğ™–ğ™¡ğ™ğ™©ğ™®,1.00,50,20000,217 hours and 26 minutes,âŒ› Start Time: Up to 12Hâš¡ Speed per day: 20 000âœ… Lifetime non drop guaranteeğŸ”» Minimum Order: 50ğŸ”¼ Maximum Order: 20 000ğŸ”´LINK EXAMPLE: twitch12345ğŸ“Œ~90% ğ™¥ğ™§ğ™¤ğ™›ğ™ğ™¡ğ™šğ™¨ ğ™¬ğ™ğ™©ğ™ ğ™‹ğ™§ğ™¤ğ™›ğ™ğ™¡ğ™š ğ™„ğ™¢ğ™–ğ™œğ™š / ğ˜½ğ™„ğ™Š
367,840,Twitch Channel Views | 5 - 20K / Day | Max 500K,0.30,1000,500000,Not enough data,Speed: 5 - 20K / DayStart time 0-12 hoursCheapest Views!
368,589,Twitch Channel Views [ ğ‘¼ğ’ğ’ğ’Šğ’ğ’Šğ’•ğ’†ğ’… ] [ 12H - 30K/day ] ~ ğ‘µğ’ğ’-ğ’…ğ’“ğ’ğ’‘,0.54,500,200000,Not enough data,âŒ› 0-12 hours start timeâš¡ 30 000/day speedğŸ“¢ Link: Twitch username
369,455,Twitch channel views,1.20,200,10000000,Not enough data,â€¢ Twitch Channel Total Viewsâ€¢ Non-Drop Guaranteeâ€¢ Default speed: 1500 views/hâ€¢ Twitch updates Channel Views stats every 30 minutesâ€¢ Supported links:â€¢ https://www.twitch.tv/lowkotvâ€¢ www.twitch.tv/lowkotvâ€¢ twitch.tv/lowkotvâ€¢ lowkotv
370,631,Twitch Channel Views [ Min: 100 | Max: 200K ] â­â­,0.444,500,200000,Not enough data,Quality: HQStart Time: 0-12 HoursSpeed per Day: 20k-50kMin/Max: 100/200 000Refill Available: NonePrice per 1000: 0.65$Details:ğŸ”´LINK EXAMPLE: https://www.twitch.tv/username1231321
371,632,Twitch Clip Views [3K] [12H - 3K/Day],0.78,100,3000,Not enough data,Quality: HQStart Time: 0-12 HoursSpeed per Day: 500-1KMin/Max: 100/3 000Refill Available: NonePrice per 1000: 0.75$Details:ğŸ”´LINK EXAMPLE: https://clips.twitch.tv/HereIsSomeNameSpec:- After 3k completed you can order more. 3k is only maximum per 1 orderNon Drop!
372,633,Twitch Video Views [3K] [12H - 3K/Day],0.78,100,3000,Not enough data,Quality: HQStart Time: 0-12 HoursSpeed per Day: 500-1KMin/Max: 100/3 000Refill Available: NonePrice per 1000: 0.75$Details:ğŸ”´LINK EXAMPLE: https://www.twitch.tv/videos/461234495Spec:- After 3k completed you can order more. 3k is only maximum per 1 orderNon Drop!
373,591,Twitch Video Views [3K] [12H - 3K/Day],0.90,100,3000,Not enough data,
374,634,Twitch Channel Views [5 000] â­â­,4.80,1,1,Not enough data,Quality: HQStart Time: 0-24 HoursSpeed per Day: 10kMin/Max: 1/1Refill Available: NonePrice per 1000: 4.00$Details:ğŸ”´LINK EXAMPLE: https://www.twitch.tv/username1231321
375,635,Twitch Channel Views [10 000] â­â­,7.20,1,1,Not enough data,Quality: HQStart Time: 0-24 HoursSpeed per Day: 10kMin/Max: 1/1Refill Available: NonePrice per 1000: 6.00$Details:ğŸ”´LINK EXAMPLE: https://www.twitch.tv/username1231321
376,636,Twitch Channel Views [20 000] â­â­,7.20,1,1,Not enough data,Quality: HQStart Time: 0-24 HoursSpeed per Day: 10-20kMin/Max: 1/1Refill Available: NonePrice per 1000: 8.00$Details:ğŸ”´LINK EXAMPLE: https://www.twitch.tv/username1231321- After purchasing I will add 20 000 channel views to your twitch channel (this is normally completed same day of order)
377,592,Twitch Channel Views [100 000] â­â­,18.00,1,1,Not enough data,âŒ› 0-12 hours start timeâš¡ 20 000/day speedğŸ“¢ Link: Twitch username
378,637,Twitch Channel Views [500 000] â­â­,36.00,1,1,Not enough data,Quality: HQStart Time: 0-72 HoursSpeed per Day: 200-300kMin/Max: 1/1Refill Available: NonePrice per 1000: 45.00$Details:ğŸ”´LINK EXAMPLE: https://www.twitch.tv/username1231321
379,639,Twitch Prime Subscribers [Min: 10 | Max: 1K],1700.00,10,1000,Not enough data,Quality: HQStart Time: 12-72 HoursSpeed per Day: NoneMin/Max: 10/1 000Refill Available: NonePrice: 1.4$ Per subDetails:ğŸ”´LINK EXAMPLE: https://twitch.tv/twitch12345â Twitch pay you ~2.49$ per Prime Subs !!! (TIN Required to get full revenue)â Everything is manual work hereâ Your channel must be Twitch Affiliated*Payouts are NOT guaranteed. By purchasing you agree to the risks*We are not responsible for any banned accounts. *We are only responsible for subs deliveryğŸ”´ Your channel must look really good and legit.ğŸ”´ You need to stream 3-6 times a week (1-2 hours per stream)ğŸ”´ You need channel views live viewers if possible
380,640,Twitch TIN [Tax Information],9.60,1,1,Not enough data,Quality: HQStart Time: 48-72 HoursSpeed per Day: NoneMin/Max: 1/1Refill Available: NonePrice per 1000: 10.00$ per orderDetails:â Use your EMAIL IN LINK FIELDâ (tax information) so you get most out of subs
381,273,Private - 1,1.00,20,50000,Not enough data,
382,284,Private likes,1.00,20,100000,Not enough data,
383,281,Private - 4,10.00,50,180000,Not enough data,
384,325,----private f,2.80,10,100000,Not enough data,
385,386,NA,4.00,1000,10000,Not enough data,
386,834,views,10.00,500,10000000,Not enough data,
