ID,Site,Product,Price/1000,Min,Max,Active,Real,Bot,No Drip,Drip,Non-drip,No Drop,Drop,Non-drop,Random,Custom,No Refill,Refill,Non-refill,Female,Male,Power,HQ,LQ,No Guarantee,Guarantee,Refund,No refund,Non-refund,Slow,Fast,Instant,Day,Hour,Bundle,Geo,From,Service
2167,Instagram,follower,0.3094,20 / 10000,empty,False,False,False,False,False,False,False,False,False,False,False,False,False,False,False,False,False,False,False,False,False,False,False,False,False,False,False,False,False,False,Unspecified,Unspecified,  üî•üåüIG Cheapest Followers In the Market üî•  
2166,Instagram,follower,0.56,20 / 10000,empty,False,False,True,False,False,False,False,False,False,False,False,False,False,False,False,False,False,False,False,False,False,False,False,False,False,False,False,False,False,False,Unspecified,Unspecified,  üî•IG followers 10k Max - Bot accounts  
2169,Instagram,follower,0.6062,50 / 10000,empty,False,False,False,False,False,False,False,False,False,False,False,False,False,False,False,False,False,False,False,False,False,False,False,False,False,True,False,False,False,False,Unspecified,Unspecified,  üí™IG SuperFast ‚ö°Ô∏è Followers - üí™  
2425,Instagram,follower,1.33,100 / 10000,empty,False,True,False,False,False,False,False,False,False,False,False,False,False,False,False,False,False,False,False,False,False,False,False,False,False,False,False,False,False,False,Unspecified,Unspecified,  [NEW] Instagram Followers [Real Mixed]NR  
2160,Instagram,follower,2.45,50 / 15000,empty,False,False,False,False,False,False,False,False,False,False,False,False,False,False,False,False,False,False,False,False,False,False,False,False,False,False,False,True,False,False,Unspecified,Unspecified,  üî• Instagram followers [3k/ Day][R30]  
2163,Instagram,follower,2.8000000000000003,25 / 50000,empty,False,False,False,False,False,False,False,True,False,False,False,False,False,False,False,False,False,False,False,False,False,False,False,False,False,False,False,False,False,False,Unspecified,Unspecified,  üéä‚ö°Ô∏è Instagram followers [R30] - 0-30% Drop  
2161,Instagram,follower,3.15,50 / 30000,empty,False,True,False,False,False,False,False,True,True,False,False,False,False,False,False,False,False,False,False,False,False,False,False,False,False,False,False,False,False,False,Unspecified,Unspecified,  üêº‚úÖInstagram Real Followers [NON-DROP AR30 ]‚ö°Ô∏è  
2157,Instagram,follower,3.29,50 / 50000,empty,False,False,False,False,False,False,False,False,False,False,False,False,True,False,False,False,False,False,False,False,False,False,False,False,False,False,False,False,False,False,Unspecified,Unspecified,  ‚ö°‚ôªÔ∏èInstagram Followers [Best Service - Refill ] [50k]  
2158,Instagram,follower,3.5,50 / 50000,empty,False,False,False,False,False,False,False,False,False,False,False,False,True,False,False,False,False,False,False,False,False,False,False,False,False,False,False,False,False,False,Unspecified,Unspecified,  ‚ôªÔ∏èInstagram Followers [Best Service- Autorefill ] [50k]  
2162,Instagram,follower,4.2700000000000005,50 / 15000,empty,False,True,False,False,False,False,False,True,False,False,False,False,False,False,False,False,False,False,False,False,False,False,False,False,False,False,False,False,False,False,Unspecified,Unspecified,  üî•Instagram Followers R30 ( Real ) 0-15% DROP  
2426,Instagram,follower,8.26,20 / 20000,empty,False,True,False,False,False,False,False,False,False,False,False,False,False,False,False,False,False,False,False,False,False,False,False,False,False,False,False,False,False,False,Unspecified,Unspecified,  ‚úÖInstagram Followers [15k][Real] [AR30]  
2155,Instagram,follower,2.4794,100 / 10000,empty,False,False,False,False,False,False,False,False,False,False,False,True,True,False,False,False,False,False,False,False,False,False,False,False,False,False,False,False,False,False,Russia,Unspecified,  Instagram üá∑üá∫Russian Followers - Russian- No refill  
2150,Instagram,follower,3.234,100 / 50000,empty,False,False,False,False,False,False,False,False,False,False,False,False,False,False,False,False,False,False,False,False,False,False,False,False,False,False,False,True,False,False,Indonesia,Unspecified,  üáÆüá©Instagram Followers [INDONESIA] [12H - 500/Day]  
2152,Instagram,follower,7.2772,10 / 1000,empty,False,False,False,False,False,False,False,False,False,False,False,True,True,False,False,False,False,False,False,False,False,False,False,False,False,False,False,False,False,False,Brazil,Unspecified,  üáßüá∑ Instagram Followers [BRAZIL][No Refill]  
2156,Instagram,follower,10.031,25 / 15000,empty,False,False,False,False,False,False,False,True,False,False,False,True,True,False,False,False,False,False,False,False,False,False,False,False,False,False,False,False,False,False,Brazil,Unspecified,  Instagram üáßüá∑ Brazil Followers ‚ö°üåü‚ö°Very Less drop - No refill  
2151,Instagram,follower,11.6438,100 / 10000,empty,False,False,False,False,False,False,False,False,False,False,False,False,False,False,False,False,False,False,False,False,False,False,False,False,True,False,False,False,False,False,Brazil,Unspecified,  ‚ôªüáßüá∑Instagram Followers [BRAZIL] [R30] [SLOW] ‚ôª  
2153,Instagram,follower,12.775,25 / 5000,empty,False,False,False,False,False,False,False,False,False,False,False,False,False,False,False,True,False,False,False,False,False,False,False,False,False,False,True,False,False,False,Brazil,Unspecified,  üáßüá∑ Instagram Followers [BRAZIL - MALE] [1K] [1H - INSTANT]  
2154,Instagram,follower,12.775,25 / 4000,empty,False,False,False,False,False,False,False,False,False,False,False,False,False,False,True,True,False,False,False,False,False,False,False,False,False,False,False,False,False,False,Brazil,Unspecified,  üáßüá∑ Instagram Followers [BRAZIL][ FEMALE] üôÜ‚Äç‚ôÄÔ∏è  
2440,Instagram,like,0.14,50 / 500,empty,False,False,False,False,False,False,False,False,False,False,False,False,False,False,False,False,False,False,False,False,False,False,False,False,False,False,True,False,False,False,Unspecified,Unspecified,  üî•üî• Instagram Promotional Instant Likes [‚Çπ10]  
2180,Instagram,like,0.2492,20 / 10000,empty,False,False,False,False,False,False,False,False,False,False,False,False,False,False,False,False,False,False,False,False,False,False,False,False,False,False,False,False,False,False,Unspecified,Unspecified,  ‚ô¶Ô∏èIG CHEAPEST Likes in the Market üéä  
2179,Instagram,like,0.294,10 / 20000,empty,False,False,False,False,False,False,False,False,False,False,False,False,False,False,False,False,False,False,False,False,False,False,False,False,False,False,False,False,False,False,Unspecified,Unspecified,  üíßIG Cheap Likes  With PP  
2176,Instagram,like,0.308,10 / 100000,empty,False,False,False,False,False,False,False,False,False,False,False,False,False,False,False,False,False,False,False,False,False,False,False,False,False,False,False,False,False,False,Unspecified,Unspecified,  üî•IG Likes with PP üñº  
2177,Instagram,like,0.63,10 / 50000,empty,False,False,False,False,False,False,False,True,False,False,False,False,False,False,False,False,False,False,False,False,False,False,False,False,False,True,False,False,False,False,Unspecified,Unspecified,  üê¢IG Likes Less drop  Fast Delivery üíØ  
2299,Instagram,like,0.7000000000000001,10 / 50000,empty,False,False,False,False,False,False,False,False,False,False,False,False,False,False,False,False,False,False,False,False,False,False,False,False,False,False,False,False,False,False,Unspecified,Unspecified,  üí´ Instagram Likes [50k]  
2171,Instagram,like,0.658,50 / 50000,empty,False,True,False,False,False,False,False,False,False,False,False,False,False,False,False,False,False,False,False,False,False,False,False,False,False,False,False,False,False,False,Unspecified,Unspecified,  üí´IG Likes - Natural Speed - Real Likes  
2172,Instagram,like,0.7056,20 / 5000,empty,False,True,False,False,False,False,False,False,False,False,False,False,False,False,False,False,False,False,False,False,False,False,False,False,True,False,False,False,False,False,Unspecified,Unspecified,  üê¢IG Likes Slow - Real Accounts.  
2170,Instagram,like,0.8231999999999999,50 / 20000,empty,False,True,False,False,False,False,False,False,False,False,False,False,False,False,False,False,False,False,False,False,False,False,False,False,False,False,True,False,False,False,Asia,Unspecified,  üí•IG Instant Likes ( Asian accounts ) Real accounts  
2173,Instagram,like,0.9058,10 / 100000,empty,False,False,False,False,False,False,False,False,False,False,False,False,True,False,False,False,False,False,False,False,False,False,False,False,False,False,False,False,False,False,Unspecified,Unspecified,  ‚ô≥ IG Likes R30 ( One time refill )  
2140,Instagram,like,1.12,100 / 20000,empty,False,False,False,False,False,False,False,True,False,False,False,False,False,False,False,False,False,False,False,False,False,False,False,False,False,True,False,False,False,False,Unspecified,Unspecified,  ‚ù§Ô∏è Instagram Likes FASTEST Non Drop Plan üî•‚ö°‚ö°  
2175,Instagram,like,1.176,50 / 50000,empty,False,False,False,False,False,False,False,True,False,False,False,False,False,False,False,False,False,False,False,False,False,False,False,False,False,False,True,False,False,False,Unspecified,Unspecified,  ‚ö°Ô∏é‚ö°Ô∏éIG likes Super-instant - Non Drop ( Good Server )  
2441,Instagram,like,0.6468,20 / 20000,empty,False,True,False,False,False,False,False,True,True,False,False,False,False,False,False,False,False,False,False,False,True,False,False,False,False,False,False,False,False,False,USA,Unspecified,  üá∫üá≤ Real Instagram Likes NON-DROP [USA] [Lifetime Guarantee]  
2181,Instagram,like,0.7056,10 / 10000,empty,False,False,False,False,False,False,False,False,False,False,False,False,False,False,False,False,False,False,False,False,False,False,False,False,False,False,False,False,False,False,India,Unspecified,  üáÆüá≥ Instagram Indian Likes [10k]  
2182,Instagram,like,0.9408000000000001,50 / 10000,empty,False,True,False,False,False,False,False,False,False,False,False,False,False,False,False,False,False,False,False,False,False,False,False,False,False,False,True,False,False,False,Turkey,Unspecified,  üáπüá∑ Instagram Likes [REAL-TURKISH] INSTANT‚ö°  
2183,Instagram,like,1.764,50 / 5000,empty,False,False,False,False,False,False,False,False,False,False,False,False,False,False,False,False,False,False,False,False,False,False,False,False,False,False,True,False,False,False,Arab,Unspecified,  üá¶üá™ Instagram-Likes [ARAB-MIXED] INSTANT‚ö°  
2184,Instagram,like,1.764,20 / 5000,empty,False,False,False,False,False,False,False,False,False,False,False,False,False,False,False,False,False,False,False,False,False,False,False,False,False,False,False,False,False,True,USA,Unspecified,  üá∫üá∏Instagram Likes + Impression [USA] [EXCLUSIVE] üî•  
2185,Instagram,like,1.764,50 / 50000,empty,False,False,False,False,False,False,False,False,False,False,False,False,False,False,False,False,False,False,False,False,False,False,False,False,False,False,True,False,False,False,Russia,Unspecified,  üá∑üá∫ Instagram-Likes [RUSSIAN] INSTANT‚ö°  
2188,Instagram,like,1.764,10 / 17000,empty,False,False,False,False,False,False,False,False,False,False,False,False,False,False,False,False,True,False,False,False,False,False,False,False,True,False,False,False,False,False,Unspecified,Unspecified,  ü¶æ Instagram POWER Likes [17K] [Slow]  
2187,Instagram,like,2.1168,50 / 5000,empty,False,False,False,False,False,False,False,False,False,False,False,False,False,False,False,False,True,False,False,False,False,False,False,False,False,False,False,False,False,False,Unspecified,Unspecified,  ü¶æ Instagram POWER Likes [5K]  
2186,Instagram,like,2.786,50 / 5000,empty,False,False,False,False,False,False,False,False,False,False,False,False,False,False,False,False,True,False,False,False,False,False,False,False,False,False,False,False,False,False,Unspecified,Unspecified,  ü¶æ Instagram POWER Likes [20K]  
2213,Instagram,video view,0.014,200 / 100000,empty,False,False,False,False,False,False,False,False,False,False,False,False,False,False,False,False,False,False,False,False,False,False,False,False,False,False,False,False,False,False,Unspecified,Unspecified,  üëÅ‚Äçüó®IG Video Views Cheapest and Best in the Market üíØ  
2377,Instagram,view,0.042,10 / 5000000,empty,False,False,False,False,False,False,False,False,False,False,False,False,False,False,False,False,False,False,False,False,False,False,False,False,False,True,False,False,False,False,Unspecified,Unspecified,  Instagram Superfast Bulk Views [5M]  
2216,Instagram,view,0.0546,100 / 1000000,empty,False,False,False,False,False,False,False,False,False,False,False,False,False,False,False,False,False,False,False,False,False,False,False,False,False,False,False,False,False,True,Unspecified,Unspecified,  üéäIG Views + Impressions Cheapest  
2214,Instagram,view,0.07,250 / 1000000,empty,False,False,False,False,False,False,False,False,False,False,False,False,False,False,False,False,False,False,False,False,False,False,False,False,False,False,False,False,False,True,Unspecified,Unspecified,  üí´IG Views + Profile Visits + Impressions + Interaction + Reach ‚ö°‚ö°  
2217,Instagram,view,0.07,100 / 50000,empty,False,False,False,False,False,False,False,False,False,False,False,False,False,False,False,False,False,False,False,False,False,False,False,False,False,False,False,False,False,True,Unspecified,other],  üí™IG Views + Impressions [FROM OTHER]  
2215,Instagram,view,0.084,100 / 5000000,empty,False,False,False,False,False,False,False,False,False,False,False,False,False,False,False,False,False,False,False,False,False,False,False,False,False,False,False,False,False,True,Unspecified,Unspecified,  ‚ô¶Ô∏èIG Views + Impressions + Profile Visits  
2219,Instagram,view,0.084,100 / 2000000,empty,False,False,False,False,False,False,False,False,False,False,False,False,False,False,False,False,False,False,False,False,False,False,False,False,False,False,False,False,False,True,Unspecified,explore],  üåéIG Views + Impressions [FROM EXPLORE]  
2220,Instagram,view,0.084,100 / 2000000,empty,False,False,False,False,False,False,False,False,False,False,False,False,False,False,False,False,False,False,False,False,False,False,False,False,False,False,False,False,False,True,Unspecified,location],  üóæIG Views + Impressions [FROM LOCATION]  
2221,Instagram,view,0.084,100 / 2000000,empty,False,False,False,False,False,False,False,False,False,False,False,False,False,False,False,False,False,False,False,False,False,False,False,False,False,False,False,False,False,True,Unspecified,home],  üè†IG Views + Impressions [FROM HOME]  
2218,Instagram,view,0.0882,100 / 10000000,empty,False,False,False,False,False,False,False,False,False,False,False,False,False,False,False,False,False,False,False,False,False,False,False,False,False,False,False,False,False,True,Unspecified,Unspecified,  üèÜIG Views + Impressions + Profile Visits Cheapest  
2212,Instagram,video view,0.11900000000000001,100 / 1000000,empty,False,False,False,False,False,False,False,False,False,False,False,False,False,False,False,False,False,False,False,False,False,False,False,False,False,True,False,False,False,False,Unspecified,Unspecified,  üî•IG Video Views on Post - Super Fast Delivery ‚ö°Ô∏è  
2232,Instagram,impression,0.9450000000000001,25 / 50000,empty,False,False,False,False,False,False,False,False,False,False,False,False,False,False,False,False,False,False,False,False,False,False,False,False,False,False,False,False,False,True,Unspecified,Unspecified,  üåéInstagram REACH + Impressions ( Unique Service )  
2442,Instagram,view,2.73,10000 / 10000000,empty,False,False,False,False,False,False,False,False,False,False,False,False,False,False,False,False,False,False,False,False,False,False,False,False,False,False,False,True,False,False,Unspecified,Unspecified,  Instagram Auto Views {Unlimited Videos][ 30days}  
1661,Instagram,view,9.8,100 / 3000000,empty,False,False,False,False,False,False,False,False,False,False,False,False,False,False,False,False,False,True,False,False,False,False,False,False,False,False,False,False,False,False,Unspecified,Unspecified,  üëÅ‚Äçüó®IG Views [HQ]  
2194,Instagram,post,0.042,10 / 10000,empty,False,False,False,False,False,False,False,False,False,False,False,False,False,False,False,False,False,False,False,False,False,False,False,False,False,False,False,False,False,False,Unspecified,Unspecified,  üíåInstagram Profile Visits [ - Add Post link]  
2195,Instagram,impression,0.056,20 / 10000,empty,False,True,False,False,False,False,False,False,False,False,False,False,False,False,False,False,False,False,False,False,False,False,False,False,False,False,False,False,False,False,Unspecified,Unspecified,  üíåInstagram Impressions (Real]  
2193,Instagram,view,0.09380000000000001,50 / 15000000,empty,False,False,False,False,False,False,False,False,False,False,False,False,False,False,False,False,False,False,False,False,False,False,False,False,False,False,False,False,False,True,Unspecified,Unspecified,  üíåInstagram Views + Impression + Profile Visit  
2197,Instagram,view,0.09380000000000001,100 / 1000000,empty,False,False,False,False,False,False,False,False,False,False,False,False,False,False,False,False,False,False,False,False,False,False,False,False,False,False,False,False,False,True,Unspecified,Unspecified,  üíåInstagram Views + Impression  
2196,Instagram,view,0.11760000000000001,100 / 1500000,empty,False,False,False,False,False,False,False,False,False,False,False,False,False,False,False,False,False,False,False,False,False,False,False,False,False,False,False,False,False,True,Unspecified,Unspecified,  üíåInstagram Organic Views + Impressions  
2198,Instagram,like,0.4816,10 / 10000,empty,False,False,False,False,False,False,False,False,False,False,False,False,False,False,False,False,False,False,False,False,False,False,False,False,False,False,False,False,False,True,Unspecified,Unspecified,  üíåInstagram Likes + Impression + Profile Visit  
2199,Instagram,like,0.23520000000000002,200 / 10000,empty,False,False,False,False,False,False,False,False,False,False,False,False,False,False,False,False,False,False,False,False,False,False,False,False,False,False,False,False,False,False,Unspecified,Unspecified,  üì∫ Instagram Live Video Likes [10k]  
2205,Instagram,like,0.23520000000000002,200 / 10000,empty,False,False,False,False,False,False,False,False,False,False,False,False,False,False,False,False,False,False,False,False,False,False,False,False,False,False,False,False,False,False,Unspecified,Unspecified,  üì∫Instagram Live Video Likes [10K]  
2206,Instagram,like,0.588,200 / 10000,empty,False,False,False,False,False,False,False,False,False,False,False,False,False,False,False,False,False,False,False,False,False,False,False,False,False,False,False,False,False,False,Unspecified,Unspecified,  üíï IG live Video Heart Likes  
2375,Instagram,view,2.4892000000000003,20 / 2000,empty,False,False,False,False,False,False,False,False,False,False,False,False,False,False,False,False,False,False,False,False,False,False,False,False,False,False,False,False,False,False,Unspecified,Unspecified,  Instagram Live Viewers For 10 Minutes  
2374,Instagram,view,3.5364,20 / 2000,empty,False,False,False,False,False,False,False,False,False,False,False,False,False,False,False,False,False,False,False,False,False,False,False,False,False,False,False,False,False,False,Unspecified,Unspecified,  Instagram Live Viewers For 20 Minutes  
2373,Instagram,view,4.5948,20 / 2000,empty,False,False,False,False,False,False,False,False,False,False,False,False,False,False,False,False,False,False,False,False,False,False,False,False,False,False,False,False,False,False,Unspecified,Unspecified,  Instagram Live Viewers For 30 Minutes  
2372,Instagram,view,5.755400000000001,20 / 2000,empty,False,False,False,False,False,False,False,False,False,False,False,False,False,False,False,False,False,False,False,False,False,False,False,False,False,False,False,False,False,False,Unspecified,Unspecified,  Instagram Live Viewers For 40 Minutes  
2204,Instagram,comment,5.88,50 / 2000,empty,False,False,False,False,False,False,False,False,False,True,False,False,False,False,True,True,False,False,False,False,False,False,False,False,False,False,True,False,False,False,Unspecified,Unspecified,  üì∫Instagram Live Video Comments [2K] [RANDOM] [FEMALE] [INSTANT]üôÜ‚Äç‚ôÄÔ∏è  
2202,Instagram,comment,6.468,50 / 2000,empty,False,False,False,False,False,False,False,False,False,True,False,False,False,False,False,False,False,False,False,False,False,False,False,False,False,False,True,False,False,False,Unspecified,Unspecified,  üì∫ Instagram Live Video Comments [2K] [RANDOM] [INSTANt]  
2371,Instagram,view,7.102200000000001,20 / 2000,empty,False,False,False,False,False,False,False,False,False,False,False,False,False,False,False,False,False,False,False,False,False,False,False,False,False,False,False,False,False,False,Unspecified,Unspecified,  Instagram Live Viewers For 50 Minutes  
2370,Instagram,view,7.8106,20 / 2000,empty,False,False,False,False,False,False,False,False,False,False,False,False,False,False,False,False,False,False,False,False,False,False,False,False,False,False,False,False,False,False,Unspecified,Unspecified,  Instagram Live Viewers For 60 Minutes  
2207,,comment,8.232,50 / 1500,empty,False,False,False,False,False,False,False,False,False,True,False,False,False,False,False,False,False,False,False,False,False,False,False,False,False,False,False,False,False,False,Unspecified,Unspecified,  üòÖüòÇüòçRandom Emojis and comments on live video  
2203,Instagram,comment,10.584,50 / 2000,empty,False,False,False,False,False,False,False,False,False,True,False,False,False,False,False,True,False,False,False,False,False,False,False,False,False,False,True,False,False,False,Unspecified,Unspecified,  üì∫Instagram Live Video Comments [2K] [RANDOM] [MALE] [INSTANT]üë®üèª‚Äçüíª  
2268,Instagram,comment,0.98,10 / 5000,empty,False,False,False,False,False,False,False,False,False,True,False,False,False,False,False,False,False,False,False,False,False,False,False,False,False,False,False,False,False,False,Unspecified,Unspecified,  ‚ùÑÔ∏èIG Random Comments - Emojies  
2271,Instagram,like,1.6463999999999999,10 / 2000,empty,False,False,False,False,False,False,False,False,False,False,False,False,False,False,False,False,False,False,False,False,False,False,False,False,False,False,False,False,False,False,Unspecified,Unspecified,  üíïIG Comment Like (Last 40 Comment)  
2270,,comment,7.056,10 / 2000,empty,False,False,False,False,False,False,False,False,False,False,False,False,False,False,False,False,False,False,False,False,False,False,False,False,False,False,False,False,False,False,Unspecified,Unspecified,  üî•Comment Replies (Last 40 Comments)  
2267,Instagram,comment,12.6,5 / 100,empty,False,True,False,False,False,False,False,False,False,True,False,False,False,False,False,False,False,False,False,False,False,False,False,False,False,False,False,False,False,False,Unspecified,Unspecified,  üí´IG Random Comments - Real Accounts  
2269,Instagram,comment,17.64,5 / 1000,empty,False,True,False,False,False,False,False,False,False,False,True,False,False,False,False,False,False,False,False,False,False,False,False,False,False,False,False,False,False,False,Unspecified,Unspecified,  üåüIG CUSTOM Comments - Real Accounts  
2278,Instagram,saves,0.0252,10 / 25000,empty,False,False,False,False,False,False,False,False,False,False,False,False,False,False,False,False,False,False,False,False,False,False,False,False,False,False,False,False,False,False,Unspecified,Unspecified,  ‚¨áÔ∏èInstagram Saves üåü  
2274,Instagram,story view,0.1764,20 / 5000,empty,False,False,False,False,False,False,False,False,False,False,False,False,False,False,False,False,False,False,False,False,False,False,False,False,False,True,False,False,False,False,Unspecified,Unspecified,  ‚ùÑÔ∏èInstagram Story Views (Fastest) {Last Post}  
2272,Instagram,story view,0.23800000000000002,100 / 30000,empty,False,False,False,False,False,False,False,False,False,False,False,False,False,False,False,False,False,False,False,False,False,False,False,False,False,False,False,False,False,False,Unspecified,Unspecified,  üëÅ‚Äçüó®Instagram Story Views- All Stories  
2275,Instagram,story view,0.266,20 / 5000,empty,False,False,False,False,False,False,False,False,False,False,False,False,False,False,False,True,False,False,False,False,False,False,False,False,False,False,False,False,False,False,Unspecified,Unspecified,  üôç‚Äç‚ôÇÔ∏èInstagram Story Views MALE  
2276,Instagram,story view,0.42,20 / 5000,empty,False,False,False,False,False,False,False,False,False,False,False,False,False,False,True,True,False,False,False,False,False,False,False,False,False,False,False,False,False,False,Unspecified,Unspecified,  ‚ôÄInstagram Story Views FEMALE  
2273,Instagram,story view,1.302,20 / 2000,empty,False,False,False,False,False,False,False,False,False,False,False,False,False,False,False,False,False,False,False,False,False,False,False,False,False,False,False,False,False,False,Unspecified,Unspecified,  üáßüá∑Instagram Story Views  
2277,Instagram,poll vote,7.644,20 / 25000,empty,False,False,False,False,False,False,False,False,False,False,False,False,False,False,False,False,False,False,False,False,False,False,False,False,False,False,False,False,False,False,Unspecified,Unspecified,  üéóIG Story Poll Votes  
298,,post,3.64,1000 / 1000,empty,False,False,False,False,False,False,False,False,False,False,False,False,False,False,False,False,False,False,False,False,False,False,False,False,False,False,False,False,False,True,Unspecified,Unspecified,  just.crush.feelings [MSP FAVOURITE] [Post+Story]  
289,,post,3.92,1000 / 1000,empty,False,False,False,False,False,False,False,False,False,False,False,False,False,False,False,False,False,False,False,False,False,False,False,False,False,False,False,False,False,True,Unspecified,Unspecified,  üíéüíéthe_aww_things [Post+Story]  
2393,,post,4.2,1000 / 1000,empty,False,False,False,False,False,False,False,False,False,False,False,False,False,False,False,False,False,False,False,False,False,False,False,False,False,False,False,False,False,True,Unspecified,Unspecified,  studentlovefact [Post+Story]  
295,,post,5.6000000000000005,1000 / 1000,empty,False,False,False,False,False,False,False,False,False,False,False,False,False,False,False,False,False,False,False,False,False,False,False,False,False,False,False,False,False,True,Unspecified,Unspecified,  sadcasm1 [Post+Story]  
2392,,post,5.6000000000000005,1000 / 1000,empty,False,False,False,False,False,False,False,False,False,False,False,False,False,False,False,False,False,False,False,False,False,False,False,False,False,False,False,False,False,True,Unspecified,Unspecified,  couple_love.aa [Post+Story]  
2394,,post,42.0,1000 / 1000,empty,False,False,False,False,False,False,False,False,False,False,False,False,False,False,False,False,False,False,False,False,False,False,False,False,False,False,False,False,False,True,Unspecified,Unspecified,  Ad on 1 million Base Insta Page [post+story]  
2279,Instagram,view,0.056,100 / 10000000,empty,False,False,False,False,False,False,False,False,False,False,False,False,False,False,False,False,False,False,False,False,False,False,False,False,False,False,False,False,False,False,Unspecified,Unspecified,  üì∫Instagram TV Views ‚ö°Ô∏è  
2230,Facebook,page like,3.7632000000000003,100 / 10000,empty,False,False,False,False,False,False,False,False,False,False,False,False,False,False,False,False,False,False,False,False,False,False,False,False,False,False,False,True,False,False,Unspecified,Unspecified,  ü¶ã Facebook Page Likes 30DR [1k/Day]  
2227,Facebook,page like,7.28,50 / 5000,empty,False,False,False,False,False,False,False,False,False,False,False,False,False,False,False,False,False,False,False,False,False,False,False,False,False,False,False,False,False,False,Unspecified,Unspecified,  ü¶ã Facebook Page Likes [30 DR ]  
2314,,page like,10.2312,100 / 50000,empty,False,False,False,False,False,False,False,False,False,False,False,False,True,False,False,False,False,False,False,False,False,False,False,False,False,True,False,False,False,False,Unspecified,Unspecified,  üí™FB Page Likes Superfast- 30D Refill  
2315,,page like,14.700000000000001,100 / 9999999,empty,False,True,False,False,False,False,False,False,False,False,False,False,False,False,False,False,False,False,False,False,True,False,False,False,False,False,False,False,False,False,Unspecified,Unspecified,  ‚ôªÔ∏èFB- Page Likes‚ö°‚ö° - Best service ( Real Likes ) Lifetime Guarantee  
2320,,like,0.7000000000000001,20 / 500,empty,False,False,False,False,False,False,False,False,False,False,False,False,False,False,False,False,False,False,False,True,True,False,False,False,False,False,True,False,False,False,Unspecified,Unspecified,  üí†FB- Post/Photo Likes No guarantee - Instant  
2229,Facebook,like,0.7000000000000001,20 / 500,empty,False,False,False,False,False,False,False,False,False,False,False,False,False,False,False,False,False,False,True,False,False,False,False,False,False,False,False,False,False,False,Unspecified,Unspecified,  üí† Facebook LQ Post Likes [NR]  
2231,Facebook,like,2.1168,100 / 5000,empty,False,True,False,False,False,False,False,False,False,False,False,False,True,False,False,False,False,False,False,False,False,False,False,False,False,False,False,True,False,False,Unspecified,Unspecified,  üí† Facebook REAL Post-Likes [30-Days-refill]  
2316,,like,2.59,100 / 4000,empty,False,False,False,False,False,False,False,False,False,False,False,False,False,False,False,False,False,False,False,False,False,False,False,False,False,True,False,False,False,False,Unspecified,Unspecified,  üí† FB - Post/Photo Likes Superfast Service - MSP Exclusive  
2317,,like,4.69,100 / 15000,empty,False,False,False,False,False,False,False,True,False,False,False,False,True,False,False,False,False,False,False,False,False,False,False,False,False,False,False,True,False,False,Unspecified,Unspecified,  üí†FB- Photo/Post Likes NON DROP - 30 Day Refill  
2319,,like,5.0736,50 / 5000,empty,False,False,False,False,False,False,False,False,False,False,False,False,False,False,False,False,False,False,False,False,False,False,False,False,False,False,False,False,False,False,India,india,  üí†FB Post/Photo Likes from India & Middle East countries üáÆüá≥  
2321,Facebook,like,5.3508,100 / 5000,empty,False,False,False,False,False,False,False,False,False,False,False,False,False,False,False,False,False,False,False,False,False,False,False,False,False,False,False,False,False,False,Unspecified,Unspecified,  üß°Facebook -üß° Emoticons Post Like ( Heart )  
2322,Facebook,like,5.3508,100 / 5000,empty,False,False,False,False,False,False,False,False,False,False,False,False,False,False,False,False,False,False,False,False,False,False,False,False,False,False,False,False,False,False,Unspecified,Unspecified,  üòÇFacebook -üòÇEmoticons Post Like ( Haha )  
2323,Facebook,like,5.3508,100 / 5000,empty,False,False,False,False,False,False,False,False,False,False,False,False,False,False,False,False,False,False,False,False,False,False,False,False,False,False,False,False,False,False,Unspecified,Unspecified,  üòÆFacebook -üòÆ Emoticons Post Like ( Wow )  
2324,Facebook,like,5.3508,100 / 5000,empty,False,False,False,False,False,False,False,False,False,False,False,False,False,False,False,False,False,False,False,False,False,False,False,False,False,False,False,False,False,False,Unspecified,Unspecified,  üò•Facebook -üò• Emoticons Post Like ( Sad)  
2325,Facebook,like,5.3508,100 / 5000,empty,False,False,False,False,False,False,False,False,False,False,False,False,False,False,False,False,False,False,False,False,False,False,False,False,False,False,False,False,False,False,Unspecified,Unspecified,  üò°Facebook -üò°Emoticons Post Like ( Angry )  
2318,Facebook,like,6.3504000000000005,100 / 15000,empty,False,False,False,False,False,False,False,False,False,False,False,False,False,False,False,False,False,False,False,False,False,False,False,False,False,False,False,False,False,False,Unspecified,Unspecified,  ‚ù§Ô∏èFacebook - Post/Photo Likes High Quality - Good profiles  
2327,Facebook,video view,0.0406,100 / 2000000000,empty,False,False,False,False,False,False,False,False,False,False,False,False,False,False,False,False,False,False,False,False,False,False,False,False,False,False,False,False,False,False,Unspecified,Unspecified,  üì∫Facebook - Video Viewsüí™  
2228,Facebook,video view,0.042,100 / 2000000000,empty,False,False,False,False,False,False,False,False,False,False,False,False,False,False,False,False,False,False,True,False,False,False,False,False,False,False,False,False,False,False,Unspecified,Unspecified,  ü¶ã Facebook Video Views [LQ]  
2326,Facebook,video view,0.07,500 / 10000000,empty,False,False,False,False,False,False,False,False,False,False,False,False,False,False,False,False,False,False,False,False,False,False,False,False,False,False,True,False,False,False,Unspecified,Unspecified,  üì∫Facebook - Video Views ‚ö°‚ö° Instant  
2328,Facebook,video view,0.882,1000 / 10000000,empty,False,False,False,False,False,False,False,False,False,False,False,False,False,False,False,False,False,False,False,False,False,False,False,False,False,False,False,False,False,False,Unspecified,Unspecified,  üî•‚ö°‚ö°Facebook - Video Views best server  
2329,Facebook,view,11.76,50 / 5000,empty,False,False,False,False,False,False,False,False,False,False,False,False,False,False,False,False,False,False,False,False,False,False,False,False,False,False,False,False,False,False,Unspecified,Unspecified,  üìπFacebook Live Stream Views 30 minute WT - ‚ö°‚ö°  
1833,Facebook,video view,11.76,100 / 1000000,empty,False,False,False,False,False,False,False,False,False,False,False,False,False,False,False,False,False,True,False,False,False,False,False,False,False,False,False,False,False,False,Unspecified,Unspecified,  Facebook Video Views [HQ]  
2330,Facebook,view,23.52,50 / 5000,empty,False,False,False,False,False,False,False,False,False,False,False,False,False,False,False,False,False,False,False,False,False,False,False,False,False,False,False,False,False,False,Unspecified,Unspecified,  üìπFacebook Live Stream Views 60 minute WT - ‚ö°‚ö°  
2331,Facebook,view,35.28,50 / 5000,empty,False,False,False,False,False,False,False,False,False,False,False,False,False,False,False,False,False,False,False,False,False,False,False,False,False,False,False,False,False,False,Unspecified,Unspecified,  üìπFacebook Live Stream Views 90 minute WT - ‚ö°‚ö°  
2332,Facebook,view,47.04,50 / 5000,empty,False,False,False,False,False,False,False,False,False,False,False,False,False,False,False,False,False,False,False,False,False,False,False,False,False,False,False,False,False,False,Unspecified,Unspecified,  üìπFacebook Live Stream Views 120 minute WT - ‚ö°‚ö°  
2333,Facebook,view,94.08,50 / 5000,empty,False,False,False,False,False,False,False,False,False,False,False,False,False,False,False,False,False,False,False,False,False,False,False,False,False,False,False,False,False,False,Unspecified,Unspecified,  üìπFacebook Live Stream Views 240 minute WT - ‚ö°‚ö°  
2348,,share,8.3496,25 / 1000000,empty,False,False,False,False,False,False,False,False,False,False,False,False,False,False,False,False,False,False,False,False,False,False,False,False,False,False,False,False,False,False,Unspecified,Unspecified,  üì°FBPost Shares  
2347,Website,share,8.4672,50 / 1000000,empty,False,False,False,False,False,False,False,False,False,False,False,False,False,False,False,False,False,False,False,False,False,False,False,False,False,False,False,False,False,False,Unspecified,Unspecified,  üì°FB Website Share  
2349,,,9.878400000000001,20 / 5000,empty,False,False,False,False,False,False,False,False,False,False,False,False,False,False,False,False,False,False,False,False,False,False,False,False,False,False,False,False,False,False,Unspecified,Unspecified,  üìÜ FB Event Join/Confirmed  
2350,,event interested,9.878400000000001,20 / 5000,empty,False,False,False,False,False,False,False,False,False,False,False,False,False,False,False,False,False,False,False,False,False,False,False,False,False,False,False,False,False,False,Unspecified,Unspecified,  üìÜ FB Event Interested  
2351,,event interested,11.76,20 / 1000,empty,False,False,False,False,False,False,False,False,False,False,False,False,False,False,False,True,False,False,False,False,False,False,False,False,False,False,False,False,False,False,Unspecified,Unspecified,  üìÜMALE FB Event Interested  
2352,,event interested,11.76,20 / 1000,empty,False,False,False,False,False,False,False,False,False,False,False,False,False,False,True,True,False,False,False,False,False,False,False,False,False,False,False,False,False,False,Unspecified,Unspecified,  üìÜFEMALE FB Event Interested  
2353,,,11.76,20 / 1000,empty,False,False,False,False,False,False,False,False,False,False,False,False,False,False,False,True,False,False,False,False,False,False,False,False,False,False,False,False,False,False,Unspecified,Unspecified,  üìÜMALE FB Event Join/Confirmed  
2354,,,11.76,20 / 1000,empty,False,False,False,False,False,False,False,False,False,False,False,False,False,False,True,True,False,False,False,False,False,False,False,False,False,False,False,False,False,False,Unspecified,Unspecified,  üìÜ FEMALE FB Event Join/Confirmed  
2337,Facebook,rating,25.401600000000002,25 / 5000,empty,False,False,False,False,False,False,False,False,False,False,False,False,False,False,False,False,False,False,False,False,False,False,False,False,False,False,False,False,False,False,Unspecified,Unspecified,  ‚ú°Ô∏èFacebook 5 STAR Rating ‚≠ê‚≠ê‚≠ê‚≠ê‚≠ê  
2338,Facebook,rating,25.401600000000002,25 / 5000,empty,False,False,False,False,False,False,False,False,False,False,False,False,False,False,False,False,False,False,False,False,False,False,False,False,False,False,False,False,False,False,Unspecified,Unspecified,  ‚ú°Ô∏èFacebook 1 STAR Rating ‚≠ê  
2335,Facebook,rating,29.400000000000002,20 / 5000,empty,False,False,False,False,False,False,False,False,False,False,True,False,False,False,False,False,False,False,False,False,False,False,False,False,False,False,False,False,False,False,Unspecified,Unspecified,  ‚ú°Ô∏èFacebook Custom 5 STAR ‚≠ê‚≠ê‚≠ê‚≠ê‚≠ê Fan Page Ratings  
2336,Facebook,rating,29.400000000000002,20 / 5000,empty,False,False,False,False,False,False,False,False,False,False,True,False,False,False,False,False,False,False,False,False,False,False,False,False,False,False,False,False,False,False,Unspecified,Unspecified,  ‚ú°Ô∏èFacebook Custom 1 STAR ‚≠ê Fan Page Ratings  
2339,,comment,49.392,15 / 100,empty,False,False,False,False,False,False,False,False,False,True,False,False,False,False,False,True,False,False,False,False,False,False,False,False,False,False,False,False,False,False,Unspecified,Unspecified,  ‚ôÇÔ∏è FB- RANDOM MALE Commentsüìù  
2341,,comment,49.392,15 / 100,empty,False,False,False,False,False,False,False,False,False,False,True,False,False,False,True,True,False,False,False,False,False,False,False,False,False,False,False,False,False,False,Unspecified,Unspecified,  ‚ôÄÔ∏èFB- CUSTOM FEMALECommentsüìù  
2343,,comment,58.800000000000004,10 / 30,empty,False,False,False,False,False,False,False,False,False,True,False,False,False,False,False,False,False,False,False,False,False,False,False,False,False,False,False,False,False,False,India,Unspecified,  üáÆüá≥ FB- RANDOM INDIAN Commentsüìù)  
2340,,comment,76.44,15 / 100,empty,False,False,False,False,False,False,False,False,False,False,True,False,False,False,False,True,False,False,False,False,False,False,False,False,False,False,False,False,False,False,Unspecified,Unspecified,  ‚ôÇÔ∏èFB- CUSTOM MALE Commentsüìù  
2342,,comment,76.44,15 / 100,empty,False,False,False,False,False,False,False,False,False,False,True,False,False,False,True,True,False,False,False,False,False,False,False,False,False,False,False,False,False,False,Unspecified,Unspecified,  ‚ôÄÔ∏èFB- CUSTOM FEMALECommentsüìù  
2344,,comment,84.672,10 / 30,empty,False,False,False,False,False,False,False,False,False,False,True,False,False,False,False,False,False,False,False,False,False,False,False,False,False,False,False,False,False,False,India,Unspecified,  üáÆüá≥FB- CUSTOM INDIAN Commentsüìù  
2334,Facebook,follower,1.4112,20 / 500,empty,False,False,False,False,False,False,False,False,False,False,False,True,True,False,False,False,False,False,False,False,False,False,False,False,False,False,False,False,False,False,Unspecified,Unspecified,  ‚è≠Ô∏èFacebook - Followers No Refill  
2346,Facebook,group member,5.3508,100 / 10000,empty,False,False,False,False,False,False,False,False,False,False,False,False,False,False,False,False,False,False,False,False,False,False,False,False,False,False,False,False,False,False,Unspecified,Unspecified,  üßë‚Äçü§ù‚ÄçüßëFacebook - Group Members  
2345,Facebook,friend request,25.872,100 / 5000,empty,False,False,False,False,False,False,False,False,False,False,False,False,False,False,False,False,False,False,False,False,False,False,False,False,False,False,False,False,False,False,Unspecified,Unspecified,  ‚ù§Ô∏èFacebook -Friend Requests  
2211,YouTube,view,0.77,100 / 10000,empty,False,False,False,False,False,False,False,False,False,False,False,True,True,False,False,False,False,False,True,False,False,False,False,False,False,False,False,False,False,False,Unspecified,Unspecified,  ‚ô¶Ô∏èYoutube LQ Views [ No Refill ] [10k]  
2297,YouTube,view,0.98,100 / 15000,empty,False,False,False,False,False,False,False,False,False,False,False,True,True,False,False,False,False,True,False,False,False,False,False,False,False,False,False,False,False,False,Unspecified,Unspecified,  ‚ô¶Ô∏èYoutube HQ Views [ No Refill ] [15k]  
2391,YouTube,view,1.19,1000 / 1000000,empty,False,False,False,False,False,False,False,True,False,False,False,False,False,False,False,False,False,False,False,False,False,False,False,False,False,False,False,False,False,False,Unspecified,Unspecified,  ‚ö°‚ö°Youtube Non Drop Views [BEST Service]  
2388,YouTube,view,1.3860000000000001,1000 / 10000,empty,False,False,False,False,False,False,False,False,False,False,False,False,False,False,False,False,False,False,False,False,True,False,False,False,False,False,False,False,False,False,Unspecified,Unspecified,  Youtube Views [Lifetime Guarantee]  
2209,YouTube,view,1.47,1000 / 20000,empty,False,True,False,False,False,False,False,False,False,False,False,False,False,False,False,False,False,False,False,False,False,False,False,False,False,False,False,False,False,False,Unspecified,Unspecified,  Youtube Real Views [0-3min Retention] [20k]  
2415,YouTube,view,1.54,1000 / 1000000,empty,False,False,False,False,False,False,False,True,False,False,False,False,False,False,False,False,False,False,False,False,False,False,False,False,False,False,False,True,False,False,Unspecified,Unspecified,  Youtube Non Drop Views [Best] [10-30k per Day]  
2376,YouTube,view,1.68,1000 / 10000000,empty,False,False,False,False,False,False,False,True,False,False,False,False,False,False,False,False,False,False,False,False,True,False,False,False,False,False,False,False,False,False,Unspecified,Unspecified,  üî∏‚ôªÔ∏è Youtube SEO Views [NON DROP] [Lifetime Guarantee]  
2234,YouTube,like,1.68,20 / 50000,empty,False,False,False,False,False,False,False,False,False,False,False,True,True,False,False,False,False,False,False,False,False,False,False,False,True,False,False,False,False,False,Unspecified,Unspecified,  Youtube Likes [No Refill] [slow]  
2044,YouTube,like,3.36,20 / 10000,empty,False,False,False,False,False,False,False,False,False,False,False,False,True,False,False,False,False,True,False,False,False,False,False,False,False,False,False,True,False,False,Unspecified,Unspecified,  Youtube HQ Likes [ 30 days refill]  
2412,YouTube,like,8.05,50 / 5000,empty,False,False,False,False,False,False,False,False,False,False,False,False,False,False,False,False,False,False,False,False,False,False,False,False,True,False,False,False,False,False,Unspecified,Unspecified,  üëéYoutube - Dislikes Slow delivery  
2408,YouTube,comment,8.085,10 / 5000,empty,False,False,False,False,False,False,False,False,False,False,True,False,False,False,False,False,False,False,False,False,False,False,False,False,False,False,False,False,False,False,Unspecified,Unspecified,  üìùYoutube - Custom Comments ‚ö°‚ö°  
2405,YouTube,like,12.936,30 / 100000,empty,False,True,False,False,False,False,False,False,False,False,False,False,False,False,False,False,False,False,False,False,False,False,False,False,False,False,False,False,False,False,Unspecified,Unspecified,  üí™Youtube Likes Real Accounts  
2410,YouTube,like,14.700000000000001,50 / 1000000,empty,False,False,False,False,False,False,False,False,False,False,False,False,False,False,False,False,False,False,False,False,False,False,False,False,False,False,True,False,False,False,Unspecified,Unspecified,  üëéYoutube - Dislikes Instant Start  
2404,YouTube,like,16.464,50 / 10000,empty,False,False,False,False,False,False,False,True,False,False,False,False,False,False,False,False,False,False,False,False,False,False,False,False,False,False,False,False,False,False,Unspecified,Unspecified,  üî•Youtube Likes [Best Service] [Non Drop]  
2411,YouTube,like,18.34,100 / 150000,empty,False,False,False,False,False,False,False,False,False,False,False,False,False,False,False,False,False,False,False,False,False,False,False,False,False,True,False,False,False,False,Unspecified,Unspecified,  üëéYoutube - Dislikes Fastest Plan  
2402,,comment,21.168,500 / 100000,empty,False,False,False,False,False,False,False,False,False,False,True,False,False,False,False,False,False,False,False,False,False,False,False,False,False,False,False,False,False,False,India,Unspecified,  YT Indian Custom Comments - Hindi/English/Punjabi  
2403,YouTube,comment,21.168,500 / 100000,empty,False,False,False,False,False,False,False,False,False,False,True,False,False,False,False,False,False,False,False,False,False,False,False,False,False,False,False,False,False,False,Unspecified,Unspecified,  ‡§π‡§ø‡§®‡•ç‡§¶‡•Ä Youtube Custom Comments  
2406,YouTube,like,28.14,50 / 100000,empty,False,False,False,False,False,False,False,False,False,False,False,False,True,False,False,False,False,False,False,False,False,False,False,False,False,False,False,False,False,False,Unspecified,Unspecified,  ‚ôªÔ∏èYoutube Likes [Life Time Refill]  
2356,YouTube,comment,35.0,10 / 100,empty,False,False,False,False,False,False,False,False,False,True,False,False,False,False,False,False,False,False,False,False,False,False,False,False,False,False,False,False,False,False,India,Unspecified,  üáÆüá≥Youtube Comments [RANDOM] [INDIA]  
2407,YouTube,comment,36.75,10 / 100,empty,False,False,False,False,False,False,False,False,False,False,False,False,False,False,False,False,False,False,False,False,False,False,False,False,False,False,False,False,False,False,France,france,  üìùYoutube - Comments from France accounts.  
2357,YouTube,comment,46.2,10 / 100,empty,False,False,False,False,False,False,False,False,False,False,True,False,False,False,False,False,False,False,False,False,False,False,False,False,False,False,False,False,False,False,India,Unspecified,  üáÆüá≥ Youtube Comments [CUSTOM] [INDIA] [R‚àû] ‚ö°‚≠ê  
2409,YouTube,comment,52.92,5 / 1500,empty,False,False,False,False,False,False,False,False,False,False,False,False,False,False,False,False,False,False,False,False,False,False,False,False,False,False,False,False,False,False,Unspecified,Unspecified,  üí¨Youtube - Comment Reply  
2395,YouTube,subscriber,6.93,100 / 30000,empty,False,True,False,False,False,False,False,False,False,False,False,False,False,False,False,False,False,False,False,False,False,False,False,False,True,False,False,True,False,False,Unspecified,Unspecified,  üî∏Youtube Subscribers [REAL] [R30 | 50/day] [Slow]  
2358,YouTube,subscriber,9.66,10 / 10000,empty,False,False,False,False,False,False,False,True,False,False,False,False,True,False,False,False,False,False,False,False,False,False,False,False,True,False,False,True,False,False,Unspecified,Unspecified,  üî∏ Youtube Subscribers [NON DROP] [30 Days Auto Refill][Slow]  
2359,YouTube,subscriber,15.4,100 / 20000,empty,False,False,False,False,False,False,False,False,False,False,False,False,False,False,False,False,False,False,False,False,True,False,False,False,False,False,False,False,False,False,Unspecified,Unspecified,  üåüYoutube Subscribers ( Lifetime Guarantee )  
2424,YouTube,subscriber,15.4,50 / 100000,empty,False,True,False,False,False,False,False,False,False,False,False,False,False,False,False,False,False,False,False,False,False,False,False,False,False,False,False,True,False,False,Unspecified,Unspecified,  [New] Youtube Subscribers [Real] [R60] [3k/day]  
2295,YouTube,view,3.92,1000 / 100000,empty,False,False,False,False,False,False,False,False,False,False,False,False,False,False,False,False,False,False,False,False,False,False,False,False,False,False,True,False,False,False,Unspecified,Unspecified,  YouTube Pre-Premiere Waiting Views [ Instant ]  
2296,YouTube,view,3.92,1000 / 100000,empty,False,True,False,False,False,False,False,False,False,False,False,False,False,False,False,False,False,False,False,False,False,False,False,False,False,False,True,False,False,False,Unspecified,Unspecified,  Youtube Live Stream Views [ MONETIZABLE ] [ REAL ] INSTANT  
2294,YouTube,view,1.82,20000 / 100000000,empty,False,False,False,False,False,False,False,True,False,False,False,False,False,False,False,False,False,False,False,False,False,False,False,False,False,False,False,False,False,False,Unspecified,Unspecified,  Youtube Views [Adwords] [ Non Drop ]  
2293,YouTube,view,1.96,50000 / 100000000,empty,False,False,False,False,False,False,False,False,False,False,False,False,False,False,False,False,False,False,False,False,False,False,False,False,False,False,False,False,False,False,India,Unspecified,  Youtube Adword INDIAN Views  
2396,YouTube,watchtime,4.9,1000 / 1000,empty,False,False,False,False,False,False,False,False,False,False,False,False,True,False,False,False,False,False,False,False,False,False,False,False,False,False,False,True,True,False,Unspecified,Unspecified,  YouTube Cheapest Watchtime [1000 Hours] [30 Days Refill]  
2360,YouTube,watchtime,11.48,1000 / 1000,empty,False,False,False,False,False,False,False,False,False,False,False,False,False,False,False,False,False,False,False,False,False,False,False,False,False,False,False,False,True,False,Unspecified,Unspecified,  YouTube Watchtime [1000 Hours] [Minimum 2-3 Hours Video]  
2361,YouTube,watchtime,22.26,1000 / 1000,empty,False,False,False,False,False,False,False,False,False,False,False,False,False,False,False,False,False,False,False,False,False,False,False,False,False,False,False,False,True,False,Unspecified,Unspecified,  YouTube Watchtime [2000 Hours] [Minimum 2-3 Hours Video]  
2362,YouTube,watchtime,31.64,1000 / 1000,empty,False,False,False,False,False,False,False,False,False,False,False,False,False,False,False,False,False,False,False,False,False,False,False,False,False,False,False,False,True,False,Unspecified,Unspecified,  YouTube Watchtime [3000 Hours] [Minimum 2-3 Hours Video]  
2363,YouTube,watchtime,41.86,1000 / 1000,empty,False,False,False,False,False,False,False,False,False,False,False,False,False,False,False,False,False,False,False,False,False,False,False,False,False,False,False,False,True,False,Unspecified,Unspecified,  YouTube Watchtime [4000 Hours] [Minimum 2-3 Hours Video]  
2416,YouTube,share,1.218,50 / 500000,empty,False,False,False,False,False,False,False,False,False,False,False,False,False,False,False,False,False,False,False,False,False,False,False,False,False,False,False,False,False,False,Unspecified,vk.com,  üì°Youtube - Shares from Vk.com  
2417,YouTube,share,1.218,50 / 100000,empty,False,False,False,False,False,False,False,False,False,False,False,False,False,False,False,False,False,False,False,False,False,False,False,False,False,False,False,False,False,False,Unspecified,facebook.com,  üì°Youtube - Shares from facebook.com  
2418,YouTube,share,1.218,50 / 100000,empty,False,False,False,False,False,False,False,False,False,False,False,False,False,False,False,False,False,False,False,False,False,False,False,False,False,False,False,False,False,False,Unspecified,twitter.com,  üì°Youtube - Shares from twitter.com  
2419,YouTube,share,1.218,50 / 100000,empty,False,False,False,False,False,False,False,False,False,False,False,False,False,False,False,False,False,False,False,False,False,False,False,False,False,False,False,False,False,False,Unspecified,ok.ru,  üì°Youtube - Shares from Ok.ru  
2420,YouTube,share,1.218,50 / 100000,empty,False,False,False,False,False,False,False,False,False,False,False,False,False,False,False,False,False,False,False,False,False,False,False,False,False,False,False,False,False,False,Unspecified,reddit.com,  üì°Youtube - Shares from reddit.com  
2421,YouTube,share,1.218,50 / 100000,empty,False,False,False,False,False,False,False,False,False,False,False,False,False,False,False,False,False,False,False,False,False,False,False,False,False,False,False,False,False,False,Unspecified,whatsapp,  üì°Youtube - Shares from Whatsapp  
2422,YouTube,share,1.218,50 / 100000,empty,False,False,False,False,False,False,False,False,False,False,False,False,False,False,False,False,False,False,False,False,False,False,False,False,False,False,False,False,False,False,Unspecified,tumbler.com/,  üì°Youtube - Shares from tumbler.com/  
2423,YouTube,share,1.218,50 / 100000,empty,False,False,False,False,False,False,False,False,False,False,False,False,False,False,False,False,False,False,False,False,False,False,False,False,False,False,False,False,False,False,Unspecified,plus.google.com,  üì°Youtube - Shares from plus.google.com  
2413,YouTube,share,1.232,50 / 100000,empty,False,False,False,False,False,False,False,False,False,False,False,False,False,False,False,False,False,False,False,False,False,False,False,False,False,False,False,False,False,False,Unspecified,Unspecified,  üì°Youtube - Shares ‚ö°‚ö°  
2414,YouTube,share,2.38,50 / 100000,empty,False,False,False,False,False,False,False,False,False,False,False,False,False,False,False,False,False,False,False,False,False,False,False,False,False,False,False,False,False,False,Unspecified,Unspecified,  üì°Youtube - Shares üî•‚ö°‚ö°  
2387,Twitter,poll vote,0.7000000000000001,20 / 500000,empty,False,False,False,False,False,False,False,False,False,False,False,False,False,False,False,False,False,False,False,False,False,False,False,False,True,False,False,False,False,False,Unspecified,Unspecified,  Twitter Poll Votes [slow]  
2381,Twitter,retweet,2.1,20 / 50000,empty,False,False,False,False,False,False,False,False,False,False,False,False,False,False,False,False,False,False,False,False,False,False,False,False,False,False,False,False,False,False,Unspecified,Unspecified,  Twitter Retweets [NR]  
2384,Twitter,like,2.1,20 / 50000,empty,False,False,False,False,False,False,False,False,False,False,False,False,False,False,False,False,False,False,False,False,False,False,False,False,False,False,False,False,False,False,Unspecified,Unspecified,  Twitter Likes [NR]  
2379,Twitter,follower,2.24,20 / 50000,empty,False,False,False,False,False,False,False,False,False,False,False,False,False,False,False,False,False,False,False,False,False,False,False,False,True,False,False,False,False,False,Unspecified,Unspecified,  Twitter Followers [NR][slow]  
2386,Twitter,poll vote,2.24,20 / 500000,empty,False,False,False,False,False,False,False,False,False,False,False,False,False,False,False,False,False,False,False,False,False,False,False,False,False,False,False,False,False,False,Unspecified,Unspecified,  Twitter Poll Votes [50K]  
2380,Twitter,follower,4.13,50 / 5000,empty,False,False,False,False,False,False,False,False,False,False,False,False,False,False,False,False,False,False,False,False,False,False,False,False,True,False,False,False,False,False,Unspecified,Unspecified,  Twitter Followers {Mixed} [AR10][slow]  
2383,Twitter,favorite,4.76,20 / 100000,empty,False,False,False,False,False,False,False,False,False,False,False,False,False,False,False,False,False,True,False,False,False,False,False,False,True,False,False,False,False,False,Unspecified,Unspecified,  Twitter Favorites [HQ] [R30] [slow]  
2385,Twitter,like,5.74,20 / 10000,empty,False,False,False,False,False,False,False,False,False,False,False,False,False,False,False,False,False,False,False,False,False,False,False,False,False,False,False,False,False,False,Unspecified,Unspecified,  Twitter Likes [R30]  
2382,Twitter,retweet,6.0200000000000005,20 / 10000,empty,False,False,False,False,False,False,False,False,False,False,False,False,False,False,False,False,False,False,False,False,False,False,False,False,False,False,False,False,False,False,Unspecified,Unspecified,  Twitter Retweets [10k] [R30]  
2378,Twitter,follower,9.996,50 / 5000,empty,False,False,False,False,False,False,False,False,False,False,False,False,False,False,False,False,False,False,False,False,False,False,False,False,True,False,False,False,False,False,Unspecified,Unspecified,  Twitter Followers [5k] [R45][slow]  
2283,TikTok,view,0.007,100 / 10000000,empty,False,True,False,False,False,False,False,False,False,False,False,False,False,False,False,False,False,False,False,False,False,False,False,False,False,False,False,False,False,False,Unspecified,Unspecified,  üëÅ‚Äçüó®Tiktok Views - Real Accounts  
2284,TikTok,view,0.015400000000000002,100 / 10000000,empty,False,True,False,False,False,False,False,False,False,False,False,False,False,False,False,False,False,False,False,False,False,False,False,False,False,False,False,False,False,False,Unspecified,Unspecified,  üëÅ‚Äçüó®Tiktok Views - Real Accounts  
2282,TikTok,like,1.47,100 / 10000,empty,False,False,True,False,False,False,False,False,False,False,False,False,False,False,False,False,False,False,False,False,False,False,False,False,False,False,False,False,False,False,Unspecified,Unspecified,  ‚ùÑÔ∏èTikTok Likes - Bots  
2355,TikTok,follower,5.46,100 / 20000,empty,False,True,False,False,False,False,False,False,False,False,False,False,False,False,False,False,False,False,False,False,False,False,False,False,True,False,False,False,False,False,Unspecified,Unspecified,  üëÅ‚Äçüó®Tiktok Followers - Real Accounts [slow] [R30]  
2280,,follower,7.056,20 / 5000,empty,False,False,False,False,False,False,False,False,False,False,False,False,False,False,False,False,False,False,False,False,False,False,False,False,False,False,False,False,False,False,Unspecified,Unspecified,  üÖµ TIK TOK FOLLOWERS  
2281,TikTok,like,7.056,20 / 20000,empty,False,False,False,False,False,False,False,False,False,False,False,False,False,False,False,False,False,False,False,False,False,False,False,False,False,False,False,False,False,False,Unspecified,Unspecified,  üÖªTikTok Likes  
2308,Quora,like,27.86,10 / 10000,empty,False,False,False,False,False,False,True,True,False,False,False,False,False,False,False,False,False,False,False,False,False,False,False,False,False,False,True,False,False,False,Unspecified,Unspecified,  üìçQuora Likes on the answer [NO DROP] [ INSTANT]  
2309,Quora,share,27.86,10 / 10000,empty,False,False,False,False,False,False,True,True,False,False,False,False,False,False,False,False,False,False,False,False,False,False,False,False,False,False,True,False,False,False,Unspecified,Unspecified,  üìçQuora Shares the answer [NO DROP] [ INSTANT]  
2310,Quora,subscriber,27.86,10 / 10000,empty,False,False,False,False,False,False,True,True,False,False,False,False,False,False,False,False,False,False,False,False,False,False,False,False,False,False,True,False,False,False,Unspecified,Unspecified,  üìçQuora Subscribers on the User[NO DROP] [ INSTANT]  
2287,Telegram,view,0.056,200 / 200000,empty,False,False,False,False,False,False,False,False,False,False,False,False,False,False,False,False,False,False,False,False,False,False,False,False,False,False,False,False,False,False,Unspecified,Unspecified,  Telegram Post View  
2288,Telegram,view,0.28,100 / 35000,empty,False,False,False,False,False,False,False,False,False,False,False,False,False,False,False,False,False,False,False,False,False,False,False,False,False,False,False,False,False,False,Unspecified,Unspecified,  Telegram - Post Views [Last 5]  
2390,Telegram,channel member,0.91,1000 / 30000,empty,False,False,False,False,False,False,False,False,False,False,False,True,True,False,False,False,False,True,False,False,False,False,False,False,False,False,False,False,False,False,Unspecified,Unspecified,  ‚ôõ Telegram - Public Channel Members [ HQ  No Refill ]  
2285,Telegram,group member,1.1340000000000001,100 / 7000,empty,False,False,False,False,False,False,False,False,False,False,False,False,False,False,False,False,False,False,False,False,False,False,False,False,False,False,False,False,False,False,Unspecified,Unspecified,  Telegram Public/Private Channel and Group Members  
2286,Telegram,channel member,2.94,1000 / 20000,empty,False,True,False,False,False,False,False,False,False,False,False,False,False,False,False,False,False,False,False,False,False,False,False,False,False,True,False,False,False,False,Unspecified,Unspecified,  ‚ö°Ô∏èSuperfast Telegram Public Channel Members Real  
2289,Telegram,like,11.2896,5 / 70000,empty,False,False,False,False,False,False,False,False,False,False,False,False,False,False,False,False,False,False,False,False,False,False,False,False,False,False,False,False,False,False,Unspecified,Unspecified,  Telegram Vote [Like]  
2235,SoundCloud,play,0.028,50000 / 10000000,empty,False,False,False,False,False,False,False,False,False,False,False,False,False,False,False,False,False,False,False,False,False,False,False,False,False,True,False,False,False,False,Unspecified,Unspecified,  SoundCloud Fast Plays [10M] [S3]‚ö°Ô∏èüíß‚≠ê  
2236,SoundCloud,play,0.07,100 / 1500000,empty,False,False,False,False,False,False,False,False,False,False,False,False,False,False,False,False,False,False,False,False,False,False,False,False,False,False,False,False,False,False,Unspecified,Unspecified,  SoundCloud Plays [1.5M] [S1] ‚ö°Ô∏èüíß‚≠ê  
2238,SoundCloud,download,0.07,1000 / 10000000,empty,False,False,False,False,False,False,False,False,False,False,False,False,False,False,False,False,False,False,False,False,False,False,False,False,False,False,False,False,False,False,Unspecified,Unspecified,  SoundCloud Downloads [1.5M] ‚ö°Ô∏èüíß‚≠ê  
2237,SoundCloud,play,0.084,10000 / 10000000,empty,False,False,False,False,False,False,False,False,False,False,False,False,False,False,False,False,False,False,False,False,False,False,False,False,False,False,False,False,False,False,USA,Unspecified,  SoundCloud USA Plays [1M] [S4] ‚ö°Ô∏èüíß‚≠ê  
2242,SoundCloud,repost,1.05,100 / 10000,empty,False,False,False,False,False,False,False,False,False,False,False,False,False,False,False,False,False,False,False,False,False,False,False,False,False,False,False,False,False,False,USA,Unspecified,  SoundCloud USA Reposts [50K] ‚ö°Ô∏èüíß‚≠ê  
2239,SoundCloud,like,1.12,100 / 10000,empty,False,False,False,False,False,False,False,False,False,False,False,False,False,False,False,False,False,False,False,False,False,False,False,False,False,False,False,False,False,False,USA,Unspecified,  Soundcloud USA Likes [50K] [R30] ‚ö°Ô∏èüíß‚≠ê  
2240,SoundCloud,follower,1.19,100 / 50000,empty,False,False,False,False,False,False,False,False,False,False,False,False,False,False,False,False,False,False,False,False,False,False,False,False,False,False,False,False,False,False,USA,Unspecified,  SoundCloud USA Followers [50K] [R30] ‚ö°Ô∏èüíß‚≠ê  
2241,SoundCloud,follower,1.82,100 / 50000,empty,False,False,False,False,False,False,False,False,False,False,False,False,False,False,False,False,False,False,False,False,False,False,False,False,False,False,False,True,False,False,Unspecified,Unspecified,  SoundCloud Followers [50K] [R60] [1H - 5K/Day]  
2243,SoundCloud,repost,3.5,20 / 10000,empty,False,False,False,False,False,False,False,False,False,False,False,False,False,False,False,False,False,False,False,False,False,False,False,False,False,False,False,True,False,False,Unspecified,Unspecified,  SoundCloud Reposts [10K] [1H - 5K/Day]  
2244,SoundCloud,comment,3.85,20 / 10000,empty,False,False,False,False,False,False,False,False,False,True,False,False,False,False,False,False,False,True,False,False,False,False,False,False,False,False,False,False,False,False,Unspecified,Unspecified,  SoundCloud Track Random Comments [HQ] [10K] ‚ö°Ô∏è  
2245,SoundCloud,comment,9.66,20 / 1000000,empty,False,False,False,False,False,False,False,False,False,False,False,False,False,False,False,False,False,False,False,False,False,False,False,False,False,False,False,True,False,False,Unspecified,Unspecified,  SoundCloud Comments [10M] [1H - 10K/Day]  
2427,App,install,97.86,50 / 100000000,empty,False,False,False,False,False,False,False,False,False,False,False,False,False,False,False,False,False,False,False,False,False,False,False,False,False,False,False,False,False,False,Unspecified,Unspecified,  App Installs [Android App] [WW]  
2430,App,install,119.0,1000 / 10000000,empty,False,False,False,False,False,False,False,False,False,False,False,False,False,False,False,False,False,False,False,False,False,False,False,False,False,False,False,False,False,False,Unspecified,Unspecified,  Keyword Installs [Android App] [WW]  
2428,App,install,161.0,500 / 1000000,empty,False,False,False,False,False,False,False,False,False,False,False,False,False,False,False,False,False,False,False,False,False,False,False,False,False,False,False,False,False,False,USA,Unspecified,  App Installs [Android App] [USA]  
2429,App,install,194.6,1000 / 10000000,empty,False,False,False,False,False,False,False,False,False,False,False,False,False,False,False,False,False,False,False,False,False,False,False,False,False,False,False,False,False,False,Any Country,Unspecified,  App Installs [Android App] [Targeted Any Country]  
2431,App,rating,805.28,50 / 2000,empty,False,False,False,False,False,False,False,False,False,False,False,False,False,False,False,False,False,False,False,False,False,False,False,False,False,False,False,False,False,False,Unspecified,Unspecified,  Mobile App Only Rating [4/5 Star] [Android App] [WW]  
2432,Spotify,play,0.42,1000 / 10000000,empty,False,False,False,False,False,False,False,False,False,False,False,False,False,False,False,False,False,False,False,False,False,False,False,False,True,False,False,False,False,False,Unspecified,Unspecified,  Spotify Free Plays [Slow]  
2433,Spotify,play,0.56,1000 / 1000000,empty,False,False,False,False,False,False,False,False,False,False,False,False,False,False,False,False,False,False,False,False,False,False,False,False,True,False,False,False,False,False,Unspecified,Unspecified,  Spotify Premium Plays [Slow]  
2434,Spotify,play,1.12,100 / 100000,empty,False,False,False,False,False,False,False,False,False,False,False,False,False,False,False,False,False,False,False,False,False,False,False,False,False,False,False,False,False,False,Unspecified,Unspecified,  [NEW] Spotify Free Plays (Small Amounts) üî•üî•üî•  
2435,Spotify,play,1.12,100 / 1000,empty,False,False,False,False,False,False,False,False,False,False,False,False,False,False,False,False,False,False,False,False,False,False,False,False,False,False,False,False,False,False,Unspecified,Unspecified,  [NEW] Spotify Premium Plays (Small Amounts) üî•üî•üî•  
2436,Spotify,follower,1.12,100 / 100000,empty,False,False,False,False,False,False,False,False,False,False,False,False,False,False,False,False,False,False,False,False,False,False,False,False,False,False,False,False,False,False,Unspecified,Unspecified,  [NEW] [EXCLUSIVE]¬†Spotify User Followers üî•üî•üî•  
2437,Spotify,play,1.12,100 / 100000,empty,False,False,False,False,False,False,False,False,False,False,False,False,False,False,False,False,False,False,False,False,False,False,False,False,False,False,False,False,False,False,Unspecified,Unspecified,  [NEW] Spotify Playlist Plays (Small Amounts) üî•üî•üî•  
2438,Spotify,saves,12.74,100 / 10000,empty,False,False,False,False,False,False,False,False,False,False,False,False,False,False,False,False,False,False,False,False,False,False,False,False,False,False,False,False,False,False,Unspecified,Unspecified,  [EXCLUSIVE] Spotify PRE-SAVES [10k]üî•  
2222,,,0.98,1000 / 1000,empty,False,False,False,False,False,False,False,False,False,True,False,False,False,False,False,False,False,False,False,False,False,False,False,False,False,False,False,False,False,True,Unspecified,Unspecified,  Steam Random Key [OFFICIAL] [Key Value 0.95$+]  
2223,,,5.88,1000 / 1000,empty,False,False,False,False,False,False,False,False,False,True,False,False,False,False,False,False,False,False,False,False,False,False,False,False,False,False,False,False,False,True,Unspecified,Unspecified,  Steam Random Key [OFFICIAL] [Key Value 8.95$+]  
2224,,,8.82,1000 / 1000,empty,False,False,False,False,False,False,False,False,False,True,False,False,False,False,False,False,False,False,False,False,False,False,False,False,False,False,False,False,False,True,Unspecified,Unspecified,  Steam Random Key [OFFICIAL] [Key Value 18.95$+]  
2246,Pinterest,follower,2.24,50 / 500000,empty,False,False,False,False,False,False,False,False,False,False,False,False,False,False,False,False,False,False,False,False,False,False,False,False,False,False,False,True,False,False,Unspecified,Unspecified,  Pinterest Followers [500K] [6H - 5K/Day]  
2247,Pinterest,repin,2.8000000000000003,20 / 10000000,empty,False,False,False,False,False,False,False,False,False,False,False,False,False,False,False,False,False,False,False,False,False,False,False,False,False,False,False,True,False,False,Unspecified,Unspecified,  Pinterest RePins [10M] [1H - 10K/Day]  
2266,IMDB,view,2.8224,500 / 200000,empty,False,False,False,False,False,False,False,False,False,False,False,False,False,False,False,False,False,False,False,False,False,False,False,False,False,False,False,True,False,False,Unspecified,Unspecified,  IMDb Views [10K] [R‚àû] [6H - 1K/Day]  
2249,IMDB,view,14.0,500 / 100000,empty,False,False,False,False,False,False,False,False,False,False,False,False,False,False,False,False,False,False,False,False,False,False,False,False,False,False,False,False,False,False,Unspecified,Unspecified,  IMDB Views [100K]  
2264,IMDB,review,14.112,10 / 10000,empty,False,False,False,False,False,False,False,False,False,False,False,False,False,False,False,False,False,False,False,False,False,False,False,False,False,False,False,True,False,False,Unspecified,Unspecified,  IMDb Votes Review YES Helpful [10K] [R‚àû] [24H - 500/Day]  
2265,IMDB,review,14.112,10 / 10000,empty,False,False,False,False,False,False,False,False,False,False,False,False,False,False,False,False,False,False,False,False,False,False,False,False,False,False,False,True,False,False,Unspecified,Unspecified,  IMDb Votes Review NO Helpful [10K] [R‚àû] [24H - 500/Day]  
2254,IMDB,vote,26.812800000000003,20 / 10000,empty,False,False,False,False,False,False,False,False,False,False,False,False,False,False,False,False,False,False,False,False,False,False,False,False,False,False,False,True,False,False,Unspecified,Unspecified,  IMDb Votes 10 Star [10K] [R‚àû] [6H - 1K/Day]  
2255,IMDB,vote,26.812800000000003,20 / 10000,empty,False,False,False,False,False,False,False,False,False,False,False,False,False,False,False,False,False,False,False,False,False,False,False,False,False,False,False,True,False,False,Unspecified,Unspecified,  IMDb Votes 9 Star [10K] [R‚àû] [6H - 1K/Day]  
2256,IMDB,vote,26.812800000000003,20 / 10000,empty,False,False,False,False,False,False,False,False,False,False,False,False,False,False,False,False,False,False,False,False,False,False,False,False,False,False,False,True,False,False,Unspecified,Unspecified,  IMDb Votes 8 Star [10K] [R‚àû] [6H - 1K/Day]  
2257,IMDB,vote,26.812800000000003,20 / 10000,empty,False,False,False,False,False,False,False,False,False,False,False,False,False,False,False,False,False,False,False,False,False,False,False,False,False,False,False,True,False,False,Unspecified,Unspecified,  IMDb Votes 7 Star [10K] [R‚àû] [6H - 1K/Day]  
2258,IMDB,vote,26.812800000000003,20 / 10000,empty,False,False,False,False,False,False,False,False,False,False,False,False,False,False,False,False,False,False,False,False,False,False,False,False,False,False,False,True,False,False,Unspecified,Unspecified,  IMDb Votes 6 Star [10K] [R‚àû] [6H - 1K/Day]  
2259,IMDB,vote,26.812800000000003,20 / 10000,empty,False,False,False,False,False,False,False,False,False,False,False,False,False,False,False,False,False,False,False,False,False,False,False,False,False,False,False,True,False,False,Unspecified,Unspecified,  IMDb Votes 5 Star [10K] [R‚àû] [6H - 1K/Day]  
2260,IMDB,vote,26.812800000000003,20 / 10000,empty,False,False,False,False,False,False,False,False,False,False,False,False,False,False,False,False,False,False,False,False,False,False,False,False,False,False,False,True,False,False,Unspecified,Unspecified,  IMDb Votes 4 Star [10K] [R‚àû] [6H - 1K/Day]  
2261,IMDB,vote,26.812800000000003,20 / 10000,empty,False,False,False,False,False,False,False,False,False,False,False,False,False,False,False,False,False,False,False,False,False,False,False,False,False,False,False,True,False,False,Unspecified,Unspecified,  IMDb Votes 3 Star [10K] [R‚àû] [6H - 1K/Day]  
2262,IMDB,vote,26.812800000000003,20 / 10000,empty,False,False,False,False,False,False,False,False,False,False,False,False,False,False,False,False,False,False,False,False,False,False,False,False,False,False,False,True,False,False,Unspecified,Unspecified,  IMDb Votes 2 Star [10K] [R‚àû] [6H - 1K/Day]  
2263,IMDB,vote,26.812800000000003,20 / 10000,empty,False,False,False,False,False,False,False,False,False,False,False,False,False,False,False,False,False,False,False,False,False,False,False,False,False,False,False,True,False,False,Unspecified,Unspecified,  IMDb Votes 1 Star [10K] [R‚àû] [6H - 1K/Day]  
2253,IMDB,starmeter,28.224,500 / 50000,empty,False,False,False,False,False,False,False,False,False,False,False,False,False,False,False,False,False,False,False,False,False,False,False,False,False,False,False,False,False,False,Unspecified,Unspecified,  IMDB Up STARmeter [50K]  
2248,IMDB,vote,112.0,100 / 5000,empty,False,False,False,False,False,False,False,False,False,False,False,False,False,False,False,False,False,False,False,False,False,False,False,False,False,False,False,False,False,False,Unspecified,Unspecified,  IMDB Votes [5K]  
2250,IMDB,review,4228.0,1 / 500,empty,False,False,False,False,False,False,False,False,False,False,False,False,False,False,False,False,False,False,False,False,False,False,False,False,False,False,False,False,False,False,Unspecified,Unspecified,  IMDB Reviews [500]  
2251,IMDB,starmeter,7056.0,1000 / 1000,empty,False,False,False,False,False,False,False,False,False,False,False,False,False,False,False,False,False,False,False,False,False,False,False,False,False,False,False,False,False,False,Unspecified,Unspecified,  IMDB Starmeter [Rank in Top 100]  
2252,IMDB,starmeter,11289.6,1000 / 1000,empty,False,False,False,False,False,False,False,False,False,False,False,False,False,False,False,False,False,False,False,False,False,False,False,False,False,False,False,False,False,False,Unspecified,Unspecified,  IMDB Starmeter [Rank in Top 10]  
2312,LinkedIn,follower,8.68,100 / 1000000,empty,False,False,False,False,False,False,False,False,False,False,False,False,False,False,False,False,False,False,False,False,True,False,False,False,False,False,False,False,False,False,Unspecified,Unspecified,  ‚òëÔ∏èLinkedIn Profiles Followers Worldwide [ Lifetime-guarantee ]  
2313,LinkedIn,follower,9.52,100 / 10000000,empty,False,False,False,False,False,False,False,False,False,False,False,False,False,False,False,False,False,False,False,False,True,False,False,False,False,False,False,False,False,False,Unspecified,Unspecified,  ‚òëÔ∏èLinkedIn Company Page Followers Worldwide [ Lifetime-guarantee ]  
2311,LinkedIn,follower,10.5,100 / 50000,empty,False,False,False,False,False,False,False,False,False,False,False,False,False,False,False,False,False,False,False,False,True,False,False,False,False,False,False,False,False,True,UK,Unspecified,  üî• LinkedIn (Company+Profiles) Follower[USA  UK] [ Lifetime-guarantee ]  
2397,Website,traffic,0.168,500 / 1000000,empty,False,False,False,False,False,False,False,False,False,False,False,False,False,False,False,False,False,False,False,False,False,False,False,False,False,False,False,False,False,False,Unspecified,Unspecified,  Website Traffic [Direct Visits] [0-12H ]  
2398,Website,traffic,0.35000000000000003,500 / 1000000,empty,False,False,False,False,False,False,False,False,False,False,False,False,False,False,False,False,False,False,False,False,False,False,False,False,False,False,False,True,False,False,Unspecified,facebook,  Website Traffic From Facebook [WW] [12H - 50K/Day]  
2399,Website,traffic,0.49,500 / 1000000,empty,False,False,False,False,False,False,False,False,False,False,False,False,False,False,False,False,False,False,False,False,False,False,False,False,False,False,False,False,False,False,India,google,  India Traffic from Google [12H]  
2400,Website,traffic,0.49,500 / 1000000,empty,False,False,False,False,False,False,False,False,False,False,False,False,False,False,False,False,False,False,False,False,False,False,False,False,False,False,False,False,False,False,India,quora,  India Traffic from Quora [12H ]  
2401,Website,traffic,0.49,500 / 1000000,empty,False,False,False,False,False,False,False,False,False,False,False,False,False,False,False,False,False,False,False,False,False,False,False,False,False,False,False,False,False,False,India,facebook,  India Traffic from Facebook [12H ]  
