,ID,Service,Price ($) Per 1 000,Min order,Max order,Description
0,1576,Instagram Followers [Cheap] [25DR],2.8,100,20000, View Instagram Followers [Cheap] [25DR] 
1,1457,Instagram Followers [Less Drop],3.4,100,15000, View Instagram Followers [Less Drop] 
2,1547,IG Followers Real [Mostly Stable],3.3,100,15000, View IG Followers Real [Mostly Stable] 
3,1590,Instagram Followers [Almost Stable] [30DR],3.8,100,80000, View Instagram Followers [Almost Stable] [30DR] 
4,1408,Instagram Followers [Real] [30DR],3.5,100,20000, View Instagram Followers [Real] [30DR] 
5,1380,Instagram Followers [Real Cheap] [30DR],3.3,100,15000, View Instagram Followers [Real Cheap] [30DR] 
6,1490,IG Followers Less Drop [75% Real] [21DR],3.6,250,18000, View IG Followers Less Drop [75% Real] [21DR] 
7,1364,New Instagram Followers HQ [25DR] ,4.3,100,30000, View New Instagram Followers HQ [25DR] 
8,1453,Instagram Followers Less Drop [Real Quality] [30DR],5.6,100,20000, View Instagram Followers Less Drop [Real Quality] [30DR] 
9,1339,Instagram Followers [HQ 30DR],4.8,100,18000, View Instagram Followers [HQ 30DR] 
10,1243,Instagram Followers [Recommended] [30DR],5.1,100,15000, View Instagram Followers [Recommended] [30DR] 
11,1492,Instagram Followers Refill [HQ] [Mostly Stable],6.5,100,35000, View Instagram Followers Refill [HQ] [Mostly Stable] 
12,1454,New Instagram Followers [Real Fast] [30DR],6.7,100,100000, View New Instagram Followers [Real Fast] [30DR] 
13,1389,Instagram Premium Followers [HQ] ,6.5,100,20000, View Instagram Premium Followers [HQ] 
14,1241,Instagram Followers New HQ [30 Days Refill],6,100,23000, View Instagram Followers New HQ [30 Days Refill] 
15,1479,Instagram Followers [Real Quality] [30DR],9.4,100,30000, View Instagram Followers [Real Quality] [30DR] 
16,1356,Real Instant High Quality Followers [30 DR],8,50,30000, View Real Instant High Quality Followers [30 DR] 
17,1556,Instagram Followers [Cheapest],0.4,100,10000, View Instagram Followers [Cheapest] 
18,1514,IG Followers Fast [Cheapest],0.7,100,15000, View IG Followers Fast [Cheapest] 
19,1516,Instagram Followers [Fast New],0.8,80,10000, View Instagram Followers [Fast New] 
20,1555,Instagram Followers [Mixed Quality],0.96,100,15000, View Instagram Followers [Mixed Quality] 
21,1403,Instagram Followers Cheap [Fast],1.4,50,5000, View Instagram Followers Cheap [Fast] 
22,1404,Instagram Followers [Speed],1.5,100,10000, View Instagram Followers [Speed] 
23,1398,Instagram Followers [Super Fast],1.8,100,5000, View Instagram Followers [Super Fast] 
24,1401,Instagram Followers [Real Profiles],1.8,100,4000, View Instagram Followers [Real Profiles] 
25,1515,Instagram Followers [HQ Non Refill],1.8,50,12000, View Instagram Followers [HQ Non Refill] 
26,1483,Instagram Followers [Super Instant],1.9,100,5000, View Instagram Followers [Super Instant] 
27,1432,Instagram Followers Instant [Real Profile],3,200,10000, View Instagram Followers Instant [Real Profile] 
28,1499,IG Followers [Real Instant] [Non Refill],3,100,2000, View IG Followers [Real Instant] [Non Refill] 
29,1388,Instagram Followers [Fast Server],3.2,50,5000, View Instagram Followers [Fast Server] 
30,1349,Instagram Followers [Fast Start],3,50,10000, View Instagram Followers [Fast Start] 
31,1420,Instagram Followers [MIX],3.2,100,5000, View Instagram Followers [MIX] 
32,1399,Instagram Followers [Recommended],3.4,100,10000, View Instagram Followers [Recommended] 
33,1352,Instagram Followers [Less Drop],3.5,300,5000, View Instagram Followers [Less Drop] 
34,1350,Instagram Followers HQ [Working New],1.8,50,5000, View Instagram Followers HQ [Working New] 
35,1353,Instagram Followers Instant HQ,4.6,500,3000, View Instagram Followers Instant HQ 
36,1362,Instagram 50% Indian Followers,3.5,100,5000, View Instagram 50% Indian Followers 
37,1220,Instagram Verification Badge [Celebs],780,1000,1000, View Instagram Verification Badge [Celebs] 
38,1221,Instagram Verification Badge [For All],1450,1000,1000, View Instagram Verification Badge [For All] 
39,1503,IG Auto Comments [Monthly] [Read Description],40,1000,1000, View IG Auto Comments [Monthly] [Read Description] 
40,1526,Instagram Likes [Good Cheap],0.26,100,8000, View Instagram Likes [Good Cheap] 
41,1504,IG Likes [Chepest New],0.33,100,10000, View IG Likes [Chepest New] 
42,1548,Instagram Likes [Fast Delivery],0.31,100,5000, View Instagram Likes [Fast Delivery] 
43,1501,Instagram Likes [Fast Cheapest],0.39,100,25000, View Instagram Likes [Fast Cheapest] 
44,1491,Instagram Likes [Boosted],0.45,100,25000, View Instagram Likes [Boosted] 
45,1447,Instagram Likes [Fire],0.52,100,10000, View Instagram Likes [Fire] 
46,1517,Instagram Likes [Updated New],0.55,100,18000, View Instagram Likes [Updated New] 
47,1428,IG Likes [Cheapest],0.6,100,30000, View IG Likes [Cheapest] 
48,1577,Instagram 100% Real Likes [Updated],0.65,100,10000, View Instagram 100% Real Likes [Updated] 
49,1583,Instagram Likes [Non Drop],0.7,30,18000, View Instagram Likes [Non Drop] 
50,1409,Instagram Likes Real [Trending],0.8,100,16000, View Instagram Likes Real [Trending] 
51,1451,Instagram Likes HQ [Boosted],0.78,100,18000, View Instagram Likes HQ [Boosted] 
52,1462,IG Likes Working [INSTANT],0.78,100,12000, View IG Likes Working [INSTANT] 
53,1522,Instagram Likes HQ Real [Indian],0.85,50,10000, View Instagram Likes HQ Real [Indian] 
54,1510,IG Likes [Super Speed],0.96,100,20000, View IG Likes [Super Speed] 
55,1363,Instagram Likes [Real and Active],1.2,50,15000, View Instagram Likes [Real and Active] 
56,1525,Instagram Likes [Real Fast],1.2,50,100000, View Instagram Likes [Real Fast] 
57,1397,Instagram Likes Instantly [Recommended],1.1,50,5000, View Instagram Likes Instantly [Recommended] 
58,1484,Instagram 100% Real Likes ,1.2,100,3000, View Instagram 100% Real Likes 
59,1328,Instagram Likes New [Trending],1.4,50,30000, View Instagram Likes New [Trending] 
60,1475,Instagram Likes [REAL ACTIVE],1.4,100,50000, View Instagram Likes [REAL ACTIVE] 
61,1358,Instagram likes [Instantly],2,100,30000, View Instagram likes [Instantly] 
62,1313,Instagram Likes [Fast] ,2,100,10000, View Instagram Likes [Fast] 
63,1284,Instagram Likes [Trending],2,100,8000, View Instagram Likes [Trending] 
64,1347,Instagram Likes [Super Fastest],2.4,30,10000, View Instagram Likes [Super Fastest] 
65,1312,Instagram Likes [REAL HQ],2,100,3000, View Instagram Likes [REAL HQ] 
66,1592,Instagram Real People Likes ,2.6,100,20000, View Instagram Real People Likes 
67,1283,Instagram Likes 100% Real Fast,2.5,50,10000, View Instagram Likes 100% Real Fast 
68,1282,Instagram Likes [Super Instant] [NEW] ,3,100,80000, View Instagram Likes [Super Instant] [NEW] 
69,1519,IG Likes [100% Real],4,100,10000, View IG Likes [100% Real] 
70,1518,Instagram Likes [Real Profiles],4.5,100,10000, View Instagram Likes [Real Profiles] 
71,1512,Instagram Power Likes [New],1.8,100,2500, View Instagram Power Likes [New] 
72,1513,Instagram Power Likes [HQ],2.6,100,8500, View Instagram Power Likes [HQ] 
73,1113,Instagram Likes [Turkey],23.5,50,8000, View Instagram Likes [Turkey] 
74,1114,Instagram Likes [Ukraine],23.5,50,8000, View Instagram Likes [Ukraine] 
75,1115,Instagram Likes [United Kingdom],23.5,100,8000, View Instagram Likes [United Kingdom] 
76,1107,Instagram Likes [Korea],23.5,50,8000, View Instagram Likes [Korea] 
77,1108,Instagram Likes [Mexico],23.5,50,8000, View Instagram Likes [Mexico] 
78,1109,Instagram Likes Middle East [Arab],23.5,50,8000, View Instagram Likes Middle East [Arab] 
79,1110,Instagram Likes [Portugal],23.5,50,8000, View Instagram Likes [Portugal] 
80,1111,Instagram Likes [Russian],23.5,50,8000, View Instagram Likes [Russian] 
81,1112,Instagram Likes [Spain],23.5,50,1000, View Instagram Likes [Spain] 
82,1103,Instagram Likes [Indonesia],23.5,50,8000, View Instagram Likes [Indonesia] 
83,1104,Instagram Likes [Iran],23.5,50,8000, View Instagram Likes [Iran] 
84,1105,Instagram Likes [Italy],23.5,50,8000, View Instagram Likes [Italy] 
85,1106,Instagram Likes [Japan],23.5,50,8000, View Instagram Likes [Japan] 
86,1093,Instagram Likes [Argentina],23.5,50,5000, View Instagram Likes [Argentina] 
87,1100,Instagram Likes [France],23.5,50,10000, View Instagram Likes [France] 
88,1094,Instagram Likes [US] [Real],23.5,100,8000, View Instagram Likes [US] [Real] 
89,1095,Instagram Likes [Australia],23.5,50,5000, View Instagram Likes [Australia] 
90,1096,Instagram Likes [Canada],23.5,50,8000, View Instagram Likes [Canada] 
91,1097,Instagram Likes [Central & South America],23.5,50,5000, View Instagram Likes [Central & South America] 
92,1098,Instagram Likes [Colombia],23.5,50,10000, View Instagram Likes [Colombia] 
93,1099,Instagram Likes [East Asia],23.5,50,10000, View Instagram Likes [East Asia] 
94,1101,Instagram Likes [Germany],23.5,100,2000, View Instagram Likes [Germany] 
95,1102,Instagram Likes [Gulf Area],23.5,50,8000, View Instagram Likes [Gulf Area] 
96,1333,Instagram Views + Impressions [NEW],0.1,500,500000, View Instagram Views + Impressions [NEW] 
97,673,Instagram Views New [HQ],0.08,500,500000, View Instagram Views New [HQ] 
98,1332,Instagram Views [Recommended],0.09,1000,1000000, View Instagram Views [Recommended] 
99,1338,Instagram Views Slow [Real Organic],0.09,500,100000, View Instagram Views Slow [Real Organic] 
100,1334,IG Views with Impression + Profile Visits,0.12,500,1000000, View IG Views with Impression + Profile Visits 
101,1335,Instagram Views + Impressions,0.1,500,500000, View Instagram Views + Impressions 
102,1330,Instagram Views [Updated],0.12,1000,1000000, View Instagram Views [Updated] 
103,1549,Instagram Views HQ [Trending],0.09,1000,1000000, View Instagram Views HQ [Trending] 
104,1337,Instagram Views [Fast],0.14,500,50000, View Instagram Views [Fast] 
105,1336,IG Views with Impression + Profile Visits [HQ],0.2,500,500000, View IG Views with Impression + Profile Visits [HQ] 
106,1498,Instagram Live Stream Hearts,0.65,200,10000, View Instagram Live Stream Hearts 
107,1496,Instagram Live Stream Views [Instant],4.5,250,1000, View Instagram Live Stream Views [Instant] 
108,1497,Instagram Live Stream Views [New],6,250,1000, View Instagram Live Stream Views [New] 
109,1521,Instagram Comments Emoji [Working],1.8,10,50000, View Instagram Comments Emoji [Working] 
110,1355,Instagram Random Comments [Super Instant],20,20,5000, View Instagram Random Comments [Super Instant] 
111,1542,Instagram Custom Comments [Fast Real],29,5,200, View Instagram Custom Comments [Fast Real] 
112,1520,Instagram Comments [100% Real],40,5,1000, View Instagram Comments [100% Real] 
113,489,Instagram Photo Impression + Location + Explore +Home+PV ?,0.095,100,10000, View Instagram Photo Impression + Location + Explore +Home+PV ? 
114,495,Instagram Views + Impression,0.17,500,1000000, View Instagram Views + Impression 
115,493,Instagram Organic Views + Impressions,0.2,100,1500000, View Instagram Organic Views + Impressions 
116,497,Instagram Saves {Max : 15k},0.57,20,15000, View Instagram Saves {Max : 15k} 
117,491,Instagram  VIDEO Reach ,0.75,100,30000, View Instagram VIDEO Reach 
118,1461,Instagram Profile Visits [HQ],0.8,1000,10000, View Instagram Profile Visits [HQ] 
119,492,Instagram Photo Reach ,0.85,100,30000, View Instagram Photo Reach 
120,494,Instagram Post Impressions,1.8,10,100000, View Instagram Post Impressions 
121,490,Instagram HighLights Views ,2.5,20,20000, View Instagram HighLights Views 
122,1550,Instagram Story Views [Working Always],0.18,100,15000, View Instagram Story Views [Working Always] 
123,1551,Instagram Story Views HQ [INSTANT],0.22,100,50000, View Instagram Story Views HQ [INSTANT] 
124,459,Instagram Saves,0.55,50,15000, View Instagram Saves 
125,278,Instagram Post Impressions,0.7,10,100000, View Instagram Post Impressions 
126,1460,Instagram Highlight Views [HQ],2.4,50,10000, View Instagram Highlight Views [HQ] 
127,1506,Instagram Auto Views & Impression [Read Description],3.6,10000,10000000, View Instagram Auto Views & Impression [Read Description] 
128,1508,Instagram Auto Photo & Impression [Read Description],4.3,5000,10000000, View Instagram Auto Photo & Impression [Read Description] 
129,1505,Instagram Auto Story Views [Read Description],26,1000,10000, View Instagram Auto Story Views [Read Description] 
130,1507,Instagram Auto Saves [Read Description],26,1000,10000, View Instagram Auto Saves [Read Description] 
131,1066,Instagram TV Views,0.08,500,1000000, View Instagram TV Views 
132,662,Auto Instagram Views + Impression {Unlimited Videos 30days},4.5,10000,10000000, View Auto Instagram Views + Impression {Unlimited Videos 30days} 
133,664,Auto Instagram Photo + Impression + All {Unlimited Post 30days},4.5,5000,10000000, View Auto Instagram Photo + Impression + All {Unlimited Post 30days} 
134,661,Auto Instagram Story Views {Unlimited Stories for 30 Days},25,500,10000, View Auto Instagram Story Views {Unlimited Stories for 30 Days} 
135,663,Auto Instagram Saves {Unlimited Posts for 30days},25.5,1000,10000, View Auto Instagram Saves {Unlimited Posts for 30days} 
136,1405,Tiktok Views [Real Profiles],2.9,5000,100000, View Tiktok Views [Real Profiles] 
137,1523,Tik Tok Views [Real],0.04,5000,1000000, View Tik Tok Views [Real] 
138,1524,Tik Tok Views [HQ REAL],0.07,5000,10000000, View Tik Tok Views [HQ REAL] 
139,1378,Tik Tok Views [Premium],0.09,5000,10000000, View Tik Tok Views [Premium] 
140,1449,TikTok Likes HQ [Super Fast],7.5,100,50000, View TikTok Likes HQ [Super Fast] 
141,1472,TikTok Likes HQ [Super Instant],7.5,100,100000, View TikTok Likes HQ [Super Instant] 
142,1473,TikTok Followers HQ Non Drop [Super Instant],7.5,50,40000, View TikTok Followers HQ Non Drop [Super Instant] 
143,1377,Tik Tok Followers [Super Fast] [HQ],8,50,50000, View Tik Tok Followers [Super Fast] [HQ] 
144,1407,Tik Tok Real Followers [30DR],11,100,10000, View Tik Tok Real Followers [30DR] 
145,276,Instagram Live Hearts,0.65,200,10000, View Instagram Live Hearts 
146,1537,Instagram Live Viewers [Instant],4.8,250,1000, View Instagram Live Viewers [Instant] 
147,1538,Instagram Live Viewers [HQ Instant],6,250,1000, View Instagram Live Viewers [HQ Instant] 
148,1423,Facebook Video Views [Retention 25 sec],0.065,100,1000000, View Facebook Video Views [Retention 25 sec] 
149,1424,Facebook Video Views [Retention 50 sec],0.12,100,1000000, View Facebook Video Views [Retention 50 sec] 
150,969,Facebook Video Views Cheap,0.18,200,10000000, View Facebook Video Views Cheap 
151,971,Facebook Video Views [Min 1k],0.18,1000,10000000, View Facebook Video Views [Min 1k] 
152,1425,Facebook Video Views [Retention 65 sec],0.16,100,1000000, View Facebook Video Views [Retention 65 sec] 
153,967,Facebook Video Views,0.25,1000,1000000, View Facebook Video Views 
154,1426,Facebook Video Views [100% Retention],0.27,100,1000000, View Facebook Video Views [100% Retention] 
155,968,Facebook Video Views New,0.3,1000,10000000, View Facebook Video Views New 
156,1406,Facebook Post Likes [Speed] [Non Refill],1.7,25,500, View Facebook Post Likes [Speed] [Non Refill] 
157,1044,Facebook Post Likes [Instant],3.7,50,15000, View Facebook Post Likes [Instant] 
158,966,Facebook Live Stream Views,23,100,1000, View Facebook Live Stream Views 
159,1456,Facebook Page Likes HQ [Non Refill]],5,500,500, View Facebook Page Likes HQ [Non Refill]] 
160,1068,Facebook Page Likes [30DR],13,100,10000, View Facebook Page Likes [30DR] 
161,1455,Facebook Page Likes HQ [10DR],18,100,10000, View Facebook Page Likes HQ [10DR] 
162,1069,Facebook Page Likes [7 Days Refill],17,100,10000, View Facebook Page Likes [7 Days Refill] 
163,1463,Facebook Premium Profile Followers ,5.6,100,3000, View Facebook Premium Profile Followers 
164,300,Facebook Event/Join Confirmed,,25,2000, View Facebook Event/Join Confirmed 
165,767,Twitter Followers ,4.5,50,5000, View Twitter Followers 
166,1374,Twitter Favorites [HQ],6.3,50,100000, View Twitter Favorites [HQ] 
167,1375,Twitter Likes [100% Real],6.5,50,10000, View Twitter Likes [100% Real] 
168,1376,Twitter Retweets [100% Real] ,6.5,40,10000, View Twitter Retweets [100% Real] 
169,1370,Twitter Impression [Cheap],0.9,100,1000000, View Twitter Impression [Cheap] 
170,1372,Twitter Hashtag Clicks [Premium],0.9,100,10000000, View Twitter Hashtag Clicks [Premium] 
171,1373,Twitter Link Clicks [HQ],0.9,100,10000000, View Twitter Link Clicks [HQ] 
172,1371,Twitter Profile Clicks [HQ],0.9,100,10000000, View Twitter Profile Clicks [HQ] 
173,1366,Twitter Video Views [HQ],1.6,100,10000000, View Twitter Video Views [HQ] 
174,1367,Twitter Impression [Premium],1.7,100,1000000, View Twitter Impression [Premium] 
175,1369,Twitter Views [Fast],1.9,100,100000, View Twitter Views [Fast] 
176,1368,Twitter Live Stream Views,8,20,500, View Twitter Live Stream Views 
177,1381,Youtube Subs [30DR] [FAST HQ],13.5,100,8000, View Youtube Subs [30DR] [FAST HQ] 
178,1327,YouTube Subs HQ [30 Days Refill],20,100,5000, View YouTube Subs HQ [30 Days Refill] 
179,1539,Youtube Views [Fast] [NonDrop] [Best],1.5,1000,1000000, View Youtube Views [Fast] [NonDrop] [Best] 
180,950,Youtube Ranking Views [Instant],1.6,1000,100000000, View Youtube Ranking Views [Instant] 
181,963,YouTube views working [Fast] Lifetime Refill,1.8,1000,100000000, View YouTube views working [Fast] Lifetime Refill 
182,1557,Youtube Views [Super Fast] [Recommended],1.8,1000,20000, View Youtube Views [Super Fast] [Recommended] 
183,947,Youtube Adword Views [Indian],2,5000,100000000, View Youtube Adword Views [Indian] 
184,946,Youtube Real Adword 100% Indian Non Drop,2.1,3000,1000000, View Youtube Real Adword 100% Indian Non Drop 
185,949,YouTube Views Worldwide [Super Instant] ,2.4,1000,1000000, View YouTube Views Worldwide [Super Instant] 
186,945,Youtube Live Stream Views,3.5,5000,5000, View Youtube Live Stream Views 
187,1569,YouTube Watchtime [1000 Hours] [30DR],15,1000,1000, View YouTube Watchtime [1000 Hours] [30DR] 
188,1568,YouTube Watchtime [1000 Hours] [Lifetime],20,1000,1000, View YouTube Watchtime [1000 Hours] [Lifetime] 
189,1571,YouTube Watchtime [2000 Hours] [30DR],27.5,1000,1000, View YouTube Watchtime [2000 Hours] [30DR] 
190,1573,YouTube Watchtime [3000 Hours] [30DR],37,1000,1000, View YouTube Watchtime [3000 Hours] [30DR] 
191,1570,YouTube Watchtime [2000 Hours] [Lifetime],40,1000,1000, View YouTube Watchtime [2000 Hours] [Lifetime] 
192,1575,YouTube Watchtime [4000 Hours] [30DR],48,1000,1000, View YouTube Watchtime [4000 Hours] [30DR] 
193,1572,YouTube Watchtime [3000 Hours] [Lifetime],58.5,1000,1000, View YouTube Watchtime [3000 Hours] [Lifetime] 
194,1574,YouTube Watchtime [4000 Hours] [Lifetime],78,1000,1000, View YouTube Watchtime [4000 Hours] [Lifetime] 
195,1277,Youtube Shares [Fast Start],4,500,10000, View Youtube Shares [Fast Start] 
196,1494,Youtube Likes [Non Refill],5.4,50,300000, View Youtube Likes [Non Refill] 
197,1289,Youtube Likes [Non Refill],8,50,80000, View Youtube Likes [Non Refill] 
198,1281,Youtube Comment Likes,7.5,50,100000, View Youtube Comment Likes 
199,1315, YouTube Video Likes [HQ CHEAP],13,50,8000, View YouTube Video Likes [HQ CHEAP] 
200,1354,Youtube Likes HQ [30 DR],18,50,50000, View Youtube Likes HQ [30 DR] 
201,1495,Youtube Comments [From Real People],25,500,80000, View Youtube Comments [From Real People] 
202,1383,Youtube Likes [Fastest] [30DR],20,100,100000, View Youtube Likes [Fastest] [30DR] 
203,1288,Youtube Likes [Lifetime],28,50,20000, View Youtube Likes [Lifetime] 
204,1500,YouTube Views [Non Refill],0.86,1000,10000000, View YouTube Views [Non Refill] 
205,570,Tumblr 100% Real Follower Max 2K - No Refill ,6,10,2000, View Tumblr 100% Real Follower Max 2K - No Refill 
206,571,Tumblr 100% Real Like Max 2K - No Refill ,6,10,2000, View Tumblr 100% Real Like Max 2K - No Refill 
207,572,Tumblr 100% Real Reblog Max 2K - No Refill,12,10,2000, View Tumblr 100% Real Reblog Max 2K - No Refill 
208,1314,Linkedin Followers,12,100,8000, View Linkedin Followers 
209,1247,Soundcloud Plays,0.8,100,100000, View Soundcloud Plays 
210,1250,Soundcloud Downloads,0.8,1000,100000, View Soundcloud Downloads 
211,1248,Soundcloud Likes,2.6,100,200000, View Soundcloud Likes 
212,1249,Soundcloud Likes,2.6,100,200000, View Soundcloud Likes 
213,1251,Soundcloud Followers,3,100,10000, View Soundcloud Followers 
214,1252,Soundcloud Comments,19,30,5000, View Soundcloud Comments 
215,1584,Telegram Post View [1 Post],0.12,100,30000, View Telegram Post View [1 Post] 
216,1585,Telegram Post Views [5 Posts],0.58,100,30000, View Telegram Post Views [5 Posts] 
217,1586,Telegram Post Views [10 Posts],0.94,100,30000, View Telegram Post Views [10 Posts] 
218,1587,Telegram Post Views [20 Posts],1.85,100,30000, View Telegram Post Views [20 Posts] 
219,1588,Telegram Post Views [50 Posts],1.9,1000,200000, View Telegram Post Views [50 Posts] 
220,1589,Telegram Post Views [100 Posts],2.9,1000,200000, View Telegram Post Views [100 Posts] 
221,1578,Telegram Post View [Instant},0.14,100,200000, View Telegram Post View [Instant} 
222,1582,Telegram Channel Members Cheap [Real],0.9,1000,50000, View Telegram Channel Members Cheap [Real] 
223,1511,Telegram Channel Members [New],1.55,1000,50000, View Telegram Channel Members [New] 
224,1467,Telegram Channel Members [Fast],1.95,500,30000, View Telegram Channel Members [Fast] 
225,1466,Telegram Channel Members [Non Drop Instant],2,1000,200000, View Telegram Channel Members [Non Drop Instant] 
226,1579,Telegram Vote [Fast],6,15,50000, View Telegram Vote [Fast] 
227,71,Google Followers,9,100,10000, View Google Followers 
228,72,Play Store App Rating 5,105,5,50, View Play Store App Rating 5 
229,73,Play Store App Custom Review,105,5,50, View Play Store App Custom Review 
230,74,Pinterest Followers,3.5,30,100000, View Pinterest Followers 
231,75,Pinterest Board Followers,3.5,10,100000, View Pinterest Board Followers 
232,76,Pinterest Likes,3.5,10,100000, View Pinterest Likes 
233,1433,Website Promotion Google Ads,25,1000,1000, View Website Promotion Google Ads 
234,1434,Website Promotion Google Ads,50,1000,1000, View Website Promotion Google Ads 
235,1435,Website Promotion Google Ads,75,1000,1000, View Website Promotion Google Ads 
236,1436,Website Promotion Google Ads,100,1000,1000, View Website Promotion Google Ads 
237,1437,Website Promotion Google Ads,200,1000,1000, View Website Promotion Google Ads 
238,170,Wesite Traffic From FACEBOOK INSTANT,0.8,500,100000, View Wesite Traffic From FACEBOOK INSTANT 
239,173,Wesite Traffic from INSTAGRAM INSTANT,0.8,500,100000, View Wesite Traffic from INSTAGRAM INSTANT 
240,175,Wesite Traffic from NETFLIXCOM INSTANT,0.8,500,100000, View Wesite Traffic from NETFLIXCOM INSTANT 
241,169,Wesite Traffic Direct,0.7,500,100000, View Wesite Traffic Direct 
242,171,Wesite Traffic from TWITTER INSTANT,0.8,500,10000000, View Wesite Traffic from TWITTER INSTANT 
243,172,Wesite Traffic from YOUTUBE INSTANT,0.8,500,1000000, View Wesite Traffic from YOUTUBE INSTANT 
244,174,Wesite Traffic from GOOGLE INSTANT,0.8,500,100000, View Wesite Traffic from GOOGLE INSTANT 
245,184,BookMyShow Intrested Votes,37,500,100000, View BookMyShow Intrested Votes 
246,185,BookMyShow 5 Ratings,71,500,100000, View BookMyShow 5 Ratings 
247,186,BookMyShow Reviews With 5 Ratings,182,25,100000, View BookMyShow Reviews With 5 Ratings 
248,799,Spotify Track Plays Max 10M,1.2,1000,10000000, View Spotify Track Plays Max 10M 
249,814,Spotify Plays [USA][50K Min] [10M] [R∞] ⭐,1.2,50000,10000000, View Spotify Plays [USA][50K Min] [10M] [R∞] ⭐ 
250,800,Spotify Track Plays ,1.2,50000,1000000, View Spotify Track Plays 
251,801,Spotify USA Plays [10M] [R∞] ,1.2,1000,10000000, View Spotify USA Plays [10M] [R∞] 
252,803,Spotify Album Plays [USA] [10M] [R∞] ⭐,1.25,10000,10000000, View Spotify Album Plays [USA] [10M] [R∞] ⭐ 
253,804,Spotify Playlist Plays [USA] [10M] [R∞] ⭐,1.25,20000,10000000, View Spotify Playlist Plays [USA] [10M] [R∞] ⭐ 
254,802,Spotify USA Plays Max 100M,1.25,50000,2147483647, View Spotify USA Plays Max 100M 
255,1222,Spotify Plays New USA [Super Instant],1.6,500,1000000, View Spotify Plays New USA [Super Instant] 
256,1275,Spotify Plays USA [100K Per Day],1.7,100,1000000, View Spotify Plays USA [100K Per Day] 
257,805,Spotify Playlist Plays [1M] ⭐,1.7,1000,1000000, View Spotify Playlist Plays [1M] ⭐ 
258,806,Spotify Plays [300K] [R60] ⭐,1.7,5000,300000, View Spotify Plays [300K] [R60] ⭐ 
259,823,Spotify USA Playlist Plays [1M] ⭐,1.7,1000,1000000, View Spotify USA Playlist Plays [1M] ⭐ 
260,824,Spotify USA Monthly Listeners [100K] ⭐,1.7,20,5000, View Spotify USA Monthly Listeners [100K] ⭐ 
261,819,Spotify USA Followers [100K] ,2,1000,100000, View Spotify USA Followers [100K] 
262,807,Spotify Followers [1M] ⚡️,2.2,1000,1000000, View Spotify Followers [1M] ⚡️ 
263,808,Spotify Followers [USA] [1M] [R∞] ⭐,2.3,1000,1000000, View Spotify Followers [USA] [1M] [R∞] ⭐ 
264,809,Spotify USA Followers [PLAYLIST] [1M] [R∞] ⭐,2.3,1000,1000000, View Spotify USA Followers [PLAYLIST] [1M] [R∞] ⭐ 
265,810,Spotify Premium Plays [USA] [1M] [R∞] ⭐,2.3,10000,1000000, View Spotify Premium Plays [USA] [1M] [R∞] ⭐ 
266,811,Spotify Premium Playlist/Album Plays [USA] [10M] [R∞] ⭐,2.35,10000,10000000, View Spotify Premium Playlist/Album Plays [USA] [10M] [R∞] ⭐ 
267,815,Spotify Followers [1M] ⚡️,3.5,20,1000000, View Spotify Followers [1M] ⚡️ 
268,816,Spotify Followers [PLAYLIST] [1M] ⚡️,3.4,1000,1000000, View Spotify Followers [PLAYLIST] [1M] ⚡️ 
269,820,Spotify CANADA Plays [1M] ⭐,4.1,100,1000000, View Spotify CANADA Plays [1M] ⭐ 
270,821,Spotify FRANCE Plays [1M] ⭐,4.2,100,1000000, View Spotify FRANCE Plays [1M] ⭐ 
271,822,Spotify NETHERLANDS Plays [1M] ⭐,4.2,100,1000000, View Spotify NETHERLANDS Plays [1M] ⭐ 
272,818,Spotify Followers [PLAYLIST] [1M] [R60] ⚡️,5,500,1000000, View Spotify Followers [PLAYLIST] [1M] [R60] ⚡️ 
273,817,Spotify Followers [1M] [R60] ⚡️,5,500,1000000, View Spotify Followers [1M] [R60] ⚡️ 
274,812,Spotify Saves [For Track/Album] [USA] [1M] [R∞] ⭐,10,100,1000000, View Spotify Saves [For Track/Album] [USA] [1M] [R∞] ⭐ 
275,813,Spotify Premium Saves [1M] [USA] [R∞] ⭐,33,500,1000000, View Spotify Premium Saves [1M] [USA] [R∞] ⭐ 
276,1543,Spotify Premium Reproduction/Plays [USA],4.5,1000,100000, View Spotify Premium Reproduction/Plays [USA] 
277,1580,Spotify Premium Playlist Plays [Italian],4.5,1000,100000, View Spotify Premium Playlist Plays [Italian] 
278,1546,Spotify Premium Reproduction/Plays [Italy],4.5,1000,100000, View Spotify Premium Reproduction/Plays [Italy] 
279,1527,Spotify Premium Reproduction/Plays [Mexico],4.5,1000,100000, View Spotify Premium Reproduction/Plays [Mexico] 
280,1528,Spotify Premium Reproduction/Plays [Peru],4.5,1000,100000, View Spotify Premium Reproduction/Plays [Peru] 
281,1529,Spotify Premium Reproduction/Plays [Brazil],4.5,1000,100000, View Spotify Premium Reproduction/Plays [Brazil] 
282,1530,Spotify Premium Reproduction/Plays [Chile],4.5,1000,100000, View Spotify Premium Reproduction/Plays [Chile] 
283,1531,Spotify Premium Reproduction/Plays [Puerto Rico],4.5,1000,100000, View Spotify Premium Reproduction/Plays [Puerto Rico] 
284,1532,Spotify Premium Reproduction/Plays [Ecuador],4.5,1000,100000, View Spotify Premium Reproduction/Plays [Ecuador] 
285,1533,Spotify Premium Reproduction/Plays [Argentina],4.5,1000,100000, View Spotify Premium Reproduction/Plays [Argentina] 
286,1534,Spotify Premium Reproduction/Plays [Venezuela],4.5,1000,100000, View Spotify Premium Reproduction/Plays [Venezuela] 
287,1535,Spotify Premium Reproduction/Plays [Bolivia],4.5,1000,100000, View Spotify Premium Reproduction/Plays [Bolivia] 
288,1536,Spotify Premium Reproduction/Plays [Spain],4.5,1000,100000, View Spotify Premium Reproduction/Plays [Spain] 
289,1316,Spotify Saves [HQ],3.5,40,80000, View Spotify Saves [HQ] 
290,1317,Spotify Saves USA ,3.5,50,50000, View Spotify Saves USA 
291,1318,Spotify Saves UK,3.5,50,10000, View Spotify Saves UK 
292,1319,Spotify Saves Canada,3.5,50,10000, View Spotify Saves Canada 
293,1320,Spotify Saves France,3.5,50,10000, View Spotify Saves France 
294,1321,Spotify Save Israel,3.5,50,10000, View Spotify Save Israel 
295,1322,Spotify Save Germany,3.5,50,10000, View Spotify Save Germany 
296,1323,Spotify Saves [Track/Album] [USA],9.5,100,500000, View Spotify Saves [Track/Album] [USA] 
297,1324,Spotify Premium Saves [USA] [R∞],35,500,500000, View Spotify Premium Saves [USA] [R∞] 
298,1130,Twitch Channel Views [200K] [HQ]⚡️,1.2,100,200000, View Twitch Channel Views [200K] [HQ]⚡️ 
299,1116,Twitch Followers [30K] [LQ],1.85,50,30000, View Twitch Followers [30K] [LQ] 
300,1126,Twitch Channel Views [100K] [HQ]⚡️,3,100,100000, View Twitch Channel Views [100K] [HQ]⚡️ 
301,1117,Twitch Followers [50K] [HQ],3,500,50000, View Twitch Followers [50K] [HQ] 
302,1118,Twitch Followers [HQ],4,100,1000, View Twitch Followers [HQ] 
303,1119,Twitch Followers [50K] [HQ],6.1,100,50000, View Twitch Followers [50K] [HQ] 
304,1127,Twitch Channel Views [20K] [HQ]⚡️,7,1000,20000, View Twitch Channel Views [20K] [HQ]⚡️ 
305,1128,Twitch Channel Views [10K] [REAL]⚡️♻?⭐,9.75,1000,10000, View Twitch Channel Views [10K] [REAL]⚡️♻?⭐ 
306,1121,Twitch Followers [50K] [HQ] [30 DR],9,50,50000, View Twitch Followers [50K] [HQ] [30 DR] 
307,1124,Twitch Channel Views [20 000] [PACKAGE],12,1000,1000, View Twitch Channel Views [20 000] [PACKAGE] 
308,1120,Twitch Followers [20K] [HQ] [R∞],12,50,20000, View Twitch Followers [20K] [HQ] [R∞] 
309,1122,Twitch Followers [50K] [HQ]⚡️,50,50,50000, View Twitch Followers [50K] [HQ]⚡️ 
310,1125,Twitch Channel Views [500 000] [PACKAGE] ⭐⭐,67,1000,1000, View Twitch Channel Views [500 000] [PACKAGE] ⭐⭐ 
311,1123,Twitch Followers [20K] [REAL]⚡️,62,50,20000, View Twitch Followers [20K] [REAL]⚡️ 
312,1129,Twitch Live Views [250] [HQ]⚡️,210,10,250, View Twitch Live Views [250] [HQ]⚡️ 
313,1562,PUBG 65 UC,1,1000,1000, View PUBG 65 UC 
314,1563,PUBG 345 UC,5.5,1000,1000, View PUBG 345 UC 
315,1564,PUBG 700 UC ,11,1000,1000, View PUBG 700 UC 
316,1560,Elite Royal Pass Pack,11,1000,1000, View Elite Royal Pass Pack 
317,1561,Elite Plus Royal Pass Pack (With Classic Coupon,28,1000,1000, View Elite Plus Royal Pass Pack (With Classic Coupon 
318,1565,PUBG 1875 UC,28,1000,1000, View PUBG 1875 UC 
319,1566,PUBG 4000 UC ,54,1000,1000, View PUBG 4000 UC 
320,1567,PUBG 8400 UC,107,1000,1000, View PUBG 8400 UC 
321,577,Amazon Prime [Monthly],1.1,1000,1000, View Amazon Prime [Monthly] 
322,1006,Grammarly [1 Year],4.5,1000,1000, View Grammarly [1 Year] 
323,1000,Zee5 [1 Month],0.9,1000,1000, View Zee5 [1 Month] 
324,1001,Gaana [3 Month],1.3,1000,1000, View Gaana [3 Month] 
325,1003,Sony LIV [1 Year],2,1000,1000, View Sony LIV [1 Year] 
326,573,Netflix [4 Screens] [1 Month] [UHD],4,1000,1000, View Netflix [4 Screens] [1 Month] [UHD] 
327,1005,AltBalaJi [1 Year],1.2,1000,1000, View AltBalaJi [1 Year] 
328,1004,Gaana [1 Year],2,1000,1000, View Gaana [1 Year] 
329,1396,YouTube Premium (3 Months),3,1000,1000, View YouTube Premium (3 Months) 
330,1008,HBO NOW [1 Year],4,1000,1000, View HBO NOW [1 Year] 
331,1009,Scribd [1 Year],3.5,1000,1000, View Scribd [1 Year] 
332,578,Hotstar [1 Year Subscription],4,1000,1000, View Hotstar [1 Year Subscription] 
333,579,Nord VPN [1 Year Subscription],4,1000,1000, View Nord VPN [1 Year Subscription] 
334,581,Eros Now [1 Year subscription],3,1000,1000, View Eros Now [1 Year subscription] 
335,583,Savan [1 Year Subscription],4.5,1000,1000, View Savan [1 Year Subscription] 
336,1164,Brazzers,1.3,1000,1000, View Brazzers 
337,1165,Digital Playground [Year],4,1000,1000, View Digital Playground [Year] 
338,1261,Reality Kings [4 Months],4.5,1000,1000, View Reality Kings [4 Months] 
339,1163,Reality Kings [1 Year],7,1000,1000, View Reality Kings [1 Year] 
340,1390,TUNAC,1.1,10000,1000000, View TUNAC 
341,1540,MINO,1.1,10000,1000000, View MINO 
342,1270,YT,1.5,1000,100000, View YT 
343,1554,RUPE SPA,1.5,10000,1000000, View RUPE SPA 
344,1465,SUKI,3.6,100,10000, View SUKI 
345,1464,SAMIM,3.5,100,10000, View SAMIM 
346,1474,OSHER,3.4,100,10000, View OSHER 
347,1477,MMF,3.8,100,10000, View MMF 
348,1489,LARS,3.8,50,10000, View LARS 
349,1480,DF,3.6,50,10000, View DF 
