,ID,Service Name,Price,Min,Max
0,566,? [SQ] ● Instagram Followers [Max.1K] SUPER INSTANT ??, 1.50  ,100,1000
1,564, ? [S0] ● Instagram Followers [REAL] [ACTIVE] [Max.500] SUPER INSTANT ??, 1.65  ,50,500
2,239,? [S1] Instagram Followers - [ Max - 2k ] INSTANT ??, 1.70  ,100,2000
3,238,? Instagram Followers - [ Max - 5k ] SUPER FAST ??, 1.90  ,100,5000
4,561,?[S6] Instagram Followers - [ Max - 3K ] SUPER INSTANT ??, 1.90  ,100,3000
5,565,? [S10] ● Instagram Followers [Max.3K] [ 0-1 HOURS ?, 1.95  ,100,3000
6,236,? [S3] Instagram Followers - [ Max - 5K ] [ Fastest ] SUPER FAST??, 2.25  ,100,5000
7,237,? Real Followers Tightening Service Max 5K | Organic Followers with Sweepstakes, 6  ,500,5000
8,521,❤ [S5] Instagram Likes [ Max - 20k ] INSTANT ??, 0.30  ,50,20000
9,24,❤ [M3] ● Instagram Likes [Max.50K] [FAST] ??, 0.40  ,10,50000
10,532,❤ [S7] Instagram Likes [ Max - 100K ] [ Fastest  Working ] INSTANT, 0.40  ,20,100000
11,512,❤ [S4] ● Instagram Likes [Max.25K] [NATURAL INCREASES] FAST ??, 0.60  ,50,25000
12,523,❤ [S1] Instagram Likes - [ Max - 7k ] FAST ??, 1.35  ,50,7000
13,34,▶️ [S4] ● Instagram Video ( Views + Location+ Impression + Explore + Home + Profile ) INSTANT , 0.30  ,100,2000000
14,31,▶ [S0] ● Instagram Views + Impressions + Profile Visits [ SUPERFAST ] SUPER INSTANT, 0.30  ,500,500000
15,33,▶ [S2] ● Instagram Views [ SUPERFAST ] SUPER INSTANT , 0.08  ,100,5000000
16,32,▶ [S1] ● Instagram Views [ SUPERFAST ] SUPER INSTANT , 0.04  ,100,100000
17,44,Instagram - ( S5 ) RANDOM COMMENTS [ Max - 500k ] INSTANT, 1  ,20,500000
18,47,Instagram - English Comments  Emojies [ Instant ], 12  ,10,500
19,502,Instagram - TV Views S1 [ Instant ], 0.075  ,50,10000000
20,504,Instagram - TV Likes S1 [ Instant ] , 4  ,20,2000
21,505,Instagram - TV USA Likes [ Instant ] , 4  ,20,2000
22,506,Instagram - TV Random Comments [ Instant ] , 3.50  ,10,100000
23,507,Instagram - TV Random Emoji [ Instant ] , 3.50  ,10,1000000
24,579,♛ Youtube - Views [ 20k-30k/day ] [ Life Time Guaranteed ] INSTANT, 3.37  ,1000,100000000
25,580,♛ Youtube - Views [ No Refill ] [ 100k-200k/day ] INSTANT, 1.91  ,1000,10000000
26,581,♛ Youtube - Views S3 [ 100k-300k/day ] [ Life Time Guaranteed ] INSTANT, 3.26  ,500,10000000
27,582,NEW - Youtube - Views [ 100k-200k/day ] [ No Refill  Fastest ] INSTANT, 2.13  ,100,100000000
28,583,NEW - Youtube - Views [ 500k-1m/day ] [ No Refill ] SUPER INSTANT, 1.80  ,1000,10000000
29,584,♛ Youtube - Views [ Premium ] [ 20k-50k/day ] [ HQ ] SUPER INSTANT, 4.50  ,1000,1000000
30,585,Youtube Views [ EMBEDDED ADS VIEWS ] 5000-50k/day ] SUPER INSTANT, 4.83  ,1000,10000000
31,586,Youtube Views [ Very Slow ] [ Max - 20k ] [ 150-450/day ] [ Life Time Guaranteed ] 0-24hrs, 3.15  ,300,50000
32,587,Youtube - Views [ 5k-20k/day ] [ Read Description ] [ No Refill ] INSTANT, 1.46  ,100,100000
33,588,♛ Youtube - Views [ REAL ] [ SLOW ] [ 500-3000/day ] [ RAV + Engagements ] INSTANT, 6.75  ,100,100000
34,207,Youtube Views [1M] [USA] [NO DROP] [INSTANT - 50K-100K/Day], 2.90  ,1000,1000000
35,208,Youtube Views [1M] [INDIA] [NO DROP] [INSTANT - 200K/Day] ??, 3.10  ,100,1000000
36,209,Youtube Views [1M] [UK] [NO DROP] [INSTANT - 200K/Day] ??, 3.10  ,100,1000000
37,210,Youtube Views [1M] [AUSTRALIA] [NO DROP] [INSTANT - 200K/Day] ??, 3.10  ,100,1000000
38,211,Youtube Views [1M] CANADA] [NO DROP] [INSTANT - 200K/Day] ??, 3.10  ,100,10000000
39,212,Youtube Views [1M] [BRAZIL] [NO DROP] [INSTANT - 200K/Day] ??, 3.10  ,100,1000000
40,213,Youtube Views [1M] [EGYPT] [NO DROP] [INSTANT - 200K/Day] ??, 3.10  ,100,1000000
41,214,Youtube Views [1M] [FRANCE] [NO DROP] [INSTANT - 200K/Day] ??, 3.10  ,100,1000000
42,215,Youtube Views [1M] [GERMANY] [NO DROP] [INSTANT - 200K/Day] ??, 3.10  ,100,1000000
43,216,Youtube Views [1M] [ITALY] [NO DROP] [INSTANT - 200K/Day] ??, 3.10  ,100,1000000
44,217,Youtube Views [1M] [NETHERLANDS] [R∞] ⚡?⛔♻⭐, 2.90  ,1000,1000000
45,218,Youtube Views [1M] [PORTUGAL] [R∞] ⚡?⛔♻⭐, 2.90  ,1000,1000000
46,219,Youtube Views [1M] [RUSSIA] [NO DROP] [INSTANT - 200K/Day] ??, 3.10  ,100,1000000
47,220,Youtube Views [1M] [SAUDI ARABIA] [R∞] ⚡?⛔♻⭐, 2.90  ,1000,1000000
48,221,Youtube Views [1M] [JAPAN] [NO DROP] [INSTANT - 200K/Day] ??, 3.10  ,100,1000000
49,222,Youtube Views [1M] [TURKEY] [NO DROP] [INSTANT - 200K/Day] ??, 3.10  ,100,1000000
50,223,Youtube Views [1M] [UKRAINE] [R∞] ⚡?⛔♻⭐, 2.90  ,1000,1000000
51,224,Youtube Views [1M] [TAIWAN] [R∞] ⚡?⛔♻⭐, 2.90  ,1000,1000000
52,225,Youtube Views [1M] [SOUTH KOREA] [R∞] ⚡?⛔♻⭐, 2.90  ,1000,10000000
53,226,Youtube Views [1M] [SPAIN] [NO DROP] [INSTANT - 200K/Day] ??, 3.10  ,100,10000000
54,227,Youtube Views [1M] [SWEDEN] [R∞] ⚡?⛔♻⭐, 2.90  ,1000,1000000
55,228,Youtube Views [1M] [POLAND] [NO DROP] [INSTANT - 200K/Day] ??, 3.10  ,100,1000000
56,229,Youtube Views [1M] [MEXICO] [R∞] ⚡?⛔♻⭐, 2.90  ,1000,1000000
57,230,Youtube Views [1M] [GREECE] [R∞] ⚡?⛔♻⭐ , 2.90  ,1000,1000000
58,231,Youtube Views [50K] [RUSSIA] [R∞] ⚡️?♻⭐, 6  ,500,500000
59,86,♛ Youtube - ADS Views [ Non Drop  Worldwide ] [ 100k-500k/day ] Start 0-48HRS, 4.40  ,50000,100000000
60,87,Youtube - ADS Views [ No Restrication For Time Limit Of Video ] [ Speed - 100K-500K/day ] Start 6-48hrs, 6  ,10000,100000000
61,88,♛ Youtube - TURKEY ADS Views [ Non Drop ] [ 100k-500k/day ] Start 12-48HRS, 6  ,25000,100000000
62,89,Youtube - INDIAN ADS Views [ Non Drop ] ] [ Speed - 100k-300k/day ] Start 12-48HRS, 6  ,25000,100000000
63,90,Youtube - FRENCH ADS Views [ Non Drop ] ] [ Speed - 100k-300k/day ] Start 12-48HRS, 6  ,25000,100000000
64,91,Youtube - LATIN ADS Views [ Non Drop ] [ Speed - 50k-300k ] Start 12-48HRS, 6  ,25000,1000000000
65,92,Youtube - RUSSIA ADS Views [ Non Drop ] ] [ Speed - 50k-300k ] Start 12-48HRS, 6  ,25000,100000000
66,93,Youtube - UK ADS Views [ Non Drop ] ] [ Speed - 100k-300k ] Start 12-48HRS, 6  ,25000,100000000
67,94,Youtube - USA ADS Views [ Non Drop ] ] [ Speed - 100k-300k ] Start 12-48HRS, 6  ,25000,1000000000
68,95,Youtube - ARAB ADS Views [ Non Drop ] ] [ Speed - 100k-500k ] Start 12-48HRS, 6  ,25000,100000000
69,96,YouTube Pre-Premiere Waiting Views S2 [ Instant ], 2.40  ,5000,5000
70,97,Youtube Live Stream Views [ MONETIZABLE ] [ REAL ] INSTANT, 3.50  ,5000,5000
71,98,Youtube USA Live Stream Chat Comments [ INSTANT ], 129.60  ,10,1500
72,99,♛ Youtube - Custom Comments [ INDIAN ] [ Max - 10k ] [ 2k/day ] Start 12-24HRS, 160  ,20,10000
73,100,Youtube - Comments [RANDOM] [300] [USA] [SUPERQUALITY] INSTANT-1hrs, 70  ,10,300
74,101,Youtube - Comments [CUSTOM] [300] [USA] [SUPERQUALITY] INSTANT-1hrs, 96  ,10,300
75,102,Youtube - Comments [RANDOM] [100] [FEMALE] [USA] INSTANT-1hrs, 60  ,10,100
76,103,Youtube - Comments [CUSTOM] [100] [FEMALE] [USA] NSTANT-1hrs, 90  ,10,100
77,104,Youtube - Comments [RANDOM] [100] [INDIAN] [SUPERQUALITY] INSTANT-4hrs, 70  ,10,100
78,105,Youtube - Comments [CUSTOM] [100] [INDIAN] [SUPERQUALITY] INSTANT-4hrs, 90  ,10,100
79,106,Youtube - Comments [RANDOM] [100] [BRAZIL] [SUPERQUALITY] INSTANT-4hrs, 60  ,10,100
80,107,Youtube - Comments [CUSTOM] [100] [BRAZIL] [SUPERQUALITY] INSTANT-4hrs, 90  ,10,100
81,108,Youtube - Comments [RANDOM] [100] [JAPAN] [SUPERQUALITY] INSTANT-4hrs, 60  ,10,100
82,109,Youtube - Comments [CUSTOM] [100] [JAPAN] [SUPERQUALITY] INSTANT-4hrs, 90  ,10,100
83,110,Youtube - Comments [CUSTOM] [100] [RUSSIA] [SUPERQUALITY] INSTANT-4hrs, 90  ,10,100
84,111,Youtube - Comments [RANDOM] [100] [RUSSIA] [SUPERQUALITY] INSTANT-4hrs, 60  ,10,100
85,112,Youtube - Comments [CUSTOM] [USA] [5K] INSTANT, 86  ,10,1000
86,113,Youtube - Comment Replay [300] [CUSTOM] [USA] INSTANT-4HRS, 96  ,10,300
87,114,Youtube - Comment Replay [ Max - 1.5k ] [ HQ ] INSTANT, 86.40  ,10,1500
88,115,Youtube - Share S3 [ Superfast ] INSTANT, 2  ,50,100000
89,116,Youtube - Share S1 [ Instant ], 8  ,50,22000
90,117,Youtube - Share S2 [ Instant ], 4  ,50,1000000
91,118,Youtube - Superfast Share [ 20k-30k/day ], 30  ,100,150000
92,119,Youtube - Shares (VK referrer), 2  ,50,500000
93,120,Youtube - Shares (FB referrer), 2  ,50,100000
94,121,Youtube - Shares (TW referrer), 2  ,50,100000
95,122,Youtube - Shares (OK referrer), 2  ,50,100000
96,123,Youtube - Shares (REDITT referrer), 2  ,50,100000
97,124,Youtube - Shares (Whatsapp referrer), 2  ,50,100000
98,125,Youtube - Shares (Tumblr referrer), 2  ,50,100000
99,126,Youtube - Shares (Google+ referrer), 2  ,50,100000
100,127,Youtube - Subscribers ( S5 ) [ Max - 80k [ 30 Days Refill ] INSTANT, 35.20  ,5,1500
101,128,Youtube - Subscribers ( S1 ) [ 30 Days Refill  500/day ] [ Start 1-12 hrs ], 50  ,100,500000
102,129,Youtube - Subscribers - USA [ Instant ], 35.20  ,5,1500
103,130,Youtube - Likes [ S8 ] [ Ultrafast ] [ NO REFILL ] [ Read Description ] [ Max 400k ] SUPER INSTANT, 8.40  ,10,400000
104,131,♛ Youtube - Likes [ LESS DROP ] [ 1k-2k/DAY ] [ Start 1-12hrs ], 40  ,50,100000
105,132,Youtube - Dislikes [ S8 ] [ Ultrafast ] [ NO REFILL ] [ Read Description ] [ Max 400k ] SUPER INSTANT, 16  ,10,400000
106,133,Youtube - Likes [ USA ] [ 50-200/day ] [ Max 1.5k ] INSTANT, 20.60  ,5,1500
107,134,Youtube - Dislikes ( S3 ) ( Superfast ) [ 100k/day ] INSTANT, 30  ,100,150000
108,135,Youtube - Favorites [ Instant ], 14  ,100,50000
109,136,Youtube - Superfast Favorites [ 20k-30k/day ], 30  ,100,150000
110,137,Youtube - Comment Likes [ UPVOTES ] INSTANT, 11  ,10,100000
111,138,Youtube - USA Comment Likes [ UPVOTES ] INSTANT, 20.60  ,5,1500
112,139,Youtube - Comment Likes [ DOWNVOTES ] INSTANT, 11  ,10,100000
113,164,▶ [S4] ● Instagram NATURAL Views + Impressions [ SUPERFAST ] SUPER INSTANT, 0.08  ,500,2000000
114,161,▶ [S1] ● Instagram Views + Impressions [ SUPERFAST ] SUPER INSTANT, 0.08  ,1000,100000
115,159,▶ [SX] ● Instagram Views [ Unlimited ] [ Superfast ] INSTANT, 0.02  ,100,1000000
116,175,? Facebook - Page Likes [ Max - 500 ] [ No Refill ] INSTANT , 2.20  ,20,500
117,176,? Facebook - Fan Page Followers [ 500-700/day ] [ Start - 1-12hrs ] , 7.70  ,100,2000
118,177,? Facebook - Post/Photo Likes [ HQ ] [ 10 Days Guarantee ] [ Max - 15k ] INSTANT , 9.90  ,100,15000
119,178,? Facebook - Photo/Post Likes [ Max - 5k ] [ Superfast  No Refill ] 1MINS-12HRS , 3.70  ,100,5000
120,179,? Facebook - Photo/Post Likes [ ASIA ( India Pakistan Bangladesh ) ] [ Max - 5k ] 1MINS-12HRS , 8.87  ,50,5000
121,180,? Facebook - Post/Photo Likes [ Max - 500 ] [ No Refill ] INSTANT , 1.10  ,20,500
122,181,? Facebook - Emoticons Post Likes S1 [ Love ] 1-12HRS , 8.41  ,100,5000
123,182,? Facebook - Emoticons Post Likes S1 [ Haha ] 1-12HRS , 8.41  ,100,5000
124,183,? Facebook - Emoticons Post Likes S1 [ Wow ] 1-12HRS , 8.41  ,100,5000
125,184,? Facebook - Emoticons Post Likes S1 [ Sad ] 1-12HRS , 8.41  ,100,5000
126,185,? Facebook - Emoticons Post Likes S2 [ Angry ] Instant , 8.41  ,100,5000
127,187,? Facebook - Video Views S3 [ Real ] [ 300k-800k/day ] INSTANT , 0.23  ,100,2147483647
128,188,? Facebook - Video Views S1 [ Real ] [ 1M-5M/DAY ] [ Start 1-24hrs ] , 1.35  ,1000,10000000
129,189,? Facebook - Video Views S2 [ Real ] [ 2k-5k/DAY ] INSTANT , 0.37  ,1000,100000
130,190,? Facebook Live Stream Views [ Watch time 30 minute ] INSTANT , 32.40  ,100,1000
131,191,? Facebook Live Stream Views [ Watch time 60 minute ] INSTANT , 63  ,100,1000
132,240,Linkedin Followers [500K] [R60] [24H - 300/Day], 18  ,100,500000
133,241,LinkedIn Connections [500], 130  ,200,500
134,242,LinkedIn Likes [500], 130  ,200,500
135,243,LinkedIn Endorsements [5K], 130  ,200,5000
136,244,LinkedIn Followers [10K], 40  ,100,10000
137,245,LinkedIn Employees [50], 13000  ,1,50
138,246,LinkedIn Comments (Start time 24 Hours) (Min = 5) (Max = 50), 600  ,5,50
139,247,LinkedIn Recommendation [50], 5000  ,2,50
140,256,LinkedIn Employees [R∞] [300] [USA] ⚡️⭐, 250  ,10,300
141,257,LinkedIn Shares [R∞] [300] [USA] ⚡️⭐, 48  ,50,300
142,258,LinkedIn Group Member Joins [R∞] [300] [USA] ⚡️⭐, 48  ,25,300
143,248,LinkedIn Company Page Followers [R∞] [300] [USA] ⚡️⭐, 10.40  ,25,300
144,249,LinkedIn Profile Followers [R∞] [300] [USA] ⚡️⭐, 11.70  ,25,300
145,250,LinkedIn Post Likes [R∞] [300] [USA] ⚡️⭐, 50  ,25,300
146,251,LinkedIn Celebrate [R∞] [300] [USA] ⚡️⭐, 48  ,25,300
147,252,LinkedIn Love [R∞] [300] [USA] ⚡️⭐, 48  ,25,300
148,253,LinkedIn Insightful [R∞] [300] [USA] ⚡️⭐, 48  ,25,300
149,254,LinkedIn Curious [R∞] [300] [USA] ⚡️⭐, 48  ,25,300
150,255,LinkedIn Recommendations [R∞] [300] [USA] ⚡️⭐, 200  ,5,300
151,259,Telegram Channel Members [50K] [1H - 25K/Day], 2.70  ,100,50000
152,260,Telegram Group Members [10K] [12H - 10K/Day], 7.20  ,100,10000
153,261,Telegram Group Members [50K] [12H - 5K/Day], 9.60  ,100,50000
154,262,Telegram Post Views [35K] [Last 1] [1H - 20K/Day], 1.30  ,100,35000
155,263,Telegram Post Views [35K] [Last 5] [1H - 35K/Day], 1.60  ,100,35000
156,264,Telegram Post Views [35K] [Last 10] [1H - 35K/Day], 2.90  ,100,35000
157,265,Telegram Post Views [35K] [Last 20] [1H - 35K/Day], 4.60  ,100,35000
158,266,Website Traffic [250K] [WW - Direct Visits] [12H - 50K/Day], 0.36  ,500,1000000
159,267,Website Traffic [1M] ⭐, 0.26  ,1000,1000000
160,268,Website Traffic from Yandex.ru [250K] [WW] [12H - 50K/Day], 0.44  ,500,250000
161,269,Website Traffic [10M] ⚡️?⭐, 0.96  ,100,1000000
162,270,Website Traffic from Wikipedia [250K] [WW] [12H - 50K/Day], 0.44  ,500,250000
163,271,Website Traffic From Facebook [250K] [WW] [12H - 50K/Day], 0.44  ,500,1000000
164,272,Website Traffic from LinkedIn [250K] [WW] [12H - 50K/Day], 0.44  ,500,250000
165,273,Website Traffic From Twitter [1M] [WW] [12H - 50K/Day], 0.44  ,500,1000000
166,274,Website Traffic from StumbleUpon [250K] [WW] [12H - 50K/Day], 0.44  ,500,250000
167,275,Website Traffic From Instagram [250K] [WW] [12H - 50K/Day], 0.44  ,500,1000000
168,276,Website Traffic from Amazon [1M] [WW] [12H - 50K/Day], 0.44  ,500,250000
169,277,Website Traffic From Youtube [10] [WW] [12H - 50K/Day], 0.44  ,500,1000000
170,278,Website Traffic From Google [1M] [WW] [12H - 50K/Day], 0.44  ,500,1000000
171,279,Website Traffic from Twitch.TV [250K] [WW] [12H - 50K/Day], 0.44  ,500,250000
172,280,Website Traffic From Reddit [250K] [WW] [12H - 50K/Day], 0.44  ,500,1000000
173,281,Website Traffic from Bing [250K] [WW] [12H - 50K/Day], 0.44  ,500,250000
174,282,Website Traffic From Tumblr [250K] [WW] [12H - 50K/Day], 0.44  ,500,1000000
175,283,Website Traffic from Ebay [250K] [WW] [12H - 50K/Day], 0.44  ,500,250000
176,284,Website Traffic from OK.ru [250K] [WW] [12H - 50K/Day], 0.44  ,500,250000
177,285,Website Traffic From Quora [250K] [WW] [12H - 50K/Day], 0.44  ,500,1000000
178,286,Website Traffic From Pinterest [250K] [WW] [12H - 50K/Day], 0.44  ,500,1000000
179,287,Website Traffic from IMGur [250K] [WW] [12H - 50K/Day], 0.44  ,500,250000
180,288,Website Traffic From Sina Weibo [250K] [WW] [12H - 50K/Day], 0.44  ,500,1000000
181,289,Website Traffic from BuySellAds.com [250K] [WW] [12H - 50K/Day], 0.44  ,500,250000
182,290,Website Traffic From Blogger.com [250K] [WW] [12H - 50K/Day], 0.44  ,500,1000000
183,291,Website Traffic from Craigslist [250K] [WW] [12H - 50K/Day], 0.44  ,500,250000
184,292,Website Traffic From VK.com [10M] [WW] ⚡️?, 1.20  ,100,1000000
185,293,Website Traffic From Linkedin [10M] [WW] ⚡️?, 1.20  ,100,1000000
186,294,Website Traffic From Yahoo [10M] [WW] ⚡️?, 1.20  ,100,1000000
187,295,Website Traffic From Amazon [10M] [WW] ⚡️?, 1.20  ,100,1000000
188,296,Website Traffic From Wikipedia [10M] [WW] ⚡️?, 1.20  ,100,1000000
189,297,Website Traffic From Live.com [10M] [WW] ⚡️?, 1.20  ,100,1000000
190,298,Website Traffic From Yandex.ru [10M] [WW] ⚡️?, 1.20  ,100,1000000
191,299,Website Traffic From Netflix [10M] [WW] ⚡️?, 1.20  ,100,1000000
192,300,Website Traffic From Twitch.TV [10M] [WW] ⚡️?, 1.20  ,100,1000000
193,301,Website Traffic From Bing [10M] [WW] ⚡️?, 1.20  ,100,1000000
194,302,Website Traffic From Ebay [10M] [WW] ⚡️?, 1.20  ,100,1000000
195,303,Website Traffic From OK.ru [10M] [WW] ⚡️?, 1.20  ,100,1000000
196,304,Website Traffic From MSN [10M] [WW] ⚡️?, 1.20  ,100,1000000
197,305,Website Traffic From IMGur [10M] [WW] ⚡️?, 1.20  ,100,1000000
198,306,Website Traffic From BuySellAds.com [10M] [WW] ⚡️?, 1.20  ,100,1000000
199,307,Website Traffic from Fiverr.com [1M] [WW] [12H - 50K/Day], 0.44  ,500,1000000
200,308,Website Traffic from Yelp [1M] [WW] [12H - 50K/Day], 0.44  ,500,1000000
201,309,Website Traffic [100K] [USA from Google] [1H - 2K/Day], 0.84  ,500,1000000
202,310,Website Traffic [50K] [GERMANY from Google] [12H - 10K/Day], 0.84  ,500,50000
203,311,Website Traffic [50K] [UK from Google] [1H - 2K/Day], 0.84  ,500,1000000
204,312,Website Traffic [20K] [FRANCE from Google] [12H - 10K/Day], 0.84  ,500,1000000
205,313,Website Traffic [100K] [India From Google] [1H - 2K/Day], 0.84  ,500,1000000
206,314,Website Traffic [50K] [CANADA from Google] [12H - 10K/Day], 0.84  ,500,1000000
207,315,Website Traffic [50K] [BRAZIL from Google] [1H - 2K/Day], 0.84  ,500,1000000
208,316,Website Traffic [50K] [INDONESIA from Google] [12H - 10K/Day], 0.84  ,500,50000
209,317,Website Traffic [50K] [RUSSIA from Google] [12H - 10K/Day], 0.84  ,500,1000000
210,318,Website Traffic [20K] [UKRAINE from Google] [12H - 10K/Day], 0.84  ,500,1000000
211,319,Website Traffic [50K] [MEXICO from Google] [12H - 10K/Day], 0.84  ,500,1000000
212,320,Website Traffic [20K] [VIETNAM from Google] [12H - 10K/Day], 0.84  ,500,1000000
213,321,Website Traffic [50K] [ITALY from Google] [12H - 10K/Day], 0.84  ,500,50000
214,322,Website Traffic [50K] [NETHERLANDS from Google] [12H - 10K/Day], 0.84  ,500,50000
215,323,Website Traffic [50K] [POLAND from Google] [12H - 10K/Day], 0.84  ,500,50000
216,324,Website Traffic [50K] [SPAIN from Google] [12H - 10K/Day], 0.84  ,500,50000
217,325,Website Traffic [50K] [TURKEY from Google] [12H - 10K/Day], 0.84  ,500,50000
218,326,Website Traffic [50K] [CHINA from Google] [12H - 10K/Day], 0.84  ,500,100000
219,327,Website Traffic [50K] [SINGAPORE from Google] [12H - 10K/Day], 0.84  ,500,50000
220,328,Website Traffic [50K] [TAIWAN from Google] [12H - 10K/Day], 0.84  ,500,50000
221,329,Website Traffic [50K] [THAILAND from Google] [12H - 10K/Day], 0.84  ,500,50000
222,330,Website Traffic [50K] [JAPAN from Google] [12H - 10K/Day], 0.84  ,500,50000
223,331,Website Traffic [50K] [PAKISTAN from Google] [12H - 10K/Day], 0.84  ,500,50000
224,332,Website Traffic [50K] [EGYPT from Google] [12H - 10K/Day], 0.84  ,500,50000
225,333,SoundCloud Fast Plays [10M] [S3]⚡️?⭐, 0.10  ,50000,10000000
226,334,SoundCloud Plays [10M] [S2]⚡️?⭐, 0.30  ,5000,10000000
227,335,SoundCloud Plays [1.5M] [S1] ⚡️?⭐, 0.30  ,100,1500000
228,336,SoundCloud USA Plays [1M] [S4] ⚡️?⭐, 0.12  ,10000,10000000
229,337,SoundCloud Plays [10M] [1H - 100K/Day], 0.16  ,20,10000000
230,338,SoundCloud Downloads [1.5M] ⚡️?⭐, 0.20  ,1000,10000000
231,339,SoundCloud Downloads [1.5M] ⚡️?⭐, 0.30  ,100,1500000
232,340,Soundcloud USA Likes [50K] [R30] ⚡️?⭐, 2  ,100,50000
233,341,SoundCloud Likes [1M] [1H - 10K/Day], 2.60  ,20,1000000
234,342,SoundCloud Likes [50K] [1H - 5K/Day], 3  ,50,50000
235,343,SoundCloud USA Followers [50K] [R30] ⚡️?⭐, 2  ,100,50000
236,344,SoundCloud Followers [50K] [R60] [1H - 5K/Day], 3.20  ,100,50000
237,345,SoundCloud Followers [1M] [1H - 10K/Day], 2.80  ,20,1000000
238,346,SoundCloud USA Reposts [50K] ⚡️?⭐, 2  ,100,50000
239,347,SoundCloud Reposts [10K] [1H - 5K/Day], 6  ,20,10000
240,348,SoundCloud Reposts [5K] ⚡️⭐, 12  ,20,5000
241,349,SoundCloud Reposts [10M] [1H - 10K/Day], 22  ,20,1000000
242,350,SoundCloud Track Random Comments [HQ] [10K] ⚡️, 7.20  ,20,10000
243,351,SoundCloud Comments [10M] [1H - 10K/Day], 18  ,20,1000000
244,352,Spotify Track Plays [WW] [10M] [R∞] ⭐, 1.56  ,1000,10000000
245,353,Spotify Track Plays [1M] [6H - 50K/Day], 1.60  ,50000,1000000
246,354,Spotify USA Plays [10M] [R∞] ⭐, 1.60  ,1000,10000000
247,355,Spotify USA Plays [100M] [6H - 10K/Day], 1.80  ,50000,2147483647
248,356,Spotify Album Plays [USA] [10M] [R∞] ⭐, 1.70  ,10000,10000000
249,357,Spotify Playlist Plays [USA] [10M] [R∞] ⭐, 1.70  ,20000,10000000
250,358,Spotify Playlist Plays [1M] [6H - 10K/Day], 2.40  ,1000,1000000
251,359,Spotify Plays [300K] [R60] ⭐, 2.40  ,5000,300000
252,360,Spotify Custom Playlist Plays [1M] [R60] ⭐, 2.40  ,5000,1000000
253,361,Spotify Followers [1M] [6H - 5K/Day], 3  ,1000,1000000
254,362,Spotify Followers [USA] [1M] [R∞] ⭐, 3.50  ,1000,1000000
255,363,Spotify USA Followers [PLAYLIST] [1M] [R∞] ⭐, 3.50  ,1000,1000000
256,364,Spotify Premium Plays [USA] [1M] [R∞] ⭐, 3.60  ,10000,1000000
257,365,Spotify Premium Playlist/Album Plays [USA] [10M] [R∞] ⭐, 3.60  ,10000,10000000
258,366,Spotify Saves [For Track/Album] [USA] [1M] [R∞] ⭐, 14.30  ,100,1000000
259,367,Spotify Premium Saves [1M] [USA] [R∞] ⭐, 50  ,500,1000000
260,368,Spotify Plays [USA][50K Min] [10M] [R∞] ⭐, 1.56  ,50000,10000000
261,369,Spotify Followers [1M] [6H - 10K/Day], 5  ,20,1000000
262,370,Spotify Followers [PLAYLIST] [1M] [6H - 100K/Day], 5  ,1000,1000000
263,372,Spotify Followers [PLAYLIST] [1M] [R60] ⚡️, 7.20  ,500,1000000
264,373,Spotify Plays [10M] [R∞] ⭐, 1.50  ,1000,10000000
265,374,Spotify USA Followers [100K] [6H - 5K/Day], 3  ,1000,100000
266,375,Spotify FRANCE Followers [100K] [6H - 5K/Day], 6.40  ,100,100000
267,376,Spotify FRANCE Followers [PLAYLIST] [100K] [6H - 5K/Day], 6.40  ,100,5000
268,377,Spotify USA Plays [1M] [1H - 100K/Day], 2  ,100,1000000
269,378,Spotify UK Plays [1M] [6H - 10K/Day], 6.40  ,100,1000000
270,379,Spotify German Plays [1M] [6H - 10K/Day], 6.40  ,20,1000000
271,380,Spotify CANADA Plays [1M] [6H - 10K/Day], 6.40  ,100,1000000
272,381,Spotify FRANCE Plays [1M] [6H - 10K/Day], 6.40  ,100,1000000
273,382,Spotify NETHERLANDS Plays [1M] [6H - 10K/Day], 6.40  ,100,1000000
274,383,Spotify USA Playlist Plays [1M] [6H - 10K/Day], 2.60  ,1000,1000000
275,384,Spotify UK Playlist Plays [1M] [6H - 10K/Day], 6.40  ,1000,1000000
276,385,Spotify German Playlist Plays [1M] [6H - 10K/Day], 6.40  ,1000,1000000
277,386,Spotify CANADA Playlist Plays [1M] [6H - 10K/Day], 6.40  ,1000,1000000
278,387,Spotify FRANCE Playlist Plays [1M] [6H - 10K/Day], 6.40  ,1000,1000000
279,388,Spotify NETHERLANDS Playlist Plays [1M] [6H - 10K/Day], 6.40  ,1000,1000000
280,389,Spotify USA Monthly Listeners [1M], 2  ,20,1000000
281,390,Spotify UK Monthly Listeners [1M], 6.40  ,20,1000000
282,391,Spotify GERMAN Monthly Listeners [1M], 6.40  ,20,1000000
283,392,Spotify CANADA Monthly Listeners [1M], 6.40  ,20,1000000
284,393,Spotify FRANCE Monthly Listeners [1M], 6.40  ,20,1000000
285,394,Spotify NETHERLANDS Monthly Listeners [1M], 6.40  ,20,1000000
286,395,Pinterest Followers [500K] [6H - 5K/Day], 4  ,50,500000
287,396,Pinterest Followers [BOARD] [500K] [6H - 5K/Day], 4  ,50,50000
288,397,Pinterest Pin Likes [500K] [6H - 5K/Day], 4.30  ,50,50000
289,398,Pinterest Followers [10M] [1H - 10K/Day], 5  ,20,10000000
290,399,Pinterest Followers [BOARD] [10M] [1H - 10K/Day], 5  ,20,10000000
291,400,Pinterest RePins [10M] [1H - 10K/Day], 5  ,20,10000000
292,401,Shazam USA Plays [500K] [MIN = 5K] ⚡️?, 2.40  ,5000,500000
293,402,Shazam Plays [500K] [MIN = 5K] ⚡️?, 2.60  ,5000,500000
294,403,Shazam Followers [100K] ⚡️?, 10  ,1000,100000
295,404,Shazam USA Followers [50K] ⚡️?, 12  ,1000,50000
296,405,Google Followers [7K] ⚡️?, 13  ,100,7000
297,406,Google Website +1 [5K] ⚡️?, 19.20  ,50,5000
298,407,Google Post +1 [2K] ⚡️?, 13  ,20,2000
299,408,Google Reshares [2K] ⚡️?, 13  ,20,2000
300,409,Google Business Review USA [5 Stars] [30] [48H - 4/Day], 4400  ,1,30
301,410,Google Business Review USA [1 - 5 Stars + Text Review] [100] [48H - 4/Day], 8000  ,1,100
302,411,Google Business Review GERMANY [1 - 5 Stars + Text Review] [100] [48H - 4/Day], 8000  ,1,100
303,412,Google Business Review UK [1 - 5 Stars + Text Review] [100] [48H - 4/Day], 8000  ,1,100
304,413,Google Business Review USA FEMALE [1 - 5 Stars + Text Review] [50] [48H - 4/Day], 8000  ,1,50
305,414,Google Business Review [5⭐] [1K] ⚡️?, 11000  ,1,1000
306,415,Google Business Review [5⭐ + Comments] [1K] ⚡️?, 12000  ,1,1000
307,416,Google Business Review USA [5⭐ + Custom Comments] [300] ⚡️?, 9600  ,4,300
308,417,Google Business Review [INDIA] [5⭐ + Custom Comments] [100] ⚡️?, 12000  ,4,100
309,418,Google Business Review [BRAZIL] [5⭐ + Custom Comments] [100] ⚡️?, 12000  ,4,100
310,419,Google Business Review [RUSSIA] [5⭐ + Custom Comments] [100] ⚡️?, 12000  ,4,100
311,420,Google Business Review [JAPAN] [5⭐ + Custom Comments] [100] ⚡️?, 12000  ,4,100
312,421,Google Business Review [USA - FEMALE] [5⭐ + Custom Comments] [100] ⚡️?, 12000  ,4,100
313,422,Google Business Review USA [5 Stars] [1.5K] [R30] [1H - 50/Day], 7500  ,5,1500
314,423,Google Business Review USA [5 Stars + Text Review] [1.5K] [R30] [1H - 50/Day], 10000  ,5,1500
315,429,Dailymotion Views [100M] [1H - 100K/Day], 2  ,1000,100000000
316,430,Tumblr Followers [R30] [5K] [12H - 1K/Day] ♻, 5.50  ,100,5000
317,431,Tumblr Likes [R30] [2K] ⚡️?, 6  ,100,2000
318,432,Tumblr Reblogs [R30] [2K] ⚡️?, 6  ,100,2000
319,433,Tumblr Followers [20K] [1H - 10K/Day], 14  ,20,20000
320,434,Tumblr Likes [20K] [1H - 10K/Day], 14  ,20,20000
321,435,Tumblr Reblogs [20K] [1H - 10K/Day], 60  ,20,20000
322,572,Tiktok - Views S2 [ 20k-50k/day ] [ Superfast ] INSTANT-1HRS, 0.03  ,5000,1000000000
323,573,Tiktok - Views S1 [ 30k-50k/day ] [ Superfast ] INSTANT-2HRS, 0.07  ,100,100000000
324,574,Tiktok - Random Comment [ Fastest [ Max - 1k ] INSTANT-1hrs, 135  ,10,1000
325,575,Tiktok - Likes S3 [ 10k-20k/day ] [ Max - 100k ] SUPER INSTANT, 7.875  ,100,100000
326,576,Tiktok - Likes S2 [ 5K-10K/day ] [ Max - 20k ] INSTANT-1HRS, 10.6875  ,50,20000
327,577,Tiktok - Likes S1 [ 100-2k/day ] [ Max - 10k ] INSTANT-2HRS, 18  ,20,10000
328,578,Tiktok - Shares [ Max - 100k ] [ Fastest ] INSTANT-1HRS, 0.45  ,200,100000
329,437,Twitch Followers [30K] [LQ], 2.50  ,20,30000
330,438,Twitch Followers [4.5K] [HQ], 2.34  ,50,5000
331,439,Twitch Followers [50K] [HQ] ?, 4.40  ,500,50000
332,440,Twitch Followers [1K] [LQ] ?, 6  ,100,1000
333,441,Twitch Followers [50K] [HQ] ?, 9.40  ,50,50000
334,442,Twitch Followers [20K] [HQ] [R∞] ♻ ?, 18  ,50,20000
335,443,Twitch Followers [50K] [HQ] [R30] ♻ ?, 13  ,50,50000
336,444,Twitch Followers [50K] [HQ]⚡️?♻⭐, 40  ,50,50000
337,445,Twitch Followers [20K] [REAL]⚡️?♻⭐, 95  ,50,20000
338,446,Twitch Channel Views [20 000] [PACKAGE] ⭐⭐, 16  ,1,1
339,447,Twitch Channel Views [500 000] [PACKAGE] ⭐⭐, 80  ,1,1
340,448,Twitch Channel Views [100K] [HQ]⚡️♻?⭐, 4  ,100,100000
341,449,Twitch Channel Views [20K] [HQ]⚡️♻?⭐, 10  ,1000,20000
342,450,Twitch Channel Views [10K] [REAL]⚡️♻?⭐, 13  ,1000,10000
343,451,Twitch Prime Subscribers [1K] [1.5$ Each], 2500  ,10,1000
344,452,Twitch TIN [Tax Information], 50  ,1,1
345,453,Twitch Live Views [250] [HQ] ⚡️⭐, 300  ,10,250
346,454,Twitch Channel Views [200K] [HQ]⚡️?⭐, 1.30  ,100,200000
347,455,Periscope Followers [1M] [24H - 5K/Day], 5.60  ,1000,1000000
348,456,Periscope Likes [500K] [24H - 500K/Day], 0.90  ,1000,500000
349,457,Periscope Likes [1M] [24H - 500K/Day], 0.20  ,500000,10000000
350,458,Anghami Plays [1M] ⚡️?, 2.70  ,1000,1000000
351,459,Anghami Likes [300K] ⚡️?, 20  ,1000,300000
352,460,Anghami Followers [300K] ⚡️?, 70  ,1000,300000
353,461,Datpiff Plays [500K] ⚡️?, 1.20  ,5000,500000
354,462,Datpiff Profile Views [500K] ⚡️?, 1.20  ,2500,500000
355,463,Vimeo Video Views [1M] ⚡️?, 1.20  ,5000,1000000
356,464,Reverbenation Plays [50K] ⚡️?, 1.20  ,5000,50000
357,465,Reverbenation Video Views [50K] ⚡️?, 1.20  ,5000,50000
358,466,Reverbnation Song Saves [1M], 90  ,100,1000000
359,467,Reverbnation Fans [1M], 80  ,100,1000000
360,468,MixCloud Plays [500K] ⚡️?, 1.20  ,5000,500000
361,469,Mixcloud Plays [50K], 4  ,1000,50000
362,470,Mixcloud Likes/Favorite [10K], 26  ,100,10000
363,471,Mixcloud Reposts [1K], 50  ,100,1000
364,472,Podcast Downloads [All Episodes] [WW] [10M], 5.70  ,5000,10000000
365,473,Podcast Downloads [Latest 5 Episodes] [WW], 9.40  ,1000,5000000
366,474,Podcast Downloads [All Episodes] [USA], 11.40  ,1000,5000000
367,475,Podcast Downloads [All Episodes] [UK], 13.90  ,1000,3000000
368,476,Podcast Downloads [USA UK MIX] [Latest 5 Episodes], 12.50  ,1000,8000000
369,477,Podcast Downloads [USA] [Latest 1 Episode], 64  ,50,1000000
370,478,Podcast Streams [All Episodes] [WW], 9.40  ,1000,1000000
371,479,Podcast Streams [All Episodes] [USA/UK MIX], 11.50  ,100,1000000
372,480,Podcast Streams [Latest 5 Episodes] [USA/UK MIX], 19  ,100,500000
373,481,Podcast Subscribers [WW], 52  ,100,1000000
374,482,Podcast Subscribers [USA], 65  ,50,500000
375,483,Podcast Subscribers [UK], 80  ,50,500000
376,484,Podcast Rating Only [4/5 Star Rating] [USA/UK MIX], 390  ,100,1000000
377,485,Podcast Rating & Reviews [4/5 Star Rating & Reviews] [WW], 700  ,50,1000000
378,486,Podcast Rating & Reviews [4/5 Star Rating & Reviews] [USA/UK MIX], 800  ,50,1000000
379,487,Podcast Rating & Reviews [4/5 Star Rating & Reviews] [USA], 830  ,50,500000
380,488,Podcast Rating & Reviews [4/5 Star Rating & Reviews] [UK], 830  ,50,500000
381,489,Podcast Custom Rating & Reviews [4/5 Star Reviews] [Any Country], 910  ,100,100000
382,490,Podcast Top 1-20 Ranking [USA], 470  ,1,1
383,491,Podcast Top 1-20 Ranking [UK], 360  ,1,1
384,492,Podcast Top 50-100 Ranking [USA], 260  ,1,1
385,493,Podcast Top 50-100 Ranking [UK], 180  ,1,1
