,ID,Service,Rateper1000,Minorder,Maxorder,AverageTime,Description
0,1871,‚ôõ Cheapest YouTube Watchtime Real Watchtime 30 Day Guarantee., $4.8  ,500,5000000,10.51 hours,Read Carefully. No. 1] How To Enter Quantity ‚û°Ô∏èFor 1 K Hour Watchtime Enter 2500 in quantity ‚û°Ô∏èFor 2K Hour Enter 5000 For 3K Enter 7500 For 4K hour Enter 10000 In quantity. No .2] You Need Min 1.3 Hour Video Max 2.5 Hour Video. No. 3] 30 Day Refill Guarantee [ But This Is lessdrop or nondrop]
1,1808,‚ôõ Real YT WatchTime [Min 1K Or Max 10K HOUR] 99% Monetizable, $10 ,1000,10000,8.54 hours,No .1] You Need Min 1.3 Hour Video Max 2.5 Hour Video. No. 2] 30 Day Refill Guarantee [ But This Is lessdrop or nondrop] No. 3] Complete Time : 2-4 DAY FOR 4k hour Watchtime. Tips: Don't take 4k Hour Watch time On 1 video for best result and monetization. Take 2k hour on 1 video and next 2k hour another video. We Not Take Guarantee Less Then 2 hour or more than 3 hour video. video should be only between 2-3 Hour.
2,1760,‚ôõ Royale Pass Pack (Season 12)- 170UC FREE , $13 ,1000,1000,11.07 hours,Enter Only Character Id In Link Option. Order will Be complete In 6-12 Hour. Go to profile in pubg mobile and copy your pubg character Id . Ex: 5630036882 You will Receive Total 770UC. 
3,1761,‚ôõ Buy Pubg UC - 8UC, $0.21 ,1000,1000,22.64 hours,Enter Only Character Id In Link Option. Order will Be complete In 6-12 Hour. In quantity Option enter 1000 quantity. Go to profile in pubg mobile and copy your pubg character Id . Ex: 5630036882 You will Receive Total 8 UC. 
4,1762,‚ôõ Buy Pubg UC - 35UC , $0.79 ,1000,1000,10.30 hours,Enter Only Character Id In Link Option. Order will Be complete In 6-12 Hour. In quantity Option enter 1000 quantity. Go to profile in pubg mobile and copy your pubg character Id . Ex: 5630036882 You will Receive Total 35 UC. 
5,1763,‚ôõ Buy Pubg UC - 75UC, $1.42 ,1000,1000,10.40 hours,Enter Only Character Id In Link Option. Order will Be complete In 6-12 Hour. In quantity Option enter 1000 quantity. Go to profile in pubg mobile and copy your pubg character Id . Ex: 5630036882 You will Receive Total 75 UC. 
6,1764,‚ôõ Buy Pubg UC - 220UC, $4 ,1000,1000,6.22 hours,Enter Only Character Id In Link Option. Order will Be complete In 6-12 Hour. In quantity Option enter 1000 quantity. Go to profile in pubg mobile and copy your pubg character Id . Ex: 5630036882 You will Receive Total 220 UC. 
7,1765,‚ôõ Buy Pubg UC - 770UC, $14 ,1000,1000,11.69 hours,Enter Only Character Id In Link Option. Order will Be complete In 6-12 Hour. In quantity Option enter 1000 quantity. Go to profile in pubg mobile and copy your pubg character Id . Ex: 5630036882 You will Receive Total 770 UC. 
8,1766,‚ôõ Buy Pubg UC - 2010 UC , $35 ,1000,1000,6.19 hours,Enter Only Character Id In Link Option. Order will Be complete In 6-12 Hour. In quantity Option enter 1000 quantity. Go to profile in pubg mobile and copy your pubg character Id . Ex: 5630036882 You will Receive Total 2010 UC. 
9,1767,‚ôõ Buy Pubg UC - 4200 UC , $65 ,1000,1000,NOT ENOUGH DATA,Enter Only Character Id In Link Option. Order will Be complete In 6-12 Hour. In quantity Option enter 1000 quantity. Go to profile in pubg mobile and copy your pubg character Id . Ex: 5630036882 You will Receive Total 4200 UC. 
10,1768,‚ôõ Buy Pubg UC - 8750 UC , $120 ,1000,1000,NOT ENOUGH DATA,Enter Only Character Id In Link Option. Order will Be complete In 6-12 Hour. In quantity Option enter 1000 quantity. Go to profile in pubg mobile and copy your pubg character Id . Ex: 5630036882 You will Receive Total 8750 UC. 
11,1447,‚ôõFacebook Video Views [ Speed 5k / Day] [ Min 100 ] INSTANT , $0.1 ,100,100000,10.42 hours,
12,1431,‚ôõInstagram Views + Impressions [RANDOM] - [ PROFILE VISITS ], $0.1 ,500,1000000000,0.70 hours,
13,1433,‚ôõInstagram Saves [ Min 100 : Max 50K ] ( Instant ), $0.03 ,1000,50000,0.81 hours,0-1 Hour Start ! Put Photo Link 15K/Day 
14,1445,‚ôõFacebook Page Likes [HQ] {No Refill] - INSTANT Start (4k+/day Speed ), $8 ,50,10000000,6.40 hours,1 Million Per hour Fastest 
15,1298,‚ôõNEW - Facebook Video view Superfast 1M ‚ö°Ô∏è‚ö°Ô∏è, $0.13 ,250,1000000,15.49 hours,Enter Desktop Link
16,1087,‚ôõ Facebook Video Views (10K-20K) Instant Start, $0.13 ,100,1000000,24.00 hours,Facebook Video Views (10K-20K) Instant Start 
17,1297,‚ôõFcebook video view 500k ‚ö°Ô∏è‚ö°Ô∏è, $0.12 ,100,500000,5.29 hours,
18,1189,‚ôõ Instagram Saves (15K) (Fast) üî•, $0.15 ,200,15000,1.47 hours,Minimum 200 Maximum 15000 Put Photo / Video Link INSTANT START
19,1190,‚ôõ IG Promotional Save [50K] ‚ö°Ô∏è‚ö°Ô∏èüî•, $0.16 ,100,50000,6.36 hours,INSTANT START FASTEST SERVICE Max 50k Min 100
20,1254,‚ôõInstagram Views + Impressions [ MAX- 1M ] [ FAST ] INSTANT, $0.18 ,500,1000000,0.37 hours,ULTRFAST MIN 100
21,1255,‚ôõInstagram Views + Impressions [ MAX- 1M ] [ Natural Increase ] INSTANT, $0.144 ,500,1000000,0.19 hours,Instant Min 100 Natural Views + Impressions (EXPLORE - HOME - LOCATION - PROFILE - OTHER)
22,1256,‚ôõInstagram Views + Impressions [ MAX- 1M ] [ TRENDING HITS ] INSTANT, $0.32366 ,500,1000000,0.35 hours,Impressions of the views will spread to Insights as follows to make it look natural: -100% of the order amount as Impressions -20% of the order amount send as Profile Visits -60% of the order amount as Discover -25% of the order amount as Profile -10% of order amount as Home -10% of order amount as Other This combination of Impressions will help your post to appear on Discover and gain lots of real followers. Don't forget the higher the number of impressions you send the higher chance you have to appear on Discover. We suggest ordering at least 50K to get a good result.
23,1450,‚ôõƒ∞nstagram Story Views Max 100K [ 0.70 Paise only], $0.08 ,300,100000,0.53 hours,Username Only ALL POSTS 0-1 Hour Start ! 10K/Day ‚ù§ Min 500 
24,1866,‚ôõ YouTube View Cheapest 30K/Day , $1.1 ,1000,100000,9.68 hours,Lifetime Guarantee 40 Sec Retention
25,1867,‚ôõ YouTube View 50K/Day Lifetime Guarantee, $1.25 ,1000,5000000,14.49 hours,Best and cheapest In Market. Lifetime Guarantee Best retention. 
26,1840,‚ôõ YT HQ VIEW NONDROP [ 15K /Day ], $1.15 ,1000,100000,9.89 hours,Speed 10K/Day Retention 30sec- 1Minute Refill Button Activate.
27,1842,‚ôõYoutube - Views S2 [ 20k-100k/day ] [ Non Drop ] [ Life Time Guaranteed ] INSTANT, $1.5 ,1000,5000000,9.11 hours,Instant Start 10k Per Day Min 20k Lifetime Guarantee Retention : 20 to 40 Second Refill with refill button
28,1843,‚ôõ Youtube - Views S3 [ 100k-300k/day ] [ Best Service  Non Drop ] [ Life Time Guaranteed ] INSTANT, $1.52 ,1000,10000000,9.13 hours,INSTANT START Non Drop Best Service 100k-300k/day speed. Life Time Guaranteed Retention 1mins-4mins ‚úîÔ∏èEnter only 100 200 2000 3000 quantity ‚úñÔ∏èNot accept like this 155 389 856 2650.
29,1844,‚ôõ Cheapest YouTube View Best Seller [20-30K/Day] Lifetime Guarantee, $1.4 ,1000,464466533,11.71 hours,
30,848,‚ôõYoutube - ADS Views [ Non Drop ] ] [ Speed - 100k-300k ] [ Life Time Guaranteed ] [ Start 12-72hrs ], $1.2 ,100000,10000000,1.65 hours,Start time: 12-72hrs maximum. Minimum 50 000 ADS Views 100% Nondrop! Video Must be under 5mins Why start time 1-24hrs? Because it takes time 24hrs maximum to approved from ADS.
31,892,‚ôõYoutube - ADS Views [ Non Drop ] ] [ Speed - 500k-1m/day ] [ Life Time Guaranteed ] [ Start 12-72hrs ], $1.4 ,50000,10000000,5.43 hours,Start time: 12-72hrs Minimum 10 000 ADS Views 100% No drop! No restriction for the time limit of video Why start time 1-24hrs? Because it takes time 24hrs maximum to approved from ADS.
32,893,‚ôõYoutube - INDIAN ADS Views [ Non Drop ] ] [ Speed - 100k-300k/day ] [ Life Time Guaranteed ] [ Start 12-72hrs ], $1.5 ,50000,100000000,2.25 hours,Start time: 12-72hrs Minimum 10 000 ADS Views 100% No drop! Video must be under 5mins Why start time 1-24hrs? Because it takes time 24hrs maximum to approved from ADS.
33,1398,‚ôõYoutube Adwords Views ( 100k/Day ) (Indian Targeted Majority) - Non Drop - Lifetime Guarantee, $1.65 ,50000,1000000000,0.61 hours,Start 0-24 hours for approval Speed 100k/Day Majority Indian Views NON DROP - Lifetime guarantee
34,532,‚ôõYoutube Subs - Max 1.5k - 30 Days Refill [ 30-50/day], $12.1 ,110,1500,509.16 hours,-Instant Start -USA Subscribers -Min: 5 - Max: 1.500 (You can add new order after your order complete. Actual maximum is 80.000) -Orders can‚Äôt cancel after start. - Please make sure the channel's subscribers count is public. (Anyway we can send subscribers to private channels. But it could be less. But we can't refill because we can't set start count for private channels.) -Daily speed 30-50 /day . Your channel will receive minimum 30-50 subscribers each day. Non stop and natural pattern. -30 days refill guarantee
35,1676,‚ôõ [RECOMMENDED] Youtube Subscriber [ Max 80K]- 50 days Guarantee, $16 ,5,1500,676.67 hours,-Min: 5 - Max: 1.500 (You can add new order after your order complete. Actual maximum is 80.000) -Orders can‚Äôt cancel after start. - Please make sure the channel's subscribers count is public. -Daily speed 30-50 /day . Your channel will receive minimum 50 subscribers each day. Non stop and natural pattern. -30 days refill guarantee
36,1620,‚ôõ Youtube Likes [LESS DROP] [10-20k /Day], $20 ,50,100000,265.38 hours,Less Drop Likes Lifetime Guaranteed
37,1331,‚ôõYoutube - Like [ Max - 80k ] [ Life Time Guaranteed 30 Day Refill] INSTANT, $15 ,5,1500,646.86 hours,-Instant Start -Likes from USA accounts. -Min: 5 - Max: 1.500 (You can add new order after your order complete. Actual maximum is 80.000) -Daily speed 50-200 /day . Your video will receive minimum 50 likes each day. Non stop and natural pattern. -30 days refill guarantee Specifications; This service is good for Youtube SEO. Because the accounts are going to Youtube video and they click to like button same like human. And there are so many thing from our side that we do.
38,1494,‚ôõYoutube Video Custom Comments Min 5 Max 1500 - Instant Start, $12 ,15,1500,38.54 hours,Youtube Video Global Comment 0-10 minute start Min: 5 / Max: 1500 No refill
39,1677,‚ôõ Youtube Subscriber [ Max 80K]- 30 days Guarantee, $19 ,5,1500,666.67 hours,-Min: 5 - Max: 1.500 (You can add new order after your order complete. Actual maximum is 80.000) -Orders can‚Äôt cancel after start. - Please make sure the channel's subscribers count is public. -Daily speed 30-50 /day . Your channel will receive minimum 50 subscribers each day. Non stop and natural pattern. -30 days refill guarantee
40,1803,‚ôõ Tiktok Views 10Million/Day Cheapest And Fastest [Real View], $0.01 ,1000,1000000,0.05 hours,No Refill Enter quantity only Ex: 100 200 300 500 1000 500000 Not enter this type Ex: 102 203 628 6386 901.
41,1879,‚ôõ TikTok View Superfast Real Only [0.50 Paise], $0.005 ,500,10000000,0.04 hours,Super instant view
42,1728,‚ôõ Tik Tok - Followers [ Enter profile URL]- Instant start ( Min 10 and 30k ), $5.5 ,25,30000,39.64 hours,- Speed 5000 per day - Avatars Followers and Likes - 30 days warranty - minimum 10 - maximum 10000 - instant start to 5 minute start Time ( Put Full Url For Example https://www.tiktok.com/@username )
43,1729,‚ôõ Tik Tok - LIKES (Hearts) - Instant start ( Min 10 and 30k ), $6.1 ,20,10000,23.37 hours,- Speed 5000 per day - Avatars Followers and Likes - 30 days warranty - minimum 10 - maximum 10000 - instant start to 5 minute start Time ( Put Full Url For Example https://www.tiktok.com/vjajanop )
44,1752,‚ôõ TIK TOK FOLLOWERS - [ Enter Profile URL] MIN 10 - MAX 15K - 30 days refill - Full URL, $6.2 ,20,20000,25.04 hours,Enter Full Profile Link With Username. Cheapest And Best Quality 40 Day Guaranteed Like MIN:50 Max:13K
45,1846,‚ôõ Cheap TIKTOK Like No Refill , $1.25 ,100,10000,20.40 hours,No Refill - No Refund Speed 2-3K/Day Cheapest in market.
46,1880,‚ôõ Cheapest TikTok Like Max 5K Slow Service‚ù§Ô∏è, $1 ,100,5000,44.58 hours,No refill Slow
47,1882,‚ôõ TikTok Like Max 10K [ Speed 1K/Day ], $1.05 ,100,10000,14.55 hours,‚úÖSpeed : 1K-2K /Day ‚ùå No Refill
48,1884,‚ôõ Cheapest TikTok Follower Max 5K [ Speed 1K/Day], $3.3 ,70,5000,11.20 hours,30 Day Refill Guarantee
49,1886,‚ôõ TikTok Follower 40 Day Guarantee Max 100K, $3.7 ,100,100000,16.54 hours,‚úÖRefill : 40Day ‚ö°Instant Start 
50,1903,‚ôõ Instagram Followers 18 Rs [Max 20k - No Refill ] [ 0.25$/K - ( 2-5k/Hour) ( S1 )‚ö°‚ö°, $0.25 ,10,20000,57.41 hours,No Refill | No Refund Anytime Drop 
51,1779,‚ôõ IG Follower [Max 10K] No Refill No Refund Anytime Drop üåª‚ö°, $0.78 ,100,10000,2.55 hours,Use at your Own Risk This follower can be drop any time. No Support. Max 10k
52,1797,‚ôõ New Instagram Followers Max 10K No Refill No refund, $0.65 ,50,10000,2.13 hours,No Refill No Refund Cheapest In Market Anytime drop.
53,1822,‚ôõ IG Followers Any Time Drop Cheapest Max 5k, $0.4 ,100,5000,0.56 hours,No guarantee 
54,1823,‚ôõ Instagram Followers [ Min 10  Max 5K] [ No Refill - 1-2k/Day], $0.55 ,50,5000,1.99 hours,No Cancellation Before 24 hours Speed 1-3K/Day Start 0-1 hour Sometimes start after 1-6 hours Note: Any time it can be drop even after 1 hrs or few hrs or 1 days. so order at your own risk. We will not accept any complaint
55,1824,‚ôõInstagram Followers [Max 10k][NO Refill]‚≠êÔ∏è, $0.6 ,100,10000,3.59 hours,No Cancellation Before 24 hours Speed 1-3K/Day Start 0-1 hour Sometimes start after 1-6 hours Note: Any time it can be drop even after 1 hrs or few hrs or 1 days. so order at your own risk. We will not accept any complaint
56,1825,‚ôõInstagram Followers [Max 10K] [NR]‚≠êÔ∏è, $0.65 ,50,10000,1.37 hours,Min 50 Max 10000 Speed 10k/Day No Partial No Refill High drop Note: Any time it can be drop even after 1 hrs or few hrs or 1 days. so order at your own risk. We will not accept any complaint
57,1826,‚ôõInstagram Followers 100K [No Partial] [Recommend For High Speed], $0.75 ,50,10000,2.32 hours,Speed 100k/Day No Partial No Refill High Quality Followers
58,1827,‚ôõ Instagram Real+Bot Followers | Max 3K | Instant Start, $0.84 ,100,3000,1.29 hours,No Refill 0-1 Hours start Min 100 and Max 3K Speed 5k Per day
59,1828,‚ôõ Instagram Bot Followers | Max 15K | 60 Mƒ∞N - 2 H | üî•NO REFƒ∞L, $0.75 ,100,15000,0.80 hours,No Refill 0-1 Hours start Min 100 and Max 15k Speed 4- 5k Per day
60,1904,‚ôõ Instagram Followers Cheap and No Refill, $0.35 ,20,10000,1.03 hours,No Refill | No Refund Anytime Drop Bot Followers
61,1830,‚ôõInstagram Followers [Max 30k][REFILL 30DAY ]‚≠êÔ∏è, $3 ,100,10000,4.15 hours,üîã Refill Conditions ‚ôªÔ∏è 30 days auto-refills ‚ôªÔ∏è Check for drop every 30 minutes ‚ôªÔ∏è Max refill is 100k followers ‚ôªÔ∏è Speed is 2-4k followers per Day 
62,1832,‚ôõInstagram Followers [Max 20k][AUTO REFILL 15DAY ]‚≠êÔ∏è, $3.1 ,100,20000,6.56 hours,üîã Refill Conditions ‚ôªÔ∏è 30 days auto-refills ‚ôªÔ∏è Check for drop every 30 minutes ‚ôªÔ∏è Max refill is 100k followers ‚ôªÔ∏è Speed is 2-4k followers per Day ‚ùå After 15 days 90-100% drop
63,1894,‚ôõ Instagram Follower Refill 30 Day 10K,  $2.25 ,100,10000,NOT ENOUGH DATA,‚úÖ30 Day Guarantee ‚úÖRefill Button Enable ‚úÖCheapest In Market
64,1895,‚ôõ Instagram Follower Refill 30 Day Max 25K [ Speed 2K/Day, $2.4 ,100,25000,32.23 hours,‚úÖ30 Day Guarantee ‚úÖRefill Button Enable ‚úÖCheapest In Market ‚úÖSpeed Slow[ 1K-2K/Day ‚úÖMin : 100 - Max: 25000
65,1896,‚ôõ Instagram Follower Refill 25% Dropping [ No Refill, $1.9 ,100,25000,4.22 hours,‚úÖ Gurantee: No Gurantee No Refund But We Found 25% Dropping ‚úÖRefill Button Enable ‚úÖCheapest In Market ‚úÖSpeed Slow[ 1K-2K/Day ‚úÖMin : 100 - Max: 25000
66,1897,‚ôõ Instagram Followers - ( S3 ) [ Real and Active ] [R30] [ Max - 70k ] INSTANT, $7.3  ,10,20000,8.79 hours,Username/Full link Real & Active Followers 10 000 - 20 000 per day 20 Days Auto Refill Refill Button also enabled in order history Min 20 Maximum order 20 000 150 000-200 000 Maximum per link
67,1898,‚ôõ Real Instagram Follower [S1] 30D Refill But Pure Follower, $6.2 ,50,10000,7.12 hours,Real Quality Followers Speed 10K/Day Refill Button Enable 
68,1899,‚ôõ Big Reseller Instagram Followers 300K [ 30Day Refill], $5.7 ,100,300000,NOT ENOUGH DATA,Instant-6 Hour Start Time 30 Day Button [ Also manually] Real Instagram Followers Best Deal For Big Account
69,1900,‚ôõ Instagram Follower 15 Day Auto Refill [ 30D R] , $4  ,100,20000,0.48 hours,‚úÖ 20 Day Auto Refill ‚ö°Instant- 6 Hour Start Time ‚úÖReal Followers ‚úÖ30 Day Refill Guarantee
70,1901,‚ôõ Slow Instagram Followers 300-500/Day [ 30 Day Gurantee], $3.2 ,100,20000,14.59 hours,‚úÖ 300-500/Day ‚ö°Instant- 6 Hour ‚úÖ30 Day Refill Guarantee ‚úÖRefill Button Enable
71,1902,‚ôõ Teddy Instagram Followers [30 Day Refill]üåà, $3 ,100,5000,NOT ENOUGH DATA,We Found Less Drop in Service Means 10-20% drop 30 Day Guarantee Refill Button Enable
72,1868,‚ôõ #1 Real & Natural Instagram Like Slow ‚ù§Ô∏è , $0.7 ,50,20000,23.38 hours,80% Real Likes
73,1869,‚ôõ #2 Real & Natural Instagram Like 2-5K/Day üåü, $0.65 ,50,25000,13.54 hours,Natural Like
74,1813,‚ôõ Cheapest Instagram Like S1 No Refill, $0.28 ,50,25000,3.73 hours,Cheapest and fastest No Refill
75,1815,‚ôõ Indian Instagram Like Cheap And Fast [NR], $0.8 ,100,9500,5.43 hours,Indian Instagram like 0-3 Hour start Time No Refill 
76,1814,‚ôõ 21Rs Cheapest Instagram Like S2 Max 10K, $0.29 ,50,10000,5.18 hours,Cheapest and fastest No Refill
77,1812,‚ôõ Cheapest Instagram Like 3K/Hour Max 10K No Refill, $0.34 ,50,10000,4.01 hours,Instagram Likes Fast ( Cheapest and Fastest Likes ) Speed 3k Per hour Start Instant No Refill
78,1736,‚ôõ Instagram Like Fastest Max 300K, $1.1 ,50,300000,2.19 hours,
79,1724,‚ôõ Instagram TV Views {5M} [ 1m/Day], $0.06 ,500,5000000,0.29 hours,
80,1725,‚ôõ Instagram TV Views [5M/day], $0.1 ,300,5000000,0.11 hours,
81,1800,‚ôõ Instagram TV Views [1M/day] [ Cheapest in market] , $0.027 ,500,10000000,0.10 hours,
82,1845,‚ôõ Instagram View [0.59 PAISE ONLY] Speed 50-100K/Day, $0.008 ,1000,10000000,0.16 hours,CHEAPEST IN MARKET
83,1802,‚ôõ Instagram Views Cheapest [ Only 1.25Rs], $0.018 ,500,100000000,0.91 hours,Cheapest And Fastest
84,1782,‚ôõ Instagram View Cheapest In Market Fastest Service üåàüåà, $0.02 ,500,1000000000,0.44 hours,Fastest And Cheapest In Market 500K Per Day.
85,1801,‚ôõ Instagram Views ( Super Fast ) Min 100 Max 10 Million [ 1Million/ Hour], $0.03 ,500,100000000,0.80 hours,Fastest And Cheapest 
86,1718,‚ôõ Instagram Views ( Super Fast ) Min 100 Max 10 Million [ 1Million/ Hour], $0.033 ,500,10000000,0.98 hours,1 Million/ Hour Start 0-10 minutes
87,617,‚ôõInstagram Views + Impression [ 900K ] [ REAL ] [ SLOW ] INSTANT, $0.09 ,100,900000,1.21 hours,Description: Sending impressions with views at the same speed will help video to appear on discover also media will get higher rank on tags places and users home page. This will help to gain organic traffic to profile.
88,618,‚ôõInstagram Superfast Views + Impression [ 900K ] [ REAL ] INSTANT, $0.18 ,500,900000,0.34 hours,this one is really popular because it puts the video on discover in a few minutes and drives crazy real organic traffic to profile.
89,619,‚ôõInstagram Video Views + Impression [ Ultrafast ] INSTANT, $0.07 ,100,5000000,1.41 hours,Instagram Video Views + Impression [ Ultrafast ] INSTANT
90,620,‚ôõInstagram Video Views + Explore [ Ultrafast ] INSTANT, $0.07 ,100,2000000,0.71 hours,Instagram Video Views + Explore [ Ultrafast ] INSTANT
91,621,‚ôõInstagram Video Views + Home [ Ultrafast ] INSTANT, $0.07 ,100,2000000,4.00 hours,Instagram Video Views + Home [ Ultrafast ] INSTANT
92,626,‚ôõInstagram Video Views + Locations [ Ultrafast ] INSTANT, $0.07 ,100,2000000,4.46 hours,Instagram Video Views + Locations 
93,627,‚ôõInstagram Video ( Views + Location+ Impression + Explore + Home + Profile ) INSTANT, $0.13 ,100,2000000,1.62 hours,Instagram Video ( Views + Location+ Impression + Explore + Home + Profile ) INSTANT
94,1449,‚ôõInstagram Story Views [Min 500 : Max 15K ] [ 0.70 Paise only], $0.08 ,300,2000,0.69 hours,Username Only ALL POSTS 0-1 Hour Start ! 10K/Day ‚ù§ Min 500 
95,587,‚ôõInstagram - Story Views[ Superfast ] INSTANT 100k, $0.12 ,100,30000,0.50 hours,INSTANT START RELIABLE SERVICE FOR ALL STORY 50K/DAY MIN 100 MAX 100K
96,588,‚ôõInstagram - Story Views [LAST STORY ONLY] [ Max - 30k ] INSTANT, $0.14 ,50,30000,1.84 hours,Views On The Last Story Posted Only! Username Only 0-1 Hour Start! Ultra Fast! Minimum 20
97,589,‚ôõInstagram - Story Views [ Username Only ] INSTANT, $0.22 ,100,1000000,19.76 hours,Instagram - Story Views [ Username Only ] INSTANT
98,590,‚ôõInstagram - Story Views [MALE] [ Max - 30k ] INSTANT, $0.28 ,20,30000,3.23 hours,Username Only Views from MALE users 0-1 Hour Start! 50K/Day Minimum 20
99,1293,‚ôõNEW Instagram - Story View 100k instant - 1 Hour, $0.24 ,100,100000,2.83 hours,
100,591,‚ôõInstagram - Story Views [FEMALE] [ Max - 30k ] INSTANT, $0.28 ,20,30000,1.09 hours,Username Only Views from FEMALE users 0-1 Hour Start! 50K/Day Minimum 20
101,593,‚ôõInstagram - Highlights Views [ Max - 20k ] INSTANT, $1.95 ,20,20000,3.13 hours,Get Instagram Highlights Views on ALL your HIGHLIGHTS! Add Username Only! Min 20 Max 20k 
102,595,‚ôõInstagram - Impression [ 100k/day ] INSTANT 1M, $0.11 ,100,1000000,2.33 hours,Instagram - Impression [ 100k/day ] INSTANT 1M
103,596,‚ôõInstagram - Impression USA [ 100k/day ] INSTANT, $0.14 ,100,1000000,1.75 hours,Instagram - Impression USA [ 100k/day ] INSTANT
104,598,‚ôõInstagram Impressions + Profile Visits, $0.17 ,100,1000000,6.10 hours,0-1hours start 100 000/ day speed No Refill / No Refund 100 Minimum order 100 000Maximum order
105,600,‚ôõInstagram - Saves [ Fastest ] INSTANT, $0.18 ,50,20000,6.09 hours,Instagram - Saves S3 [ Fastest ] INSTANT
106,601,‚ôõInstagram - Saves S2 [ Superfast ] INSTANT, $0.22 ,10,15000,7.85 hours,Instagram - Saves S2 [ Superfast ] INSTANT
107,602,‚ôõInstagram - Saves S1[ Superfast ] INSTANT, $1.5 ,20,1500,117.66 hours,Instagram - Saves S1[ Superfast ] INSTANT
108,1334,‚ôõFacebook Page Likes [ S5 ] 30 Days Refill - INSTANT, $12 ,100,5000,5.21 hours,1- 4 Hours to start 200-300 Likes per day 30 Auto Days Maximum 5K Per Page
109,1444,‚ôõFacebook Page Likes [HQ] {No Refill] - INSTANT Start (4k+/day Speed ), $8 ,50,100000,6.09 hours,Min 50 Max 100000 Speed 3-4k/day Start Instant - 6hours
110,1692,‚ôõ Facebook FanPage Likes [0-500] [LQ- Start instant - 3 hour] [NR], $4.01625 ,20,500,83.13 hours,speed = instant finish | quality = LQ | No Refill/Refund in any case
111,1798,‚ôõ FB Page Like 40 Day Guarantee [Max20K], $9 ,100,20000,3.31 hours,Facebook Fan Page Likes Min 50 and Max 20k Speed 1-4k Per day Instant Start Real Likes 40 Day Guarantee
112,1626,‚ôõ Facebook Post Likes [ 10K ] [ Start Instant ], $3 ,25,10000,3.41 hours,Speed 5k per day No refill
113,1691,‚ôõ Facebook Post Likes [Instant - 3 hour start] [NR], $1.43387 ,20,500,24.79 hours,speed = instant finish | quality = LQ | No Refill/Refund in any case
114,714,‚ôõFacebook - Video Views S3 [ Real ] [ 300k-800k/day ] INSTANT, $0.13 ,100,1000000,13.68 hours,Instant Start 300k-800k/day Min 100 Max Unlimited
115,716,‚ôõFacebook - Video Views S2 [ Real ] [ 2k-5k/DAY ] INSTANT, $0.22 ,1000,100000,4.19 hours,INSTANT START 2K-5K PER DAY REAL VIEWS Min 1000
116,717,‚ôõFacebook - Video Views S1 [ Real ] [ 1M-5M/DAY ] [ Start 1-24hrs ], $0.84 ,1000,10000000,1.07 hours,Best Service! Start 1-6hrs 1MILLION TO 5MILLION PER DAY LIFE TIME GUARANTEED Min 1000 Max 10 MILLION
117,1787,‚ôõ Facebook Views Retention 20 seconds [ 10K/day No Refill ], $0.055 ,100,100000,31.06 hours,
118,1788,‚ôõ Facebook Views Retention 40 seconds [ 10K/day No Refill ], $0.105 ,100,100000,44.08 hours,
119,1789,‚ôõ Facebook Views Retention 60 seconds [ 10K/day No Refill ], $0.15 ,100,100000,7.94 hours,
120,1889,‚ôõ Twitter - Followers [ Max - 5k ] [ HQ ] [ 30 days AUTO REFILL ] INSTANT-1hrs, $9.5 ,50,4000,21.95 hours,High Quality 30 Days AUTO Refill 0-1 Hour Start! 1K -4K/Day Best service in Market
121,1891,‚ôõ Twitter Real Followers No Refill [ Max 5K], $4 ,30,5000,NOT ENOUGH DATA,0-1 Hour Start! 1K -5K/Day Minimum 20
122,1859,‚ôõ Cheap Twitter Video View [ 1M/Day], $0.2 ,100,20000,0.81 hours,
123,765,‚ôõTwitter Video Views [ 100k/day ] INSTANT, $1.35 ,100,1000000,1.66 hours,Instant Start 100 000/day speed Lifetime non drop guarantee 100 Minimum order 1 000 000 Maximum order
124,1860,‚ôõ Twitter Trending Views Superfast ‚ö°‚ö°, $0.3 ,200,503916272,4.98 hours,‚úÖBest and cheapest In Market ‚ö°Superfast Service
125,1451,‚ôõTwitter Views [1M] ‚ö°Ô∏èüíß‚≠ê, $1.4 ,100,1000000,NOT ENOUGH DATA,Instant Start 500-3 000/day speed No Refill / No refund
126,1452,‚ôõTwitter view 10k/Day Instant Max 3M, $0.8 ,100,3000000,0.98 hours,
127,1861,‚ôõ Cheap Twitter Impression 50K, $0.25 ,100,50000,NOT ENOUGH DATA,
128,1862,‚ôõ Twitter Impression Recommend 1 Million, $0.3 ,100,1000000,NOT ENOUGH DATA,
129,1863,‚ôõ Twitter Impression 10 Million, $0.29 ,100,10000000,6.75 hours,
130,767,‚ôõTwitter Impression [ 100k/day ] INSTANT, $1.6 ,100,10000000,12.66 hours,Twitter Impression [ 100k/day ] INSTANT
131,1453,‚ôõTwitter Impression 10k/Day Instant Max 3M, $0.8 ,100,3000000,1.09 hours,
132,1790,‚ôõ Twitter Likes Min 50 Max 20K, $3 ,50,20000,27.04 hours,Instant Start Min 25k And Max 25k 30 Days refill
133,1864,‚ôõ Twitter Like Cheapest, $0.9 ,10,750,8.34 hours,No Refill / No Refund
134,769,‚ôõTwitter Random Comments [100] [USA] 0-4HRS, $40 ,10,100,464.62 hours,Instant-4hrs Start Time Medium Quality Speed 100/day No refill Min 10 Max 100 ALL PROFILES WITH PICTURES/BIO/CITY
135,770,‚ôõTwitter Custom Comments [100] [USA] 0-4HRS, $55 ,10,100,2762.64 hours,Instant-4hrs Start Time Medium Quality Speed 100/day No refill Min 10 Max 100 ALL PROFILES WITH PICTURES/BIO/CITY
136,757,‚ôõTwitter Retweets - S1 [ HQ ] [ Worldwide ] [ No Refill ] INSTANT, $8.5 ,10,20000,143.68 hours,TWITTER RETWEETS
137,758,‚ôõTwitter Retweets - USA [ 30 days refill ] INSTANT, $12.5 ,20,20000,441.82 hours,Twitter Retweets - USA [ 30 days refill ] INSTANT
138,759,‚ôõTwitter Retweets - UK [ 30 days refill ] INSTANT, $12.5 ,20,20000,6258.91 hours,Twitter Retweets - UK [ 30 days refill ] INSTANT
139,760,‚ôõTwitter Retweets - India [ 30 days refill ] INSTANT, $12.5 ,20,20000,1040.90 hours,Twitter Retweets - India [ 30 days refill ] INSTANT
140,761,‚ôõTwitter Retweets - ARAB [ 30 days refill ] INSTANT, $12.5 ,20,20000,522.11 hours,Twitter Retweets - ARAB [ 30 days refill ] INSTANT
141,762,‚ôõTwitter Retweets - Japan [ 30 days refill ] INSTANT, $12.5 ,20,20000,368.98 hours,Twitter Retweets - Japan [ 30 days refill ] INSTANT
142,763,‚ôõTwitter Retweets - Russia [ 30 days refill ] INSTANT, $12.5 ,20,20000,693.29 hours,Twitter Retweets - Russia [ 30 days refill ] INSTANT
143,764,‚ôõTwitter Retweets - Spanish [ 30 days refill ] INSTANT, $12.5 ,20,20000,1365.76 hours,Twitter Retweets - Spanish [ 30 days refill ] INSTANT
144,771,‚ôõTwitter Poll Votes (www....com?vote=ButtonNumber) [ 2-5k/day ] INSTANT, $1.5 ,20,1000000,3.00 hours,Twitter Poll Votes (www....com?vote=ButtonNumber) [ 2-5k/day ] INSTANT
145,772,‚ôõTwitter Poll Votes (www....com?vote=ButtonNumber) [ 100k/day ] INSTANT, $4.5 ,500,1000000,2.25 hours,Twitter Poll Votes (www....com?vote=ButtonNumber) [ 100k/day ] INSTANT
146,775,‚ôõSoundcloud Plays S2, $0.1 ,1000,250000,0.32 hours,Soundcloud Plays
147,776,‚ôõSoundcloud - Plays Superfast ( S1 ) ( INSTANT ), $0.12 ,100,1000000,0.61 hours,HQ Users Non Drop. Order Will Be Start Instant.
148,778,‚ôõSoundcloud - Followers ( S1 ) [ HQ ] [ Username Only ] ( INSTANT ), $1.35 ,20,40000,44.27 hours,HQ Users Order Will Be Start Instant. 30 days refill 
149,779,‚ôõSoundcloud - Followers ( S3 ) [ Max - 10M ] INSTANT, $1.5 ,100,1000000,150.18 hours,Soundcloud - Followers [ Max - 10M ] INSTANT
150,781,‚ôõSoundcloud - Likes ( S1 ) [ HQ ] ( INSTANT ), $1.3 ,20,40000,6.08 hours,HQ Users Non Drop. Order Will Be Start Instant.
151,782,‚ôõSoundcloud - Likes ( S3 ) [ Max - 1M ] INSTANT, $1.7 ,50,1000000,326.42 hours,Soundcloud - Likes [ Max - 1M ] INSTANT
152,783,‚ôõSoundcloud - Likes ( S2 ) Non Drop ( INSTANT ), $4.25 ,20,1000000,21.38 hours,Soundcloud - Likes Non Drop ( INSTANT)
153,784,‚ôõSoundcloud Reposts, $5.5 ,50,5000,NOT ENOUGH DATA,0-1 hour start time 1 000-2 000/day speed 60 Days refill guarantee 100 Minimum order 5 000 Maximum order
154,785,‚ôõSoundcloud - Reposts ( S2 ) [ Non Drop ] ( INSTANT ), $7.5 ,20,100000,46.29 hours,Soundcloud - Reposts [ Non Drop ] INSTANT 
155,786,‚ôõSoundcloud - Comments [ HQ ] ( INSTANT ), $10.5 ,20,10000,42.50 hours,HQ Users Non Drop. Order Will Be Start Instant.
156,1319,‚ôõSoundCloud Fast Plays [100M], $0.04 ,50000,10000000,0.78 hours,DAILY SPEED - 5 MILLION PLAYS PER DAY 0-12 HOUR START
157,1235,‚ôõTelegram - Post View [Last 5 Posts] 50k, $1.9 ,100,50000,1366.58 hours,Telegram - Post View [Last 5 Posts]
158,1236,‚ôõTelegram - Post View [Last 10 Posts], $3.1 ,100,50000,184.13 hours,Telegram - Post View [Last 10 Posts]
159,1237,‚ôõTelegram - Post View [Last 20 Posts], $4.95 ,100,50000,214.15 hours,Telegram - Post View [Last 20 Posts]
160,1238,‚ôõTelegram Post Views [ Max - 35k ] [Last 5 Posts], $1.9 ,100,35000,10.63 hours,Views for last 5 Posts 0-1hrs Start 24hrs Complete time Min 100 Max 35k
161,1239,‚ôõ Telegram - Likes [ 2K/day ] , $25 ,100,10000,NOT ENOUGH DATA,Telegram - Likes 2k/Day
162,1872,‚ôõ Cheapest Telegram Member 35 Day Guarantee, $0.9  ,1000,30000,5.47 hours,35 day refill 15K/Day
163,1873,‚ôõ Telegram Public Member No Refill , $0.89 ,100,2800,3.39 hours,No refill only For Channel
164,1874,‚ôõ Telegram Public Channel Member and group member, $0.98 ,1000,30000,2.30 hours,Members [Real Account] [20K] Delivery: Super high Speed - Almost instant Real Account so have Drops !!!!!!! 10K Per Day Speed! Min 1K- Max 20K Condition: its not apply on Porn Bet Finishing and New and Empty channel Only For Public Channels Example link: https://t.me/Your_Channel_
165,799,‚ôõSpotify Custom Playlist Plays, $1.5 ,20000,1000000,NOT ENOUGH DATA,*Enter Playlist link 0-24 hour start time 300-500/day speed for small orders 10 000-20 000/day speed for small orders 30 Days refill guarantee 20 000 Minimum order 1 000 000 Maximum order You can add as many songs you want in the playlist. The plays will be split evenly among them. ex 20k order on 10 songs = 2k per song
166,800,‚ôõSpotify - Plays, $1.55 ,1000,1000000,53.97 hours,1-5k/day Min 20 Max Unlimated
167,1266,‚ôõSpotify Plays Unlimited, $5 ,1000,1000000,53.23 hours,Spotify Plays
168,1267,‚ôõSpotify - Plays [ Min 1k ] [ Start : 1-12hrs ], $7 ,1000,1000000,44.79 hours,Spotify - Plays [ Min 1k ] [ Start : 1-12hrs ]
169,804,‚ôõGoogle Plus - Followers | Circle [ 200-500 Per Day ], $6.65 ,100,7000,50.34 hours,500 per day speed Hq Users Non drop!!
170,805,‚ôõGoogle Plus - Website+ [ 500-1k/day ], $11.15 ,50,5000,16779.99 hours,Google Plus - Website+ [ 500-1k/day ]
171,806,‚ôõGoogle Plus - ReShare [2k], $6.55 ,20,2000,NOT ENOUGH DATA,Real 0-1 Hour Start! 1-24 Hours Finish! Minimum 20
172,807,‚ôõ Google Post +1 [ 2K ], $6.55 ,20,2000,588.53 hours,Real 0-1 Hour Start! 1-24 Hours Finish! Minimum 20
173,808,‚ôõGoogle Plus - Likes [ 50-100 Per Day ], $15.18 ,20,500,NOT ENOUGH DATA,Speed 50-100 per day Hq Users
174,809,‚ôõPinterest - Followers [ 5k-10k/day ] INSTANT, $2.55 ,25,100000,2.77 hours,
175,810,‚ôõPinterest - Board Followers [ 5k-10k/day ] INSTANT, $2.55 ,20,100000,7.81 hours,HQ Users Instant Start 5 000-10 000 Per Day Speed 25 Minimum Order 100k Maximum Order
176,811,‚ôõPinterest - Pin Likes [ 5k-10k/day ] INSTANT, $2.55 ,20,100000,33.13 hours,HQ Users Instant Start 5 000-10 000 Per Day Speed 25 Minimum Order 100k Maximum Order
177,1678,‚ôõ LinkedIn Profiles Followers USA [üíéReal Max-300] Lifetime Guarantee, $7.5 ,100,300,86.72 hours,
178,1679,‚ôõ LinkedIn Company Page Followers Worldwide (Max-1000M) Lifetime Guarantee, $8.5 ,100,1000000,114.43 hours,
179,1680,‚ôõ LinkedIn Followers [500k] [R60] [24H-300/D], $10 ,100,500000,50.73 hours,
180,1681,‚ôõ LinkedIn Post Like USA (Max=300 )Lifetime GuaranteeLinkedIn Post Like USA (Max=300 )Lifetime Guarantee, $25 ,25,300,33559.99 hours,
181,817,‚ôõDatpiff - Views, $3.3 ,1000,100000,NOT ENOUGH DATA,Instant Start 5 000-10 000 per Day Speed 1 000 min 100K max
182,818,‚ôõDatpiff - Downloads, $24.36923 ,500,9500,NOT ENOUGH DATA,0-24 Hrs Start 500-1000 per day speed 500 min 8 000 max
183,819,‚ôõDatpiff - Streams, $8.3 ,1000,10000,NOT ENOUGH DATA,300-500 Per Day Speed 1-12Hrs Start Time 1 000 Minimum Order 100K Maximum Order
184,823,‚ôõPeriscope Likes - 500k+, $0.1 ,500000,100000000,NOT ENOUGH DATA,0-24 hour start time 500 000-1 000 000/day speed Lifetime non drop guarantee 500 000 Minimum order 100 000 000 Maximum order
185,824,‚ôõPeriscope Likes [Min:1k], $0.5 ,1000,50000,NOT ENOUGH DATA,0-24 hour start time 100 000-500 000/day speed Lifetime non drop guarantee 1 000 Minimum order 500 000 Maximum order
186,825,‚ôõPeriscope Followers, $2.25 ,1000,10000000,NOT ENOUGH DATA,*Enter username only 0-24 hour start time 1 000-5 000/day speed Lifetime non drop guarantee 1 000 Minimum order 100 000 000 Maximum order
187,826,‚ôõPeriscope - Followers [ Normal ] INSTANT, $4.7 ,1000,20000,NOT ENOUGH DATA,Non Drop Followers. Order Will Be Start Instant.
188,827,‚ôõReverbnation - Song Plays , $2.1 ,5000,500000,NOT ENOUGH DATA,Reverbnation - Song Plays [ Start : 12-36hrs ] [ 5k/day ]
189,829,‚ôõReverbnation - Video Plays , $2.1 ,1000,500000,85.31 hours,Reverbnation - Video Plays [ Start : 12-36hrs ] [ 5k/day ]
190,830,‚ôõReverbnation - Fans, $45 ,100,5000,NOT ENOUGH DATA,Reverbnation - Fans [ Start : 12-36hrs ] [ 2-5k/day ]
191,831,‚ôõVK - Post Photo Likes [ Instant ], $21 ,100,10000,NOT ENOUGH DATA,VK - Post Photo Likes [ Instant ]
192,832,‚ôõVK - Group Followers [ Instant ], $36 ,100,9000,NOT ENOUGH DATA,VK - Group Followers [ Instant ]
193,1400,‚ôõInstagram Auto Likes Max 8k, $0.8 ,100,8000,NOT ENOUGH DATA,
194,1848,Instagram Views,  $0.035 ,100,1000000,4.98 hours,
195,1849,Instagram Views FasT ( 5 Million / Hour ) ( Min 50 ) ( Recommended ), $0.034 ,500,10000000,0.44 hours,Instagram Views Super Fast ( 1-5 Million Per Hour ) Instant Start and Instant Complete Min 500 and Max Unlimited Safest View in The Market
196,1850,Instagram Views - [ Max - 250M ] [ SUPERFAST ] SUPER INSTANT, $0.034 ,100,250000000,1.69 hours,Superfast! Order Will Be Start Instant Per Hour Speed 1.5M! UNLIMITED!
