,format_list_numberedID,storageService,bar_chartRateper1000,call_receivedMinorder,call_madeMaxorder,format_align_leftDescription
0,835,â­ğŸ‘¥Instagram Followers | CHEAP,$ 0.60,100,5000, notes Ã— â­ğŸ‘¥Instagram Followers | CHEAP ğŸ”´ QUALITY IS LOW. Retention is low 65% or more will drop. This service is specifically for the cheapest rates out there. Please don't judge service quality on this server to be the same for all our other services.âŒ› Start Time: 0-2 hoursâš¡ Speed per Day: 2 500 Followersâœ… Refill: NoneğŸ”» Minimum Order: 100ğŸ”¼ Maximum Order: 5 000ğŸ”´LINK EXAMPLE: https://instagram.com/carlton.bynum.official/ 
1,889,â­ğŸ‘¥Instagram Followers | Fast Start + Good Quality,$ 5.25,100,20000, notes Ã— â­ğŸ‘¥Instagram Followers | Fast Start + Good Quality âŒ› Start Time: 0-5 MinutesğŸ”´ Drop Rate: 5-10%âš¡ Speed per Day: 4 000-5 000 Followersâœ… Refill Time: 15 DaysğŸ”» Minimum Order: 100ğŸ”¼ Maximum Order: 30 000ğŸ”´LINK EXAMPLE: https://instagram.com/Shoutout.Experts/ 
2,509,â­ğŸ‘¥Instagram Followers | Premium Quality,$ 6.30,100,30000, notes Ã— â­ğŸ‘¥Instagram Followers | Premium Quality ğŸ”´ This is currently our best quality service. Many users post stories and are very active.ğŸ”´ If Drip-Feeding make sure Quantity is AT LEAST 100.âŒ› Start Time: 0-5 minutesğŸ”´ Drop Rate: 5-10%âš¡ Speed per Day: 100-1 000 Followersâœ… Refill Time: 15 DaysğŸ”» Minimum Order: 100ğŸ”¼ Maximum Order: 15 000ğŸ”´LINK EXAMPLE: https://instagram.com/carlton.bynum.official/ 
3,926,ğŸ‡¦ğŸ‡ª ğŸ‘¥Instagram Followers | Arab,$ 5.51,50,5000, notes Ã— ğŸ‡¦ğŸ‡ª ğŸ‘¥Instagram Followers | Arab âŒ› Start Time: 0-1 hoursâš¡ Speed per Day: 2 000 Followersâœ… No Refill/No RefundğŸ”» Minimum Order: 100ğŸ”¼ Maximum Order: 20 000ğŸ”´LINK EXAMPLE: https://instagram.com/Shoutout.Experts/ 
4,893,ğŸ‘ Instagram Likes | CHEAP,$ 0.69,20,8500, notes Ã— ğŸ‘ Instagram Likes | CHEAP âŒ› Start Time: 0-1 minuteâš¡ Speed per hour: 100 Likesâœ… No Refill/No Refund for orders made after the 10th of AprilğŸ”» Minimum Order: 20ğŸ”¼ Maximum Order: 100ğŸ”´LINK EXAMPLE: https://www.instagram.com/p/B8rgVdbA88z/ 
5,852,ğŸ‘ Instagram Likes | NON-Drop,$ 1.88,50,10000, notes Ã— ğŸ‘ Instagram Likes | NON-Drop âŒ› Start Time: 0-5 minutesâš¡ Speed per hour: 1 000 Likesâœ… NON-DropğŸ”» Minimum Order: 100ğŸ”¼ Maximum Order: 20 000ğŸ”´LINK EXAMPLE: https://www.instagram.com/p/B8rgVdbA88z/ 
6,836,ğŸ‘ Instagram Likes | Premium,$ 3.60,50,10000, notes Ã— ğŸ‘ Instagram Likes | Premium âŒ› Start Time: 0-5 minutesâš¡ Speed per Hour: Up To 5 000 Likesâœ… No Refill/No Refund for orders made after the 10th of AprilğŸ”» Minimum Order: 20ğŸ”¼ Maximum Order: 30 000ğŸ”´LINK EXAMPLE: https://www.instagram.com/p/B8rgVdbA88z/ 
7,892,ğŸ”‹ğŸ‘ Instagram Likes | Powerlikes,$ 1.49,50,5000, notes Ã— ğŸ”‹ğŸ‘ Instagram Likes | Powerlikes ğŸ”´ Likes are from Real User profiles with lots of activity posts and followers!âŒ› Start Time: Instantâš¡ Speed per Hour: 7 000 Likesâœ… Lifetime non drop guaranteeğŸ”» Minimum Order: 50ğŸ”¼ Maximum Order: 7 000ğŸ”´ LINK EXAMPLE: https://www.instagram.com/p/B7uKhx0gH45/ 
8,821,ğŸ’¬ğŸ‘ Instagram | Comment Likes,$ 1.45,100,10000, notes Ã— ğŸ’¬ğŸ‘ Instagram | Comment Likes âŒ› Start Time: 0-1 hour âš¡ Speed per Day: 1 000 Commentsâœ… Lifetime non drop guarantee ğŸ”» Minimum Order: 20ğŸ”¼ Maximum Order: 4 000ğŸ”´ To get the comment link click on the time of the comment 
9,521,ğŸ’¬Comments | Custom,$ 31.90,5,1000, notes Ã— ğŸ’¬Comments | Custom âŒMENTIONS NOT ALLOWEDğŸ”´ Be sure to repeat the same comments a couple of times in a row. Doing this will increase the chances of your comment having a profile picture! Also delete the duplicates after!âŒ›Start Time: 0-15 minutesâš¡Speed per Day: 200 Commentsâœ…Refill Time: 30 Day WarrantyğŸ”»Minimum Order: 10ğŸ”¼Maximum Order: 500ğŸ”´LINK EXAMPLE: https://www.instagram.com/p/Bvc-o0dhkKw/ 
10,522,ğŸ’¬Comments | Random Positive Comments,$ 43.75,5,300, notes Ã— ğŸ’¬Comments | Random Positive Comments âŒ› Start Time: 0-5 minutesâš¡ Speed per Day: 1 000 Commentsâœ… Lifetime non drop guarantee ğŸ”» Minimum Order: 5ğŸ”¼ Maximum Order: 1 000 
11,833,ğŸ¥Video Views,$ 0.05,100,10000000, notes Ã— ğŸ¥Video Views âŒ› Start Time: 0-15 minutesâš¡ Speed per Hour: 500 000 Viewsâœ… Lifetime non drop guarantee ğŸ”» Minimum Order: 200ğŸ”¼ Maximum Order: 100 000 000ğŸ”´LINK EXAMPLE: https://www.instagram.com/p/Bk24phzAxx0/ 
12,525,âš›ï¸ Instagram | Profile Visits,$ 1.38,100,50000, notes Ã— âš›ï¸ Instagram | Profile Visits âŒ›Start Time: 0-24 hoursâœ…Refill Time: LIFETIME WARRANTYğŸ”»Minimum Order: 250ğŸ”¼Maximum Order: 85 000ğŸ”´LINK EXAMPLE: https://www.instagram.com/p/BucObS5Hfme/ 
13,527,ğŸ“–Story Views,$ 1.65,100,100000, notes Ã— ğŸ“–Story Views âŒ›Start Time: 0-15 minutesâš¡Speed per Day: 100 000 Story Viewsâœ…Refill Time: LIFETIME WARRANTYğŸ”»Minimum Order: 500ğŸ”¼Maximum Order: 5 000ğŸ”´USERNAME EXAMPLE: carlton.bynum.official 
14,932,â« Instagram | Story Swipe Ups + Engagement,$ 1.94,100,100000, notes Ã— â« Instagram | Story Swipe Ups + Engagement ğŸ”´ This service is an engagement booster service! After posting a story be sure to include a swipe up link within the story. After ordering we showcase your story to users within our network who will engage with your story click the links or swipe up to learn more about your product/service.âŒ›Start Time: 0-5 minutesâš¡Speed per Day: 3 000 Story Swipe Upsâœ…Refill Time: Non-Drop LIFETIME WARRANTYğŸ”»Minimum Order: 100ğŸ”¼Maximum Order: 3 000ğŸ”´ Link Example: Click Here For Link Example - https://imgur.com/cuxzuXO 
15,529,ğŸ–¼ï¸ Instagram | Photo Reach,$ 0.73,100,15000, notes Ã— ğŸ–¼ï¸ Instagram | Photo Reach ğŸ”´ You should also order impressions with this! (It will help maintain high engagement ratios).âŒ› Start Time: 0-5 minutesâš¡ Speed per Hour: 30 000 Photo Reachâœ… Refill Time: Lifetime WarrantyğŸ”» Minimum Order: 100ğŸ”¼ Maximum Order: 15 000ğŸ”´ LINK EXAMPLE: https://www.instagram.com/p/Bl53ZYxHdGw/ 
16,530,ğŸ“¼Instagram | Video Reach,$ 0.73,100,15000, notes Ã— ğŸ“¼Instagram | Video Reach ğŸ”´This service is a ER (Engagement Ratio) Booster. If you want to keep healthy engagement ratios be sure to order this as well as Likes Reach Profile Visits and Story Views!âŒ› Start Time: 0-15 minutesâš¡ Speed per Hour: 30 000 Video Reachâœ… Refill Time: 30 Day WarrantyğŸ”» Minimum Order: 100ğŸ”¼ Maximum Order: 30 000ğŸ”´LINK EXAMPLE: https://www.instagram.com/p/Bk24phzAxx0/ 
17,531,ğŸ—‚ï¸ Instagram | Post Saves,$ 0.03,100,25000, notes Ã— ğŸ—‚ï¸ Instagram | Post Saves ğŸ”´This service is a ER (Engagement Ratio) Booster. If you want to keep healthy engagement ratios be sure to order this as well as Likes Reach Profile Visits and Story Views!âŒ›Start Time: 0-12 hoursâš¡Speed per Hour: 45 000 Savesâœ…Refill Time: LIFETIME WARRANTYğŸ”»Minimum Order: 100ğŸ”¼Maximum Order: 45 000ğŸ”´LINK EXAMPLE: https://www.instagram.com/p/Bvc-o0dhkKw/ 
18,526,ğŸ”´ Instagram | Impressions,$ 0.76,100,50000, notes Ã— ğŸ”´ Instagram | Impressions âŒ› Start Time: 0-5 minutesâš¡ Speed per Hour: 250 000 Impressionsâœ… Refill Time: Lifetime WarrantyğŸ”» Minimum Order: 100ğŸ”¼ Maximum Order: 250 000ğŸ”´ LINK EXAMPLE: https://www.instagram.com/p/Br0cIHmHb3_/ 
19,919,ğŸ”´Instagram | Live Views,$ 7.98,20,20000, notes Ã— ğŸ”´Instagram | Live Views âŒ› Start Time: 0-1 minuteâš¡ Speed per minute: 50 Viewers âœ… Lifetime non drop guaranteeğŸ”» Minimum Order: 20ğŸ”¼ Maximum Order: 1 000ğŸ”´ LIVE Viewers last up to 1 hour.ğŸ”´ Link Example: https://www.instagram.com/mc_nerds/ 
20,732,ğŸ”´Instagram | Live Likes,$ 0.44,200,10000, notes Ã— ğŸ”´Instagram | Live Likes ğŸ”´ Be sure to place this order AFTER going LIVE.âŒ›Start Time: 0-5 Minutesâš¡Speed per Day: 10 000 Likesâœ…Refill Time: LIFETIME WARRANTYğŸ”»Minimum Order: 200ğŸ”¼Maximum Order: 10 000ğŸ”´LINK EXAMPLE: shoutout.experts 
21,731,ğŸ”´Instagram | Live Video Random Comments,$ 36.25,50,2000, notes Ã— ğŸ”´Instagram | Live Video Random Comments ğŸ”´ Be sure to place this order AFTER going LIVE.ğŸ”´ Retention is low. Be sure not to stay live for more than 10 minutes.. They drop after 10 minutes. The start time is accurate!âŒ›Start Time: 0-15 Minutesâš¡Speed per minute: 1 000 Views (They join fast)âœ…Refill Time: LIFETIME WARRANTYğŸ”»Minimum Order: 200ğŸ”¼Maximum Order: 1 500ğŸ”´LINK EXAMPLE: carlton.bynum.official 
22,format_list_numberedID,storageService,bar_chartRate per 1000,call_receivedMin order,call_madeMax order,format_align_leftDescription
23,935,Random Comments From Verified Accounts,$ 1 800.00,1,10, notes Ã— Random Comments From Verified Accounts âŒ› Start Time: 0-12 hoursâš¡ Speed per Day: 5-10âœ… Refill Time: 30 DaysğŸ”» Minimum Order: 1ğŸ”¼ Maximum Order: 10 
24,936,Custom Comments From Verified Accounts,$ 2 700.00,1,10, notes Ã— Custom Comments From Verified Accounts âŒ› Start Time: 0-12 hoursâš¡ Speed per Day: 5-10âœ… Refill Time: 30 DaysğŸ”» Minimum Order: 1ğŸ”¼ Maximum Order: 10*No offensive/sexual/negative comments will be accepted 
25,format_list_numberedID,storageService,bar_chartRate per 1000,call_receivedMin order,call_madeMax order,format_align_leftDescription
26,805,â™»ï¸ğŸ‘Auto | Powerlikes | ğŸ¤© Engagement Booster ğŸ¤©,$ 1.58,50,5000, notes Ã— â™»ï¸ğŸ‘Auto | Powerlikes | ğŸ¤© Engagement Booster ğŸ¤© ğŸ”´ Real Targeted Instagram Accounts. They might engage like other posts comment follow etc.âŒ›Start Time: 0-5 minutesâš¡Speed per Hour: 4 500 Likesâœ…Refill Time: LIFETIME WARRANTYğŸ”»Minimum Order: 50ğŸ”¼Maximum Order: 10 000ğŸ”´USERNAME LINK EXAMPLE: carlton.bynum.official 
27,904,â™»ï¸ğŸ‘Auto | Likes Worldwide | Small Orders,$ 1.50,20,8500, notes Ã— â™»ï¸ğŸ‘Auto | Likes Worldwide | Small Orders âŒ› Start Time: Instantâš¡ Speed per day: 100 Likesâœ… Lifetime non drop guaranteeğŸ”» Minimum Order: 20ğŸ”¼ Maximum Order: 100ğŸ”´USERNAME LINK EXAMPLE: carlton.bynum.official 
28,773,â™»ï¸ğŸ¥ Auto | Video Views,$ 0.73,100,10000000, notes Ã— â™»ï¸ğŸ¥ Auto | Video Views âŒ›Start Time: 0-5 Minutesâš¡Speed per Hour: 500 000 Viewsâœ…Refill Time: LIFETIME WARRANTYğŸ”»Minimum Order: 100ğŸ”¼Maximum Order: 100 000 000ğŸ”´USERNAME LINK EXAMPLE: carlton.bynum.official 
29,776,â™»ï¸ğŸ”´ Auto | Impressions,$ 1.51,100,50000, notes Ã— â™»ï¸ğŸ”´ Auto | Impressions 
30,712,â™»ï¸ğŸ‘Auto | Likes Worldwide,$ 2.40,100,20000, notes Ã— â™»ï¸ğŸ‘Auto | Likes Worldwide âŒ› Start Time: Instantâš¡ Speed per day: 5 000 Likesâœ… Lifetime non drop guaranteeğŸ”» Minimum Order: 50ğŸ”¼ Maximum Order: 13 000ğŸ”´USERNAME LINK EXAMPLE: carlton.bynum.official 
31,775,â™»ï¸âš›ï¸ Auto | Profile Visits,$ 1.51,100,50000, notes Ã— â™»ï¸âš›ï¸ Auto | Profile Visits âŒ›Start Time: 0-24 hoursâœ…Refill Time: LIFETIME WARRANTYğŸ”»Minimum Order: 250ğŸ”¼Maximum Order: 85 000ğŸ”´USERNAME LINK EXAMPLE: carlton.bynum.official 
32,878,â™»ï¸ğŸ“½ï¸ Instagram | TV Views & Free Impressions,$ 0.72,250,10000000, notes Ã— â™»ï¸ğŸ“½ï¸ Instagram | TV Views & Free Impressions 
33,903,â™»ï¸ğŸ‘Auto | Likes Worldwide | Small Orders,$ 1.15,20,100, notes Ã— â™»ï¸ğŸ‘Auto | Likes Worldwide | Small Orders âŒ› Start Time: Instantâš¡ Speed per day: 100 Likesâœ… Lifetime non drop guaranteeğŸ”» Minimum Order: 20ğŸ”¼ Maximum Order: 100ğŸ”´USERNAME LINK EXAMPLE: carlton.bynum.official 
34,808,â™»ï¸ğŸ‘Auto | Likes Worldwide (Calculator),$ 2.61,1,1, notes Ã— â™»ï¸ğŸ‘Auto | Likes Worldwide (Calculator) ğŸ”´ This is only used to calculate the price for the auto service. Use this to determine what you want to put in your quantity when setting up the Auto Growth for the selected service. 
35,774,â™»ï¸ğŸ’¬Auto | Random Positive Comments,$ 66.25,5,300, notes Ã— â™»ï¸ğŸ’¬Auto | Random Positive Comments âŒ› Start Time: 0-15 minutesâš¡ Speed per Day: 1 000 Commentsâœ… Lifetime non drop guarantee ğŸ”» Minimum Order: 10ğŸ”¼ Maximum Order: 100 000ğŸ”´USERNAME LINK EXAMPLE: carlton.bynum.official 
36,939,â™»ï¸ğŸ’¬Auto | VERIFIED Post Related Comments,$ 2 750.00,1,10, notes Ã— â™»ï¸ğŸ’¬Auto | VERIFIED Post Related Comments ğŸ”´ This service is one of our best Comment Services. A comment will come on your recent post and it will be from a verified account. The comment is coming from a real celebrity. âŒ› Start Time: 0-12 hoursâš¡ Speed per Day: 1 000 Commentsâœ… Lifetime non drop guarantee ğŸ”» Minimum Order: 10ğŸ”¼ Maximum Order: 100 000ğŸ”´USERNAME LINK EXAMPLE: carlton.bynum.official 
37,778,â™»ï¸ğŸ–¼ï¸ Auto | Photo Reach,$ 1.18,100,15000, notes Ã— â™»ï¸ğŸ–¼ï¸ Auto | Photo Reach âŒ› Start Time: 0-5 minutesâš¡ Speed per Hour: 30 000 Photo Reachâœ… Refill Time: Lifetime WarrantyğŸ”» Minimum Order: 100ğŸ”¼ Maximum Order: 15 000ğŸ”´ USERNAME LINK EXAMPLE: carlton.bynum.official 
38,779,â™»ï¸ğŸ“¼Auto | Video Reach,$ 1.18,100,15000, notes Ã— â™»ï¸ğŸ“¼Auto | Video Reach ğŸ”´This service is a ER (Engagement Ratio) Booster. If you want to keep healthy engagement ratios be sure to order this as well as Likes Reach Profile Visits and Story Views!âŒ› Start Time: 0-15 minutesâš¡ Speed per Hour: 30 000 Video Reachâœ… Refill Time: 30 Day WarrantyğŸ”» Minimum Order: 100ğŸ”¼ Maximum Order: 30 000ğŸ”´ USERNAME LINK EXAMPLE: carlton.bynum.official 
39,780,â™»ï¸ğŸ—‚ï¸ Auto | Post Saves,$ 0.05,100,25000, notes Ã— â™»ï¸ğŸ—‚ï¸ Auto | Post Saves ğŸ”´This service is a ER (Engagement Ratio) Booster. If you want to keep healthy engagement ratios be sure to order this as well as Likes Reach Profile Visits and Story Views!âŒ›Start Time: 0-12 hoursâš¡Speed per Hour: 45 000 Savesâœ…Refill Time: LIFETIME WARRANTYğŸ”»Minimum Order: 100ğŸ”¼Maximum Order: 45 000ğŸ”´USERNAME LINK EXAMPLE: carlton.bynum.official 
40,807,â™»ï¸ğŸ‡ºğŸ‡¸ Auto | Likes USA (Calculator),$ 0.369,1,1, notes Ã— â™»ï¸ğŸ‡ºğŸ‡¸ Auto | Likes USA (Calculator) ğŸ”´ This is only used to calculate the price for the auto service. Use this to determine what you want to put in your quantity when setting up the Auto Growth for the selected service. 
41,809,â™»ï¸ğŸ‘Auto | Powerlikes | ğŸ¤© Engagement Booster ğŸ¤© (Calculator),$ 4.95,1,1, notes Ã— â™»ï¸ğŸ‘Auto | Powerlikes | ğŸ¤© Engagement Booster ğŸ¤© (Calculator) ğŸ”´ This is only used to calculate the price for the auto service. Use this to determine what you want to put in your quantity when setting up the Auto Growth for the selected service. 
42,format_list_numberedID,storageService,bar_chartRate per 1000,call_receivedMin order,call_madeMax order,format_align_leftDescription
43,816,ğŸ“½ï¸ Instagram | TV Views & Free Impressions,$ 0.06,250,10000000, notes Ã— ğŸ“½ï¸ Instagram | TV Views & Free Impressions âŒ› Start Time: 0-1 hourâš¡ Speed per Hour: 50 000 Viewsâœ… Lifetime non drop guarantee ğŸ”» Minimum Order: 250ğŸ”¼ Maximum Order: 10 000 000 
44,817,ğŸ‘ Instagram | TV Likes,$ 4.35,100,10000, notes Ã— ğŸ‘ Instagram | TV Likes âŒ› Start Time: 0-1 hourâš¡ Speed per Day: 3 000 Likesâœ… Refill: 24 hoursğŸ”» Minimum Order: 50ğŸ”¼ Maximum Order: 20 000 
45,format_list_numberedID,storageService,bar_chartRate per 1000,call_receivedMin order,call_madeMax order,format_align_leftDescription
46,869,ğŸ“¹ YouTube | Cheap Views,$ 0.86,200,100000000, notes Ã— ğŸ“¹ YouTube | Cheap Views ğŸ”´ Retention is 0-60 secondsâŒ› Start Time: 0-48 hoursâš¡ Speed per Day: 1 000-10 000 Viewsâœ… No Refill/No Refund ğŸ”» Minimum Order: 200ğŸ”¼ Maximum Order: 100 000 000ğŸ”´ LINK EXAMPLE: https://www.youtube.com/watch?v=wX9OLMNShPQ 
47,727,ğŸ“¹ YouTube | Ranking High Retention Views,$ 2.47,500,1000000000, notes Ã— ğŸ“¹ YouTube | Ranking High Retention Views âŒ› Start Time: 0-48 hoursğŸ“ˆ Retention Average: ~8 minutes âš¡ Speed per Day: 5k - 25k âœ… Refill Time: Lifetime NON-DROPğŸ”» Minimum Order: 100ğŸ”¼ Maximum Order: 10MRetention: 5-50 Minutes random watch time(if a video is under 10 minutes retention will be between 2 and 6 minutes)ğŸ”´ LINK EXAMPLE: https://www.youtube.com/watch?v=wX9OLMNShPQğŸ”´ If using Drip-Feed. Make interval min. 1440 (24 hours) 
48,726,ğŸ“¹ YouTube | Active Views & Engagements,$ 3.63,500,500000, notes Ã— ğŸ“¹ YouTube | Active Views & Engagements ğŸ”´ Views may include real user engagements - your video may get some daily likes/dislikes comments shares subscribers.âŒ› Start Time: 0-24 hoursğŸ“ˆ Retention: Random (Real users leave whenever) âš¡ Speed per Day: 500 - 3 000 âœ… Refill Time: 90 DaysğŸ”» Minimum Order: 100ğŸ”¼ Maximum Order: 5MğŸ”´ LINK EXAMPLE: https://www.youtube.com/watch?v=wX9OLMNShPQ 
49,902,ğŸ¥‡ YouTube Views | Speed 100k/day,$ 1.60,500,100000000, notes Ã— ğŸ¥‡ YouTube Views | Speed 100k/day ğŸ”´ ORDERS MUST BE IN MULTIPLES OF 1000 or else order will cancelğŸ”´Retention: 15-150 seconds random watch time âŒ› Start Time: 0-3 hoursâš¡ Speed per Day: 250 000 Viewsâœ… Lifetime refill guaranteeğŸ”» Minimum Order: 50 000ğŸ”¼ Maximum Order: 200 000 000ğŸ”´ LINK EXAMPLE: https://www.youtube.com/watch?v=qRv7G7WpOoU 
50,728,ğŸ¥‡ Fast YouTube Views | Speed 100k/day,$ 1.96,1000,1000000, notes Ã— ğŸ¥‡ Fast YouTube Views | Speed 100k/day ğŸ”´ Quantity must be multiples of 1 000. (Ex: 1000 or 2000 or 5000)âŒ› Start Time: 0-3 hoursâš¡ Speed per Day: 250 000 Viewsâœ… Lifetime refill guaranteeğŸ”» Minimum Order: 1 000ğŸ”¼ Maximum Order: 200 000 000ğŸ”´ LINK EXAMPLE: https://www.youtube.com/watch?v=qRv7G7WpOoU 
51,840,ğŸ–¥ï¸ YouTube Views | Exclusive Service | Views From Ads,$ 2.11,50000,200000000, notes Ã— ğŸ–¥ï¸ YouTube Views | Exclusive Service | Views From Ads ğŸ”´ This YouTube service is our BEST service offered for YouTube. We have gotten small time artists creators and other clients very big for using this service. Please do not expect to get famous from this service but just know its 100% real ads being created for your video URL. You can expect subscribers likes comments and future engagement as well.ğŸ”´ Video duration must be longer than 30 seconds and shorter than 6 minutes.ğŸ”´ Audience Language settings will be for English.âŒ› Start Time: 0-24 hoursğŸ“ˆ Retention: Guaranteed 30 seconds. Retention rates can be up to full video length if the content is good enough to attract the viewer. âš¡ Speed per Day: 7 000 Views Per Day âœ… Refill Time: No Drops from Ad ViewsğŸ”» Minimum Order: 50 000ğŸ”¼ Maximum Order: 2BğŸ”´ LINK EXAMPLE: https://www.youtube.com/watch?v=wX9OLMNShPQ 
52,729,ğŸ‘ YouTube | Video Likes,$ 13.78,5,1500, notes Ã— ğŸ‘ YouTube | Video Likes ğŸ”´ If you are drip feeding make sure your interval is AT LEAST 1440.âŒ› Start Time: 0-15 minutes âš¡ Speed per Day: 50-200 Likes âœ… Refill Time: 30 DaysğŸ”» Minimum Order: 5ğŸ”¼ Maximum Order: 1 500ğŸ”´ LINK EXAMPLE: https://www.youtube.com/watch?v=wX9OLMNShPQ 
53,756,â¤´ï¸YouTube | Shares,$ 1.70,500,75000, notes Ã— â¤´ï¸YouTube | Shares âŒ›Start Time: 0-48 Hoursâš¡Speed per Day: 1 000 Sharesâœ…Refill Time: 30 Day WarrantyğŸ”»Minimum Order: 50ğŸ”¼Maximum Order: 50 000ğŸ”´ LINK EXAMPLE: https://www.youtube.com/watch?v=wX9OLMNShPQ 
54,730,ğŸ’¬YouTube | Custom Comments,$ 13.78,10,5000, notes Ã— ğŸ’¬YouTube | Custom Comments ğŸ”´ Be sure to repeat the same comments a couple of times in a row. Doing this will increase the chances of your comment having a profile picture! Also delete the duplicates after!âŒ› Start Time: 0-6 hours âš¡ Speed per Day: 50-100 comments âœ… Refill Time: NoneğŸ”» Minimum Order: 10ğŸ”¼ Maximum Order: 5 000ğŸ”´ LINK EXAMPLE: https://www.youtube.com/watch?v=wX9OLMNShPQ 
55,757,ğŸ’¬YouTube | Random Comments,$ 23.20,10,500, notes Ã— ğŸ’¬YouTube | Random Comments âŒ› Start Time: 0-6 hours âš¡ Speed per Day: 100 Commentsâœ… 30 Days Refill GuaranteeğŸ”» Minimum Order: 10ğŸ”¼ Maximum Order: 500ğŸ”´ LINK EXAMPLE: https://www.youtube.com/watch?v=wX9OLMNShPQ 
56,897,ğŸ”º YouTube | FAST Subscribers,$ 22.48,5,2000, notes Ã— ğŸ”º YouTube | FAST Subscribers âŒ› Start Time: 0-4 hoursâš¡ Speed per Day: 1 000-2 000 Subscribersâœ… 30 Days Refill GuaranteeğŸ”» Minimum Order: 100ğŸ”¼ Maximum Order: 30 000 
57,733,ğŸ”º YouTube | USA Subscribers,$ 15.95,5,1500, notes Ã— ğŸ”º YouTube | USA Subscribers âŒ› Start Time: 0-10 minutesâš¡ Speed per Day: 20-50 Subscribersâœ… 30 Days Refill GuaranteeğŸ”» Minimum Order: 5ğŸ”¼ Maximum Order: 1 500ğŸ”´LINK EXAMPLE: https://www.youtube.com/channel/UC3XjXafsOt6vIJUIMRw1rcA 
58,764,ğŸ”´YouTube Real & Active LIVE Stream Views,$ 4.06,1000,100000, notes Ã— ğŸ”´YouTube Real & Active LIVE Stream Views âŒ› Start Time: 0-15 minutes âœ… Refill Time: LIFETIME WARRANTYğŸ”» Minimum Order: 10 000ğŸ”¼ Maximum Order: 10 000ğŸ”´ LINK EXAMPLE: https://www.youtube.com/watch?v=wX9OLMNShPQ 
59,765,ğŸ“¢ YouTube | Sponsorship  Collaboration  or Product/Service Ad,$ 2 250.00,1,1, notes Ã— ğŸ“¢ YouTube | Sponsorship Collaboration or Product/Service Ad 
60,859,ğŸ’ ğŸ’¬ YouTube | Comment Likes,$ 6.89,10,50000, notes Ã— ğŸ’ ğŸ’¬ YouTube | Comment Likes âŒ› Start Time: 0-6 Hoursâš¡ Speed per day: 100 Likesâœ… Lifetime Non Drop GuaranteeğŸ”» Minimum Order: 10ğŸ”¼ Maximum Order: 50 000 
61,format_list_numberedID,storageService,bar_chartRate per 1000,call_receivedMin order,call_madeMax order,format_align_leftDescription
62,894,ğŸ¥ Package #1,$ 22.95,1000,1000, notes Ã— ğŸ¥ Package #1 ğŸ”´ YouTube Auto Growth is a Max Cap Package. This means we will automatically boost your YouTube videos with whichever package you choose. The cap is the max amount of videos we will promote. If the cap is 5 we will only promote the next 5 videos you post. After your 5th upload from initial order you will need to come back and re-order. Each package will have different ranges of engagement. Choose the best package that fits your needs and insert the link to your YouTube Channel Link and hit submit. After order is sent our team will place your order and you are good to upload your next video! If any questions or concerns arise please use our LIVE chat or Ticket Support System. Thanks and Welcome to the team!âŒ› Start Time: 0-15 minutes after postingâš¡ Views Per Video: 1 000 ViewsğŸ”» Likes Per Video: 25-50 LikesğŸ”´ YouTube Channel LINK EXAMPLE: https://www.youtube.com/channel/UC-vqG6YYM4xkgETfuAEoBow 
63,895,ğŸ¥ Package #2,$ 47.60,1000,1000, notes Ã— ğŸ¥ Package #2 ğŸ”´ YouTube Auto Growth is a Max Cap Package. This means we will automatically boost your YouTube videos with whichever package you choose. The cap is the max amount of videos we will promote. If the cap is 5 we will only promote the next 5 videos you post. After your 5th upload from initial order you will need to come back and re-order. Each package will have different ranges of engagement. Choose the best package that fits your needs and insert the link to your YouTube Channel Link and hit submit. After order is sent our team will place your order and you are good to upload your next video! If any questions or concerns arise please use our LIVE chat or Ticket Support System. Thanks and Welcome to the team!âŒ› Start Time: 0-15 Minutes after postingâš¡ Views Per Video: 1 500-2 500 ViewsğŸ”» Likes Per Video: 75-100 LikesğŸ”´ YouTube Channel LINK EXAMPLE: https://www.youtube.com/channel/UC-vqG6YYM4xkgETfuAEoBow 
64,898,ğŸ¥ Package #3,$ 86.90,1000,1000, notes Ã— ğŸ¥ Package #3 ğŸ”´ YouTube Auto Growth is a Max Cap Package. This means we will automatically boost your YouTube videos with whichever package you choose. The cap is the max amount of videos we will promote. If the cap is 5 we will only promote the next 5 videos you post. After your 5th upload from initial order you will need to come back and re-order. Each package will have different ranges of engagement. Choose the best package that fits your needs and insert the link to your YouTube Channel Link and hit submit. After order is sent our team will place your order and you are good to upload your next video! If any questions or concerns arise please use our LIVE chat or Ticket Support System. Thanks and Welcome to the team!âŒ› Start Time: 0-15 Minutes after postingâš¡ Views Per Video: 3 500-5 000 ViewsğŸ”» Likes Per Video: 100-150 LikesğŸ”´ YouTube Channel LINK EXAMPLE: https://www.youtube.com/channel/UC-vqG6YYM4xkgETfuAEoBow 
65,899,ğŸ¥ Package #4,$ 189.85,1000,1000, notes Ã— ğŸ¥ Package #4 ğŸ”´ YouTube Auto Growth is a Max Cap Package. This means we will automatically boost your YouTube videos with whichever package you choose. The cap is the max amount of videos we will promote. If the cap is 5 we will only promote the next 5 videos you post. After your 5th upload from initial order you will need to come back and re-order. Each package will have different ranges of engagement. Choose the best package that fits your needs and insert the link to your YouTube Channel Link and hit submit. After order is sent our team will place your order and you are good to upload your next video! If any questions or concerns arise please use our LIVE chat or Ticket Support System. Thanks and Welcome to the team!âŒ› Start Time: 0-15 Minutes after postingâš¡ Views Per Video: 5 000-10 000 ViewsğŸ”» Likes Per Video: 250-500 LikesğŸ”´ YouTube Channel LINK EXAMPLE: https://www.youtube.com/channel/UC-vqG6YYM4xkgETfuAEoBow 
66,900,ğŸ¥ Package #5,$ 454.80,1000,1000, notes Ã— ğŸ¥ Package #5 ğŸ”´ YouTube Auto Growth is a Max Cap Package. This means we will automatically boost your YouTube videos with whichever package you choose. The cap is the max amount of videos we will promote. If the cap is 5 we will only promote the next 5 videos you post. After your 5th upload from initial order you will need to come back and re-order. Each package will have different ranges of engagement. Choose the best package that fits your needs and insert the link to your YouTube Channel Link and hit submit. After order is sent our team will place your order and you are good to upload your next video! If any questions or concerns arise please use our LIVE chat or Ticket Support System. Thanks and Welcome to the team!âŒ› Start Time: 0-15 Minutes after postingâš¡ Views Per Video: 10 000-25 000 ViewsğŸ”» Likes Per Video: 750-1 000 LikesğŸ”´ YouTube Channel LINK EXAMPLE: https://www.youtube.com/channel/UC-vqG6YYM4xkgETfuAEoBow 
67,901,ğŸ¥ Package #6,$ 950.65,1000,1000, notes Ã— ğŸ¥ Package #6 ğŸ”´ YouTube Auto Growth is a Max Cap Package. This means we will automatically boost your YouTube videos with whichever package you choose. The cap is the max amount of videos we will promote. If the cap is 5 we will only promote the next 5 videos you post. After your 5th upload from initial order you will need to come back and re-order. Each package will have different ranges of engagement. Choose the best package that fits your needs and insert the link to your YouTube Channel Link and hit submit. After order is sent our team will place your order and you are good to upload your next video! If any questions or concerns arise please use our LIVE chat or Ticket Support System. Thanks and Welcome to the team!âŒ› Start Time: 0-15 Minutes after postingâš¡ Views Per Video: 25 000-50 000 ViewsğŸ”» Likes Per Video: 1 500-2 500 LikesğŸ”´ YouTube Channel LINK EXAMPLE: https://www.youtube.com/channel/UC-vqG6YYM4xkgETfuAEoBow 
68,format_list_numberedID,storageService,bar_chartRate per 1000,call_receivedMin order,call_madeMax order,format_align_leftDescription
69,907,ğŸ¥ Package #1,$ 45.90,1000,1000, notes Ã— ğŸ¥ Package #1 ğŸ”´ YouTube Auto Growth is a Max Cap Package. This means we will automatically boost your YouTube videos with whichever package you choose. The cap is the max amount of videos we will promote. If the cap is 10 we will only promote the next 10 videos you post. After your 10th upload from initial order you will need to come back and re-order. Each package will have different ranges of engagement. Choose the best package that fits your needs and insert the link to your YouTube Channel Link and hit submit. After order is sent our team will place your order and you are good to upload your next video! If any questions or concerns arise please use our LIVE chat or Ticket Support System. Thanks and Welcome to the team!âŒ› Start Time: 0-15 minutes after postingâš¡ Views Per Video: 500-1 000 ViewsğŸ”» Likes Per Video: 25-50 LikesğŸ”´ YouTube Channel LINK EXAMPLE: https://www.youtube.com/channel/UC-vqG6YYM4xkgETfuAEoBow 
70,908,ğŸ¥ Package #2,$ 95.20,1000,1000, notes Ã— ğŸ¥ Package #2 ğŸ”´ YouTube Auto Growth is a Max Cap Package. This means we will automatically boost your YouTube videos with whichever package you choose. The cap is the max amount of videos we will promote. If the cap is 10 we will only promote the next 10 videos you post. After your 10th upload from initial order you will need to come back and re-order. Each package will have different ranges of engagement. Choose the best package that fits your needs and insert the link to your YouTube Channel Link and hit submit. After order is sent our team will place your order and you are good to upload your next video! If any questions or concerns arise please use our LIVE chat or Ticket Support System. Thanks and Welcome to the team!âŒ› Start Time: 0-15 Minutes after postingâš¡ Views Per Video: 1 500-2 500 ViewsğŸ”» Likes Per Video: 75-100 LikesğŸ”´ YouTube Channel LINK EXAMPLE: https://www.youtube.com/channel/UC-vqG6YYM4xkgETfuAEoBow 
71,909,ğŸ¥ Package #3,$ 173.80,1000,1000, notes Ã— ğŸ¥ Package #3 ğŸ”´ YouTube Auto Growth is a Max Cap Package. This means we will automatically boost your YouTube videos with whichever package you choose. The cap is the max amount of videos we will promote. If the cap is 10 we will only promote the next 10 videos you post. After your 10th upload from initial order you will need to come back and re-order. Each package will have different ranges of engagement. Choose the best package that fits your needs and insert the link to your YouTube Channel Link and hit submit. After order is sent our team will place your order and you are good to upload your next video! If any questions or concerns arise please use our LIVE chat or Ticket Support System. Thanks and Welcome to the team!âŒ› Start Time: 0-15 Minutes after postingâš¡ Views Per Video: 3 500-5 000 ViewsğŸ”» Likes Per Video: 100-150 LikesğŸ”´ YouTube Channel LINK EXAMPLE: https://www.youtube.com/channel/UC-vqG6YYM4xkgETfuAEoBow 
72,910,ğŸ¥ Package #4,$ 379.70,1000,1000, notes Ã— ğŸ¥ Package #4 ğŸ”´ YouTube Auto Growth is a Max Cap Package. This means we will automatically boost your YouTube videos with whichever package you choose. The cap is the max amount of videos we will promote. If the cap is 10 we will only promote the next 10 videos you post. After your 10th upload from initial order you will need to come back and re-order. Each package will have different ranges of engagement. Choose the best package that fits your needs and insert the link to your YouTube Channel Link and hit submit. After order is sent our team will place your order and you are good to upload your next video! If any questions or concerns arise please use our LIVE chat or Ticket Support System. Thanks and Welcome to the team!âŒ› Start Time: 0-15 Minutes after postingâš¡ Views Per Video: 5 000-10 000 ViewsğŸ”» Likes Per Video: 250-500 LikesğŸ”´ YouTube Channel LINK EXAMPLE: https://www.youtube.com/channel/UC-vqG6YYM4xkgETfuAEoBow 
73,911,ğŸ¥ Package #5,$ 900.90,1000,1000, notes Ã— ğŸ¥ Package #5 ğŸ”´ YouTube Auto Growth is a Max Cap Package. This means we will automatically boost your YouTube videos with whichever package you choose. The cap is the max amount of videos we will promote. If the cap is 10 we will only promote the next 10 videos you post. After your 10th upload from initial order you will need to come back and re-order. Each package will have different ranges of engagement. Choose the best package that fits your needs and insert the link to your YouTube Channel Link and hit submit. After order is sent our team will place your order and you are good to upload your next video! If any questions or concerns arise please use our LIVE chat or Ticket Support System. Thanks and Welcome to the team!âŒ› Start Time: 0-15 Minutes after postingâš¡ Views Per Video: 10 000-25 000 ViewsğŸ”» Likes Per Video: 750-1 000 LikesğŸ”¼ Shares Per Video: 20-25ğŸ”´ YouTube Channel LINK EXAMPLE: https://www.youtube.com/channel/UC-vqG6YYM4xkgETfuAEoBow 
74,912,ğŸ¥ Package #6,$ 1 901.30,1000,1000, notes Ã— ğŸ¥ Package #6 ğŸ”´ YouTube Auto Growth is a Max Cap Package. This means we will automatically boost your YouTube videos with whichever package you choose. The cap is the max amount of videos we will promote. If the cap is 10 we will only promote the next 10 videos you post. After your 10th upload from initial order you will need to come back and re-order. Each package will have different ranges of engagement. Choose the best package that fits your needs and insert the link to your YouTube Channel Link and hit submit. After order is sent our team will place your order and you are good to upload your next video! If any questions or concerns arise please use our LIVE chat or Ticket Support System. Thanks and Welcome to the team!âŒ› Start Time: 0-15 Minutes after postingâš¡ Views Per Video: 25 000-50 000 ViewsğŸ”» Likes Per Video: 1 500-2 500 LikesğŸ”¼ Shares Per Video: 20-25ğŸ”´ YouTube Channel LINK EXAMPLE: https://www.youtube.com/channel/UC-vqG6YYM4xkgETfuAEoBow 
75,format_list_numberedID,storageService,bar_chartRate per 1000,call_receivedMin order,call_madeMax order,format_align_leftDescription
76,913,ğŸ¥ Package #1,$ 68.85,1000,1000, notes Ã— ğŸ¥ Package #1 ğŸ”´ YouTube Auto Growth is a Max Cap Package. This means we will automatically boost your YouTube videos with whichever package you choose. The cap is the max amount of videos we will promote. If the cap is 15 we will only promote the next 15 videos you post. After your 15th upload from initial order you will need to come back and re-order. Each package will have different ranges of engagement. Choose the best package that fits your needs and insert the link to your YouTube Channel Link and hit submit. After order is sent our team will place your order and you are good to upload your next video! If any questions or concerns arise please use our LIVE chat or Ticket Support System. Thanks and Welcome to the team!âŒ› Start Time: 0-15 minutes after postingâš¡ Views Per Video: 500-1 000 ViewsğŸ”» Likes Per Video: 25-50 LikesğŸ”¼ Shares Per Video: 20-25ğŸ”´ YouTube Channel LINK EXAMPLE: https://www.youtube.com/channel/UC-vqG6YYM4xkgETfuAEoBow 
77,914,ğŸ¥ Package #2,$ 142.80,1000,1000, notes Ã— ğŸ¥ Package #2 ğŸ”´ YouTube Auto Growth is a Max Cap Package. This means we will automatically boost your YouTube videos with whichever package you choose. The cap is the max amount of videos we will promote. If the cap is 15 we will only promote the next 15 videos you post. After your 15th upload from initial order you will need to come back and re-order. Each package will have different ranges of engagement. Choose the best package that fits your needs and insert the link to your YouTube Channel Link and hit submit. After order is sent our team will place your order and you are good to upload your next video! If any questions or concerns arise please use our LIVE chat or Ticket Support System. Thanks and Welcome to the team!âŒ› Start Time: 0-15 Minutes after postingâš¡ Views Per Video: 1 500-2 500 ViewsğŸ”» Likes Per Video: 75-100 LikesğŸ”¼ Shares Per Video: 20-25ğŸ”´ YouTube Channel LINK EXAMPLE: https://www.youtube.com/channel/UC-vqG6YYM4xkgETfuAEoBow 
78,915,ğŸ¥ Package #3,$ 260.07,1000,1000, notes Ã— ğŸ¥ Package #3 ğŸ”´ This will automatically boost your YouTube Channel for the next 15 videos you post within 30 days! Insert the link of your channel and read below to see what this package will give you.âŒ› Start Time: 0-15 Minutes after postingâš¡ Views Per Video: 3 500-5 000 ViewsğŸ”» Likes Per Video: 100-150 LikesğŸ”¼ Shares Per Video: 20-25ğŸ”´ YouTube Channel LINK EXAMPLE: https://www.youtube.com/channel/UC-vqG6YYM4xkgETfuAEoBow 
79,916,ğŸ¥ Package #4,$ 569.55,1000,1000, notes Ã— ğŸ¥ Package #4 ğŸ”´ This will automatically boost your YouTube Channel for the next 15 videos you post within 30 days! Insert the link of your channel and read below to see what this package will give you.âŒ› Start Time: 0-15 Minutes after postingâš¡ Views Per Video: 5 000-10 000 ViewsğŸ”» Likes Per Video: 250-500 LikesğŸ”¼ Shares Per Video: 20-25ğŸ”´ YouTube Channel LINK EXAMPLE: https://www.youtube.com/channel/UC-vqG6YYM4xkgETfuAEoBow 
80,917,ğŸ¥ Package #5,$ 1 364.40,1000,1000, notes Ã— ğŸ¥ Package #5 ğŸ”´ This will automatically boost your YouTube Channel for the next 15 videos you post within 30 days! Insert the link of your channel and read below to see what this package will give you.âŒ› Start Time: 0-15 Minutes after postingâš¡ Views Per Video: 10 000-25 000 ViewsğŸ”» Likes Per Video: 750-1 000 LikesğŸ”¼ Shares Per Video: 20-25ğŸ”´ YouTube Channel LINK EXAMPLE: https://www.youtube.com/channel/UC-vqG6YYM4xkgETfuAEoBow 
81,918,ğŸ¥ Package #6,$ 2 851.95,1000,1000, notes Ã— ğŸ¥ Package #6 ğŸ”´ This will automatically boost your YouTube Channel for the next 15 videos you post within 30 days! Insert the link of your channel and read below to see what this package will give you.âŒ› Start Time: 0-15 Minutes after postingâš¡ Views Per Video: 25 000-50 000 ViewsğŸ”» Likes Per Video: 1 500-2 500 LikesğŸ”¼ Shares Per Video: 20-25ğŸ”´ YouTube Channel LINK EXAMPLE: https://www.youtube.com/channel/UC-vqG6YYM4xkgETfuAEoBow 
82,format_list_numberedID,storageService,bar_chartRate per 1000,call_receivedMin order,call_madeMax order,format_align_leftDescription
83,925,âŒšPackage #1 | For Videos Longer Than 60 Minutes,$ 11.17,100,5000," notes Ã— âŒšPackage #1 | For Videos Longer Than 60 Minutes ğŸ”´ Please Note:""When ordering from this service 1 view = 60 minutes of watch time. If you need 1 000 watch hours please order 1 000 views on any video 60 minutes or longer.ğŸ”´ Please order in multiples of 100. For example: 100 500 3500 etc.âŒ› Start Time: 0-24 hoursâš¡ Watch Time Per Day: 1 000 to 2 000 watch hoursâœ… 30 Days Refill GuaranteeğŸ”» Minimum Order: 100ğŸ”¼ Maximum Order: 5 000ğŸ”´LINK EXAMPLE: https://www.youtube.com/watch?v=3V0rtYvnOhI "
84,format_list_numberedID,storageService,bar_chartRate per 1000,call_receivedMin order,call_madeMax order,format_align_leftDescription
85,755,ğŸ‡ºğŸ‡¸ USA Targeted YouTube Views - â™»,$ 2.61,1000,10000000, notes Ã— ğŸ‡ºğŸ‡¸ USA Targeted YouTube Views - â™» âŒ› Start Time: 0-24 hoursâš¡ Speed per Day: 20 000-200 000 Viewsâœ… Refill Time: LifetimeğŸ”» Minimum Order: 1 000ğŸ”¼ Maximum Order: 100 000 000ğŸ”´ 100% Real Human ViewsğŸ”´ 0-60 Seconds watch timeğŸ”´ Windows desktop watch page & embedded views(video embedding must be enabled)ğŸ”´ Worldwide viewers added in a non-stop natural pattern incremental speed based on the order sizeğŸ”´ Works for Vevo 
86,734,ğŸ‡¦ğŸ‡º Australia Targeted YouTube Views - â™»,$ 2.61,1000,10000000, notes Ã— ğŸ‡¦ğŸ‡º Australia Targeted YouTube Views - â™» âŒ› Start Time: 0-24 hoursâš¡ Speed per Day: 20 000-200 000 Viewsâœ… Refill Time: LifetimeğŸ”» Minimum Order: 100ğŸ”¼ Maximum Order: 100 000 000ğŸ”´ 100% Real Human ViewsğŸ”´ 0-60 Seconds watch timeğŸ”´ Windows desktop watch page & embedded views(video embedding must be enabled)ğŸ”´ Worldwide viewers added in a non-stop natural pattern incremental speed based on the order sizeğŸ”´ Works for Vevo 
87,735,ğŸ‡§ğŸ‡· Brazil Targeted YouTube Views - â™»,$ 2.61,500,10000000, notes Ã— ğŸ‡§ğŸ‡· Brazil Targeted YouTube Views - â™» âŒ› Start Time: 0-24 hoursâš¡ Speed per Day: 20 000-200 000 Viewsâœ… Refill Time: LifetimeğŸ”» Minimum Order: 100ğŸ”¼ Maximum Order: 100 000 000ğŸ”´ 100% Real Human ViewsğŸ”´ 0-60 Seconds watch timeğŸ”´ Windows desktop watch page & embedded views(video embedding must be enabled)ğŸ”´ Worldwide viewers added in a non-stop natural pattern incremental speed based on the order sizeğŸ”´ Works for Vevo 
88,736,ğŸ‡¨ğŸ‡¦ Canada Targeted YouTube Views - â™»,$ 2.61,500,10000000, notes Ã— ğŸ‡¨ğŸ‡¦ Canada Targeted YouTube Views - â™» âŒ› Start Time: 0-24 hoursâš¡ Speed per Day: 20 000-200 000 Viewsâœ… Refill Time: LifetimeğŸ”» Minimum Order: 100ğŸ”¼ Maximum Order: 100 000 000ğŸ”´ 100% Real Human ViewsğŸ”´ 0-60 Seconds watch timeğŸ”´ Windows desktop watch page & embedded views(video embedding must be enabled)ğŸ”´ Worldwide viewers added in a non-stop natural pattern incremental speed based on the order sizeğŸ”´ Works for Vevo 
89,737,ğŸ‡ªğŸ‡¬ Egypt Targeted YouTube Views - â™»,$ 2.61,500,10000000, notes Ã— ğŸ‡ªğŸ‡¬ Egypt Targeted YouTube Views - â™» âŒ› Start Time: 0-24 hoursâš¡ Speed per Day: 20 000-200 000 Viewsâœ… Refill Time: LifetimeğŸ”» Minimum Order: 100ğŸ”¼ Maximum Order: 100 000 000ğŸ”´ 100% Real Human ViewsğŸ”´ 0-60 Seconds watch timeğŸ”´ Windows desktop watch page & embedded views(video embedding must be enabled)ğŸ”´ Worldwide viewers added in a non-stop natural pattern incremental speed based on the order sizeğŸ”´ Works for Vevo 
90,738,ğŸ‡«ğŸ‡· France Targeted YouTube Views - â™»,$ 2.61,1000,10000000, notes Ã— ğŸ‡«ğŸ‡· France Targeted YouTube Views - â™» âŒ› Start Time: 0-24 hoursâš¡ Speed per Day: 20 000-200 000 Viewsâœ… Refill Time: LifetimeğŸ”» Minimum Order: 100ğŸ”¼ Maximum Order: 100 000 000ğŸ”´ 100% Real Human ViewsğŸ”´ 0-60 Seconds watch timeğŸ”´ Windows desktop watch page & embedded views(video embedding must be enabled)ğŸ”´ Worldwide viewers added in a non-stop natural pattern incremental speed based on the order sizeğŸ”´ Works for Vevo 
91,739,ğŸ‡©ğŸ‡ª Germany Targeted YouTube Views - â™»,$ 2.61,500,10000000, notes Ã— ğŸ‡©ğŸ‡ª Germany Targeted YouTube Views - â™» âŒ› Start Time: 0-24 hoursâš¡ Speed per Day: 20 000-200 000 Viewsâœ… Refill Time: LifetimeğŸ”» Minimum Order: 1 000ğŸ”¼ Maximum Order: 100 000 000ğŸ”´ 100% Real Human ViewsğŸ”´ 0-60 Seconds watch timeğŸ”´ Windows desktop watch page & embedded views(video embedding must be enabled)ğŸ”´ Worldwide viewers added in a non-stop natural pattern incremental speed based on the order sizeğŸ”´ Works for Vevo 
92,740,ğŸ‡­ğŸ‡° Hong Kong Targeted YouTube Views - â™»,$ 2.61,500,10000000, notes Ã— ğŸ‡­ğŸ‡° Hong Kong Targeted YouTube Views - â™» âŒ› Start Time: 0-24 hoursâš¡ Speed per Day: 20 000-200 000 Viewsâœ… Refill Time: LifetimeğŸ”» Minimum Order: 100ğŸ”¼ Maximum Order: 100 000 000ğŸ”´ 100% Real Human ViewsğŸ”´ 0-60 Seconds watch timeğŸ”´ Windows desktop watch page & embedded views(video embedding must be enabled)ğŸ”´ Worldwide viewers added in a non-stop natural pattern incremental speed based on the order sizeğŸ”´ Works for Vevo 
93,741,ğŸ‡®ğŸ‡³ India Targeted YouTube Views - â™»,$ 2.61,500,10000000, notes Ã— ğŸ‡®ğŸ‡³ India Targeted YouTube Views - â™» 0-48 hour start time2 000-20 000/day speedLifetime Auto Refill guarantee2-5 minutes watch time100% Real human YouTube viewsWindows desktop watch page & embedded viewsWorldwide viewers added in a non-stop natural patternMust be unrestricted & open for all countriesIncremental Speed Based on Order SizeOK for VEVO1 000 Minimum order10 000 000 Maximum order 
94,742,ğŸ‡®ğŸ‡± Israel Targeted YouTube Views - â™»,$ 2.61,500,10000000, notes Ã— ğŸ‡®ğŸ‡± Israel Targeted YouTube Views - â™» âŒ› Start Time: 0-24 hoursâš¡ Speed per Day: 20 000-200 000 Viewsâœ… Refill Time: LifetimeğŸ”» Minimum Order: 100ğŸ”¼ Maximum Order: 100 000 000ğŸ”´ 100% Real Human ViewsğŸ”´ 0-60 Seconds watch timeğŸ”´ Windows desktop watch page & embedded views(video embedding must be enabled)ğŸ”´ Worldwide viewers added in a non-stop natural pattern incremental speed based on the order sizeğŸ”´ Works for Vevo 
95,744,ğŸ‡®ğŸ‡¹ Italy Targeted YouTube Views - â™»,$ 2.61,1000,10000000, notes Ã— ğŸ‡®ğŸ‡¹ Italy Targeted YouTube Views - â™» âŒ› Start Time: 0-24 hoursâš¡ Speed per Day: 20 000-200 000 Viewsâœ… Refill Time: LifetimeğŸ”» Minimum Order: 100ğŸ”¼ Maximum Order: 100 000 000ğŸ”´ 100% Real Human ViewsğŸ”´ 0-60 Seconds watch timeğŸ”´ Windows desktop watch page & embedded views(video embedding must be enabled)ğŸ”´ Worldwide viewers added in a non-stop natural pattern incremental speed based on the order sizeğŸ”´ Works for Vevo 
96,745,ğŸ‡¯ğŸ‡µ Japan Targeted YouTube Views - â™»,$ 2.61,1000,10000000, notes Ã— ğŸ‡¯ğŸ‡µ Japan Targeted YouTube Views - â™» âŒ› Start Time: 0-24 hoursâš¡ Speed per Day: 20 000-200 000 Viewsâœ… Refill Time: LifetimeğŸ”» Minimum Order: 100ğŸ”¼ Maximum Order: 100 000 000ğŸ”´ 100% Real Human ViewsğŸ”´ 0-60 Seconds watch timeğŸ”´ Windows desktop watch page & embedded views(video embedding must be enabled)ğŸ”´ Worldwide viewers added in a non-stop natural pattern incremental speed based on the order sizeğŸ”´ Works for Vevo 
97,746,ğŸ‡µğŸ‡° Pakistan Targeted YouTube Views - â™»,$ 2.61,1000,10000000, notes Ã— ğŸ‡µğŸ‡° Pakistan Targeted YouTube Views - â™» âŒ› Start Time: 0-24 hoursâš¡ Speed per Day: 20 000-200 000 Viewsâœ… Refill Time: LifetimeğŸ”» Minimum Order: 100ğŸ”¼ Maximum Order: 100 000 000ğŸ”´ 100% Real Human ViewsğŸ”´ 0-60 Seconds watch timeğŸ”´ Windows desktop watch page & embedded views(video embedding must be enabled)ğŸ”´ Worldwide viewers added in a non-stop natural pattern incremental speed based on the order sizeğŸ”´ Works for Vevo 
98,747,ğŸ‡µğŸ‡± Poland Targeted YouTube Views - â™»,$ 2.61,1000,10000000, notes Ã— ğŸ‡µğŸ‡± Poland Targeted YouTube Views - â™» âŒ› Start Time: 0-24 hoursâš¡ Speed per Day: 20 000-200 000 Viewsâœ… Refill Time: LifetimeğŸ”» Minimum Order: 100ğŸ”¼ Maximum Order: 100 000 000ğŸ”´ 100% Real Human ViewsğŸ”´ 0-60 Seconds watch timeğŸ”´ Windows desktop watch page & embedded views(video embedding must be enabled)ğŸ”´ Worldwide viewers added in a non-stop natural pattern incremental speed based on the order sizeğŸ”´ Works for Vevo 
99,748,ğŸ‡·ğŸ‡º Russia Targeted YouTube Views - â™»,$ 2.61,500,10000000, notes Ã— ğŸ‡·ğŸ‡º Russia Targeted YouTube Views - â™» âŒ› Start Time: 0-24 hoursâš¡ Speed per Day: 20 000-200 000 Viewsâœ… Refill Time: LifetimeğŸ”» Minimum Order: 100ğŸ”¼ Maximum Order: 100 000 000ğŸ”´ 100% Real Human ViewsğŸ”´ 0-60 Seconds watch timeğŸ”´ Windows desktop watch page & embedded views(video embedding must be enabled)ğŸ”´ Worldwide viewers added in a non-stop natural pattern incremental speed based on the order sizeğŸ”´ Works for Vevo 
100,749,ğŸ‡¸ğŸ‡¦ Saudi Arabia Targeted YouTube Views - â™»,$ 2.61,1000,10000000, notes Ã— ğŸ‡¸ğŸ‡¦ Saudi Arabia Targeted YouTube Views - â™» âŒ› Start Time: 0-24 hoursâš¡ Speed per Day: 20 000-200 000 Viewsâœ… Refill Time: LifetimeğŸ”» Minimum Order: 100ğŸ”¼ Maximum Order: 100 000 000ğŸ”´ 100% Real Human ViewsğŸ”´ 0-60 Seconds watch timeğŸ”´ Windows desktop watch page & embedded views(video embedding must be enabled)ğŸ”´ Worldwide viewers added in a non-stop natural pattern incremental speed based on the order sizeğŸ”´ Works for Vevo 
101,750,ğŸ‡ªğŸ‡¸ Spain Targeted YouTube Views - â™»,$ 2.61,1000,10000000, notes Ã— ğŸ‡ªğŸ‡¸ Spain Targeted YouTube Views - â™» âŒ› Start Time: 0-24 hoursâš¡ Speed per Day: 20 000-200 000 Viewsâœ… Refill Time: LifetimeğŸ”» Minimum Order: 100ğŸ”¼ Maximum Order: 100 000 000ğŸ”´ 100% Real Human ViewsğŸ”´ 0-60 Seconds watch timeğŸ”´ Windows desktop watch page & embedded views(video embedding must be enabled)ğŸ”´ Worldwide viewers added in a non-stop natural pattern incremental speed based on the order sizeğŸ”´ Works for Vevo 
102,752,ğŸ‡¹ğŸ‡¼ Taiwan Targeted YouTube Views - â™»,$ 2.61,1000,10000000, notes Ã— ğŸ‡¹ğŸ‡¼ Taiwan Targeted YouTube Views - â™» âŒ› Start Time: 0-24 hoursâš¡ Speed per Day: 20 000-200 000 Viewsâœ… Refill Time: LifetimeğŸ”» Minimum Order: 100ğŸ”¼ Maximum Order: 100 000 000ğŸ”´ 100% Real Human ViewsğŸ”´ 0-60 Seconds watch timeğŸ”´ Windows desktop watch page & embedded views(video embedding must be enabled)ğŸ”´ Worldwide viewers added in a non-stop natural pattern incremental speed based on the order sizeğŸ”´ Works for Vevo 
103,753,ğŸ‡¹ğŸ‡· Turkey Targeted YouTube Views - â™»,$ 2.61,500,10000000, notes Ã— ğŸ‡¹ğŸ‡· Turkey Targeted YouTube Views - â™» âŒ› Start Time: 0-24 hoursâš¡ Speed per Day: 20 000-200 000 Viewsâœ… Refill Time: LifetimeğŸ”» Minimum Order: 100ğŸ”¼ Maximum Order: 100 000 000ğŸ”´ 100% Real Human ViewsğŸ”´ 0-60 Seconds watch timeğŸ”´ Windows desktop watch page & embedded views(video embedding must be enabled)ğŸ”´ Worldwide viewers added in a non-stop natural pattern incremental speed based on the order sizeğŸ”´ Works for Vevo 
104,754,ğŸ‡¬ğŸ‡§ UK Targeted YouTube Views - â™»,$ 2.61,500,10000000, notes Ã— ğŸ‡¬ğŸ‡§ UK Targeted YouTube Views - â™» âŒ› Start Time: 0-24 hoursâš¡ Speed per Day: 20 000-200 000 Viewsâœ… Refill Time: LifetimeğŸ”» Minimum Order: 100ğŸ”¼ Maximum Order: 100 000 000ğŸ”´ 100% Real Human ViewsğŸ”´ 0-60 Seconds watch timeğŸ”´ Windows desktop watch page & embedded views(video embedding must be enabled)ğŸ”´ Worldwide viewers added in a non-stop natural pattern incremental speed based on the order sizeğŸ”´ Works for Vevo 
105,743,ğŸ‡°ğŸ‡· South Korea Targeted YouTube Views - â™»,$ 4.06,500,100000, notes Ã— ğŸ‡°ğŸ‡· South Korea Targeted YouTube Views - â™» âŒ› Start Time: 0-24 hoursâš¡ Speed per Day: 20 000-200 000 Viewsâœ… Refill Time: LifetimeğŸ”» Minimum Order: 100ğŸ”¼ Maximum Order: 100 000 000ğŸ”´ 100% Real Human ViewsğŸ”´ 0-60 Seconds watch timeğŸ”´ Windows desktop watch page & embedded views(video embedding must be enabled)ğŸ”´ Worldwide viewers added in a non-stop natural pattern incremental speed based on the order sizeğŸ”´ Works for Vevo 
106,933,ğŸ‡¦ğŸ‡· Argentina Targeted YouTube Views - â™»,$ 3.19,1000,500000, notes Ã— ğŸ‡¦ğŸ‡· Argentina Targeted YouTube Views - â™» â€¢ 200-1000* Views Per Dayâ€¢ GEO Targeted EAVâ„¢ - Embedded Ads Views*â€¢ 100% Unique Real Human YouTube Viewsâ€¢ INSTANT STARTâ€¢ Random Retentionâ€¢ Stable NON-DROP Views with 90 Days Refill Guarantee**â€¢ Traffic Sources: Direct Embedded Ads Advertisementâ€¢ Video Must be Public Unrestricted & Open for ALL countriesâ€¢ OK for VEVO Videosâ€¢ Cancel any Time with Full/Partial Refundâ€¢ views can be send to embed enabled videos ONLYhttps://i.gyazo.com/02bb90632387b7598d3e1357507aa87d.png* according to YouTube You wonâ€™t see any geography data in Realtime reports or unlisted videos You may not see geography data if your public video or channel has limited traffic during the selected time period** If views added from external non-organic sources your guarantee may be revoked!* daily speeds vary by country and load 
107,934,ğŸ‡¸ğŸ‡ª Sweden Targeted YouTube Views - â™»,$ 2.18,1000,10000000, notes Ã— ğŸ‡¸ğŸ‡ª Sweden Targeted YouTube Views - â™» âŒ› Start Time: 0-24 hoursâš¡ Speed per Day: 2 000-20 000 Viewsâœ… Refill Time: LifetimeğŸ”» Minimum Order: 500ğŸ”¼ Maximum Order: 100 000 000ğŸ”´ 100% Real Human ViewsğŸ”´ 2-5 minutes watch timeğŸ”´ Windows desktop watch page & embedded views(video embedding must be enabled)ğŸ”´ Worldwide viewers added in a non-stop natural pattern incremental speed based on the order sizeğŸ”´ Works for Vevo 
108,940,ğŸ‡¬ğŸ‡· Greek Targeted YouTube Views - â™»,$ 2.18,1000,10000000, notes Ã— ğŸ‡¬ğŸ‡· Greek Targeted YouTube Views - â™» 
109,format_list_numberedID,storageService,bar_chartRate per 1000,call_receivedMin order,call_madeMax order,format_align_leftDescription
110,713,ğŸ‘Facebook | Fan Page Likes,$ 11.89,100,75000, notes Ã— ğŸ‘Facebook | Fan Page Likes âŒ› Start Time: 0-6 hoursâš¡ Speed per Day: 200-300 Likesâœ… Refill Time: 30 DaysğŸ”» Minimum Order: 100ğŸ”¼ Maximum Order: 5 000ğŸ”´ LINK EXAMPLE: https://www.facebook.com/TheSocialAdGenius/ 
111,721,ğŸ‘¥Facebook Profile Followers & Facebook Friends,$ 5.37,100,3000, notes Ã— ğŸ‘¥Facebook Profile Followers & Facebook Friends ğŸ”´ Please make sure all settings are on PUBLIC. This is including the people who can see your friends list.âŒ›Start Time: 0-24 hoursâš¡Speed per Day: 1 000 followersâœ…Refill Time: 30 Day WarrantyğŸ”»Minimum Order: 100ğŸ”¼Maximum Order: 5 000 
112,722,â­â­â­â­â­Facebook 5 Star Reviews/Ratings - Custom Text,$ 36.25,20,600, notes Ã— â­â­â­â­â­Facebook 5 Star Reviews/Ratings - Custom Text âŒ›Start Time: 0-12 hoursâš¡Speed per Day: 50-200 Reviewsâœ…Refill Time: 30 DaysğŸ”»Minimum Order: 20ğŸ”¼Maximum Order: 600To enter custom text upload it to https://pastebin.com/Then enter the FB link + Pastebin link in the same field 
113,723,â­â­â­â­â­Facebook 5 Star Reviews/Ratings - Random Text,$ 116.00,40,500, notes Ã— â­â­â­â­â­Facebook 5 Star Reviews/Ratings - Random Text âŒ›Start Time: 0-12 hoursâš¡Speed per Day: 50-200 Reviewsâœ…Refill Time: 30 DaysğŸ”»Minimum Order: 40ğŸ”¼Maximum Order: 300 
114,845,ğŸ—£ï¸ Facebook | Group Members,$ 5.51,100,10000, notes Ã— ğŸ—£ï¸ Facebook | Group Members *Do not use m.facebook links only www.facebook links are accepted thanks!âŒ› Start Time: 0-1 hourâš¡ Speed per Day: 1 000âœ… 30 Days Refill GuaranteeğŸ”» Minimum Order: 100ğŸ”¼ Maximum Order: 10 000 
115,846,ğŸ‘¥ Facebook | Page Followers,$ 5.37,100,2000, notes Ã— ğŸ‘¥ Facebook | Page Followers *Do not use m.facebook links only www.facebook links are accepted thanks!âŒ› Start Time: 0-1 hourâš¡ Speed per Day: 1 000âœ… 30 Days Refill GuaranteeğŸ”» Minimum Order: 100ğŸ”¼ Maximum Order: 2 000 
116,848,âš›ï¸ Facebook | Website Likes,$ 5.80,100,100000000, notes Ã— âš›ï¸ Facebook | Website Likes âŒ› Start Time: 0-24 hoursâš¡ Speed per Day: 50 000-100 000âœ… Lifetime non drop guaranteeğŸ”» Minimum Order: 500ğŸ”¼ Maximum Order: 100 000 000 
117,937,Facebook - Video Views - 3 Second Watch Time,$ 0.90,500,10000000, notes Ã— Facebook - Video Views - 3 Second Watch Time âŒ› Start Time: Instantâš¡ Speed per Day: 5 000-100 000 Real Viewsâœ… Lifetime non drop guaranteeğŸ”» Minimum Order: 500ğŸ”¼ Maximum Order:1 000 000 
118,938,Facebook - Video Views - 1 Minute Watch Time,$ 1.26,500,10000000, notes Ã— Facebook - Video Views - 1 Minute Watch Time âŒ› Start Time: Instantâš¡ Speed per Day: 5 000-100 000 Real Viewsâœ… Lifetime non drop guaranteeğŸ”» Minimum Order: 500ğŸ”¼ Maximum Order:1 000 000 
119,format_list_numberedID,storageService,bar_chartRate per 1000,call_receivedMin order,call_madeMax order,format_align_leftDescription
120,714,ğŸ—£ï¸Facebook | ğŸ‘ Post Likes,$ 5.22,50,5000, notes Ã— ğŸ—£ï¸Facebook | ğŸ‘ Post Likes ğŸ”´LINK EXAMPLE: Click the date or time on the post to get post URL. Example is at the link below: https://prnt.sc/lrs22vâŒ› Start Time: 0-6 hoursâš¡ Speed per Day: 1 000âœ… 24 Hour RefillğŸ”» Minimum Order: 50ğŸ”¼ Maximum Order: 10 000 
121,841,ğŸ—£ï¸Facebook | â¤ï¸ Post Reactions,$ 6.53,25,2000, notes Ã— ğŸ—£ï¸Facebook | â¤ï¸ Post Reactions ğŸ”´LINK EXAMPLE: Click the date or time on the post to get post URL. Example is at the link below: https://prnt.sc/lrs22vâŒ› Start Time: 0-6 hoursâš¡ Speed per Day: 2 000âœ… Lifetime GuaranteedğŸ”» Minimum Order: 25ğŸ”¼ Maximum Order: 2 000 
122,842,ğŸ—£ï¸Facebook | ğŸ˜† Haha Reactions,$ 6.53,25,2000, notes Ã— ğŸ—£ï¸Facebook | ğŸ˜† Haha Reactions ğŸ”´LINK EXAMPLE: Click the date or time on the post to get post URL. Example is at the link below: https://prnt.sc/lrs22vâŒ› Start Time: 0-6 hoursâš¡ Speed per Day: 2 000âœ… Lifetime GuaranteedğŸ”» Minimum Order: 25ğŸ”¼ Maximum Order: 2 000 
123,843,ğŸ—£ï¸Facebook | ğŸ˜¢ Post Reactions,$ 6.53,25,2000, notes Ã— ğŸ—£ï¸Facebook | ğŸ˜¢ Post Reactions ğŸ”´LINK EXAMPLE: Click the date or time on the post to get post URL. Example is at the link below: https://prnt.sc/lrs22vâŒ› Start Time: 0-6 hoursâš¡ Speed per Day: 2 000âœ… Lifetime GuaranteedğŸ”» Minimum Order: 25ğŸ”¼ Maximum Order: 2 000 
124,844,ğŸ—£ï¸Facebook | ğŸ˜® Wow Post Reactions,$ 5.51,100,5000, notes Ã— ğŸ—£ï¸Facebook | ğŸ˜® Wow Post Reactions ğŸ”´LINK EXAMPLE: Click the date or time on the post to get post URL. Example is at the link below: https://prnt.sc/lrs22vâŒ› Start Time: 0-6 hoursâš¡ Speed per Day: 2 000âœ… Lifetime GuaranteedğŸ”» Minimum Order: 25ğŸ”¼ Maximum Order: 2 000 
125,716,ğŸ’¬Comments | Custom,$ 15.95,20,500, notes Ã— ğŸ’¬Comments | Custom ğŸ”´ Be sure to repeat the same comments a couple of times in a row. Doing this will increase the chances of your comment having a profile picture! Also delete the duplicates after!âŒ›Start Time: 0-24 hoursâš¡Speed per Day: 500 Commentsâœ…Refill Time: LIFETIME WARRANTYğŸ”»Minimum Order: 20ğŸ”¼Maximum Order: 500ğŸ”´LINK EXAMPLE: Click the date or time on the post to get post URL. Example is at the link below: https://prnt.sc/lrs22v 
126,931,Facebook Post Shares,$ 8.70,25,100000000, notes Ã— Facebook Post Shares âŒ› Start Time: 0-6 hoursâš¡ Speed per Day: 1 000-5 000âœ… 30 Days refill guaranteeğŸ”» Minimum Order: 30ğŸ”¼ Maximum Order: 1 000 
127,format_list_numberedID,storageService,bar_chartRate per 1000,call_receivedMin order,call_madeMax order,format_align_leftDescription
128,847,ğŸ‘¥ Facebook Event | Interested,$ 8.75,100,25000, notes Ã— ğŸ‘¥ Facebook Event | Interested ğŸ”´ Please make sure all settings are on PUBLIC.âŒ› Start Time: 0-15 minutesâš¡ Speed per Day: 1 000âœ… Lifetime non drop guaranteeğŸ”» Minimum Order: 5ğŸ”¼ Maximum Order: 2 000 
129,886,ğŸ‘¥ Facebook Event | Going,$ 8.75,100,25000, notes Ã— ğŸ‘¥ Facebook Event | Going ğŸ”´ Please make sure all settings are on PUBLIC.âŒ› Start Time: 0-15 minutesâš¡ Speed per Day: 1 000âœ… Lifetime non drop guaranteeğŸ”» Minimum Order: 5ğŸ”¼ Maximum Order: 2 000 
130,format_list_numberedID,storageService,bar_chartRate per 1000,call_receivedMin order,call_madeMax order,format_align_leftDescription
131,930,â˜‘ï¸ 1 Time Payment - Full Course LIFETIME Access,$ 0.00,1,1, notes Ã— â˜‘ï¸ 1 Time Payment - Full Course LIFETIME Access This Facebook Lead Generation Course was created by our CEO. If you are not satisfied with your purchase we will refund 100% of your money.âš ï¸ Course Cost: $7âš ï¸ Access Course Here: https://theadgenius.online/**To enroll in this course please use the link above. This course will teach you the simple powerful quick and straight forward method to generate leads and email lists on Facebook for CHEAP! 
132,format_list_numberedID,storageService,bar_chartRate per 1000,call_receivedMin order,call_madeMax order,format_align_leftDescription
133,787,ğŸ‘¥ Followers | Premium Quality,$ 8.40,50,30000, notes Ã— ğŸ‘¥ Followers | Premium Quality âŒ› Start Time: 0-15 minutesâš¡ Speed per Day: 10 000âœ… Lifetime non drop guaranteeğŸ”» Minimum Order: 50ğŸ”¼ Maximum Order: 20 000ğŸ”´ Link Format: https://www.tiktok.com/@cbynum2020/ 
134,788,ğŸ‘ Likes | Premium Quality,$ 3.00,10,13000, notes Ã— ğŸ‘ Likes | Premium Quality âŒ› Start Time: 0-1 hourâš¡ Speed per Day: 150 000âœ… Lifetime non drop guaranteeğŸ”» Minimum Order: 50ğŸ”¼ Maximum Order: 350 000ğŸ”´ Link Format: https://www.tiktok.com/@cbynum2020/ 
135,789,ğŸ¥ Tik Tok | Video Views,$ 0.04,100,1000000000, notes Ã— ğŸ¥ Tik Tok | Video Views âŒ› Start Time: 0-15 minutesâš¡ Speed per Day: 10 000âœ… No Refill/No RefundğŸ”» Minimum Order: 1 000ğŸ”¼ Maximum Order: 1 000 000 
136,format_list_numberedID,storageService,bar_chartRate per 1000,call_receivedMin order,call_madeMax order,format_align_leftDescription
137,766,ğŸ¦ğŸ‘¥ Twitter | Followers,$ 5.51,10,2000, notes Ã— ğŸ¦ğŸ‘¥ Twitter | Followers âŒ›Start Time: 0-1 Hourâš¡ Speed per Day: 100-500âœ… Refill Time: 30 DaysğŸ”» Minimum Order: 50ğŸ”¼ Maximum Order: 4 000ğŸ”´USERNAME LINK EXAMPLE: carlton.bynum.official 
138,767,ğŸ¦ğŸ”´ Twitter | Impressions,$ 1.45,100,100000, notes Ã— ğŸ¦ğŸ”´ Twitter | Impressions âŒ› Start Time: 0-30 minutesâš¡ Speed per Day: 100 000 âœ… Lifetime non drop guaranteeğŸ”» Minimum Order: 100ğŸ”¼ Maximum Order: 100 000 
139,768,ğŸ¦ğŸ‘ğŸ» Twitter | Likes,$ 5.80,20,10000, notes Ã— ğŸ¦ğŸ‘ğŸ» Twitter | Likes âŒ› Start Time: 0-24 hoursâš¡ Speed per Day: 100-800 âœ… Refill Time: 30 DaysğŸ”» Minimum Order: 20ğŸ”¼ Maximum Order: 10 000 
140,769,ğŸ¦ğŸ¦ Retweets | Twitter,$ 5.80,20,10000, notes Ã— ğŸ¦ğŸ¦ Retweets | Twitter âŒ› Start Time: 0-24 hoursâš¡ Speed per Day: 100-800 âœ… Refill Time: 30 DaysğŸ”» Minimum Order: 20ğŸ”¼ Maximum Order: 10 000 
141,format_list_numberedID,storageService,bar_chartRate per 1000,call_receivedMin order,call_madeMax order,format_align_leftDescription
142,784,ğŸ‘¥LinkedIn | Followers,$ 8.70,100,100000, notes Ã— ğŸ‘¥LinkedIn | Followers âŒ›Start Time: 0-72 Hoursâš¡Speed per Day: 300-500 Followersâœ…Refill Time: LIFETIME WARRANTYğŸ”»Minimum Order: 100ğŸ”¼Maximum Order: 100 000ğŸ”´LINK EXAMPLE: https://www.linkedin.com/in/daymondjohn/ 
143,785,ğŸ¤LinkedIn | Connections,$ 217.50,10,30, notes Ã— ğŸ¤LinkedIn | Connections âŒ›Start Time: 0-72 Hoursâš¡Speed per Day: 10-300 Connectionsâœ…Refill Time: LIFETIME WARRANTYğŸ”»Minimum Order: 25ğŸ”¼Maximum Order: 300ğŸ”´LINK EXAMPLE: *Connections must be accepted manually by the clienthttps://www.linkedin.com/in/daymondjohn/ 
144,786,ğŸ’°LinkedIn | Endorsements,$ 362.50,10,200, notes Ã— ğŸ’°LinkedIn | Endorsements âŒ›Start Time: 0-72 Hoursâš¡Speed per Day: 100-200âœ…Refill Time: LIFETIME WARRANTYğŸ”»Minimum Order: 200ğŸ”¼Maximum Order: 5 000ğŸ”´Be sure to accept the endorsements so we can continue to boost. 
145,format_list_numberedID,storageService,bar_chartRate per 1000,call_receivedMin order,call_madeMax order,format_align_leftDescription
146,822,ğŸŒŸ Increase Google Search Rankings (3) Keywords ğŸŒŸ,$ 84.99,1,1, notes Ã— ğŸŒŸ Increase Google Search Rankings (3) Keywords ğŸŒŸ ğŸ”´ This service is performed in a 100% safe and manual procedure. We do NOT spam links. ğŸ”´ For this service we manually create PBN (Private Blog Network) backlinks for your website. (Healthy White Hat SEO that boosts your Google rankings for up to 3 Keywords). This service is guaranteed to boost your rankings or we refund your money. These links will have professionally written articles from our writers that contain your website link + keywords.âŒ› Start Time: 0-48 hoursâš¡ Results: Rankings take 2-3 weeks to effect but results are guaranteed. This service should be ordered ONLY once per month per URL.ğŸ”´ Want a report of your links? Please review the link example below:ğŸ”´ To order please insert link as follows:Keyword1 Keyword2 Keyword3 - www.example.com - email 
147,824,ğŸŒŸ Increase Google Search Rankings | DOFOLLOW Backlinks ğŸŒŸ,$ 29.99,1,1, notes Ã— ğŸŒŸ Increase Google Search Rankings | DOFOLLOW Backlinks ğŸŒŸ ğŸ”´ This service is performed in a 100% safe and manual procedure. We do NOT spam links. ğŸ”´ For this service we manually create DOFOLLOW backlinks for your website. DOFOLLOW backlinks allow Google or whatever search engine is being used to follow them and reach your website. Basically these are links that will pass on the SEO benefits of the website where it is built from to the hyperlinked website. ... This will improve its ranking position significantly in search engines.âŒ› Delivery Time: 0-72 hoursâš¡ Results: Rankings take 2-3 weeks to effect but results are guaranteed. This service should be ordered ONLY once per month per URL.ğŸ”´ Want a report of your links? Please review the link example below:ğŸ”´ To order please insert link as follows:Keyword1 Keyword2 Keyword3 - www.example.com - email 
148,823,ğŸŒŸ Increase Google Search Rankings | .EDU Backlinks ğŸŒŸ,$ 34.99,1,1, notes Ã— ğŸŒŸ Increase Google Search Rankings | .EDU Backlinks ğŸŒŸ ğŸ”´ This service is performed in a 100% safe and manual procedure. We do NOT spam links. ğŸ”´ For this service we manually create EDU backlinks for your website. EDU backlinks refer to links obtained on website domains with .EDU extension. ... This in turn makes people trust your site more as the same is conceived of your organization. Although Google fails to admit it edu sites are very important and are therefore ranked quite highly in the search engines.âŒ› Start Time: 0-48 hoursâš¡ Results: Rankings take 2-3 weeks to effect but results are guaranteed. This service should be ordered ONLY once per month per URL.ğŸ”´ Want a report of your links? Please review the link example below:ğŸ”´ To order please insert link as follows:Keyword1 Keyword2 Keyword3 - www.example.com - email 
149,825,ğŸŒŸ Increase Google Search Rankings | .Wiki Backlinks ğŸŒŸ,$ 34.99,1,1, notes Ã— ğŸŒŸ Increase Google Search Rankings | .Wiki Backlinks ğŸŒŸ ğŸ”´ This service is performed in a 100% safe and manual procedure. We do NOT spam links. ğŸ”´ For this service we manually create Wiki backlinks for your website. Google grants huge authority to these Wiki backlinks. Meaning if you buy Wiki backlinks you get backlinks from unique articles with niche related content. And if getting a ton of high quality backlinks at an affordable price isn't too much of a steal already for you purchasing this service will increase search rankings for specific keywords.âŒ› Start Time: 0-48 hoursâš¡ Results: Rankings take 2-3 weeks to effect but results are guaranteed. This service should be ordered ONLY once per month per URL.ğŸ”´ Want a report of your links? Please review the link example below:ğŸ”´ To order please insert link as follows:Keyword1 Keyword2 Keyword3 - www.example.com - email 
150,format_list_numberedID,storageService,bar_chartRate per 1000,call_receivedMin order,call_madeMax order,format_align_leftDescription
151,514,ğŸ‘¥Instagram Followers | Indian,$ 4.20,10,10000, notes Ã— ğŸ‘¥Instagram Followers | Indian ğŸ”´ This will auto refill every couple of minutes! Enjoy =)âŒ›Start Time: 0-6 hoursâš¡Speed per Day: 2 000 Followersâœ…Refill Time: 30 DaysğŸ”»Minimum Order: 10ğŸ”¼Maximum Order: 10 000ğŸ”´USERNAME LINK EXAMPLE: carlton.bynum.officialâŒDO NOT place multiple orders for the same link until your first order completes. 
152,548,ğŸ‡§ğŸ‡ª Belgium Instagram Likes,$ 30.45,100,10000, notes Ã— ğŸ‡§ğŸ‡ª Belgium Instagram Likes ğŸ”´ Real Targeted Instagram AccountsThey interact willingly not through botsThey might engage like other posts comment follow etc.âŒ› Start Time: 0-1 Hourâš¡ Speed per Hour: 10 000 Likesâœ… Lifetime non drop guarantee ğŸ”» Minimum Order: 100ğŸ”¼ Maximum Order: 10 000 
153,621,ğŸ‡°ğŸ‡· Korean Instagram Likes,$ 19.58,10,10000, notes Ã— ğŸ‡°ğŸ‡· Korean Instagram Likes ğŸ”´ Real Targeted Instagram AccountsThey interact willingly not through botsThey might engage like other posts comment follow etc.âŒ› Start Time: 0-1 Hourâš¡ Speed per Hour: 10 000 Likesâœ… Lifetime non drop guarantee ğŸ”» Minimum Order: 100ğŸ”¼ Maximum Order: 10 000 
154,644,ğŸ‡²ğŸ‡¦ Morocco Instagram Likes,$ 30.45,100,10000, notes Ã— ğŸ‡²ğŸ‡¦ Morocco Instagram Likes ğŸ”´ Real Targeted Instagram AccountsThey interact willingly not through botsThey might engage like other posts comment follow etc.âŒ› Start Time: 0-1 Hourâš¡ Speed per Hour: 10 000 Likesâœ… Lifetime non drop guarantee ğŸ”» Minimum Order: 100ğŸ”¼ Maximum Order: 10 000 
155,664,ğŸ‡µğŸ‡¹ Portuguese Instagram Likes,$ 30.45,100,10000, notes Ã— ğŸ‡µğŸ‡¹ Portuguese Instagram Likes ğŸ”´ Real Targeted Instagram AccountsThey interact willingly not through botsThey might engage like other posts comment follow etc.âŒ› Start Time: 0-1 Hourâš¡ Speed per Hour: 10 000 Likesâœ… Lifetime non drop guarantee ğŸ”» Minimum Order: 100ğŸ”¼ Maximum Order: 10 000 
156,942,ğŸ‡°ğŸ‡· Korean Instagram Followers,$ 141.75,10,5000, notes Ã— ğŸ‡°ğŸ‡· Korean Instagram Followers 
157,format_list_numberedID,storageService,bar_chartRate per 1000,call_receivedMin order,call_madeMax order,format_align_leftDescription
158,770,ğŸ®ğŸ‘¥ Twitch | Followers,$ 8.70,50,20000, notes Ã— ğŸ®ğŸ‘¥ Twitch | Followers ğŸ”´ Link: Twitch channel username!âŒ› Start Time: 0-8 hoursâš¡ Speed per Day: 5 000âœ… Lifetime non drop guaranteeğŸ”» Minimum Order: 50ğŸ”¼ Maximum Order: 20 000 
159,771,ğŸ¥ Twitch | Clip Views,$ 1.16,250,1000000, notes Ã— ğŸ¥ Twitch | Clip Views âŒ›Start Time: 0-45 minutesâœ…Refill Time: LIFETIME WARRANTYğŸ”»Minimum Order: 250ğŸ”¼Maximum Order: 1MğŸ”´LINK EXAMPLE: https://www.twitch.tv/yassuo/clip/ImpartialCulturedDragonflyPanicBasket?filter=clips&range=7d&sort=time 
160,772,ğŸ¥ Twitch | Channel Views,$ 1.16,250,1000000, notes Ã— ğŸ¥ Twitch | Channel Views âŒ›Start Time: 1-2 hoursâœ…Refill Time: LIFETIME WARRANTYğŸ”»Minimum Order: 250ğŸ”¼Maximum Order: 1MğŸ”´LINK EXAMPLE: https://www.twitch.tv/pewdiepie 
161,888,ğŸ® Twitch | Prime Subscribers,$ 1 508.00,10,1000, notes Ã— ğŸ® Twitch | Prime Subscribers Start Time: 12-72 HoursMin/Max: 1/1 000Details:ğŸ”´LINK EXAMPLE: https://twitch.tv/twitch12345â Twitch pay you ~2.49$ per Prime Subs !!! (TIN Required to get full revenue)â Everything is manual work hereâ Your channel must be Twitch Affiliatedâ Subs will also follow youğŸ”´ Your channel must look really good and legit.ğŸ”´ You need to stream 3-6 times a week (1-2 hours per stream)ğŸ”´ You need channel views live viewers if possible 
162,format_list_numberedID,storageService,bar_chartRate per 1000,call_receivedMin order,call_madeMax order,format_align_leftDescription
163,826,âœ´ï¸ $5 Worth of Ads,$ 7.00,1,1, notes Ã— âœ´ï¸ $5 Worth of Ads âš ï¸ For this service you can expect a Marketing Executive from our Social Media Marketing Agency to create a YouTube Targeted Ad for your video. ğŸ”¹ Order this Service ğŸ”¹ We Open a Ticket with Contact Information (Within 0-24 Hours) ğŸ”¹ Our Marketing Executive reviews your video URL and we decide whether or not we think we can create well performing ads. ğŸ”¹ We create the ad manage and optimize until your funds have been spent. With this service you can expect to have $5.00 towards a YouTube Ad.âš ï¸ This service payment MUST be sent via Credit/Debit Invoice BTC or Venmo. You may NOT order with funds already in your balance.Credit/Debit: Open a Support Ticket for Details.BTC: 33VLxwu23j1hJMFgRyLcwdqwsuSmvmYDhNVenmo: @Carlton-Bynum 
164,827,âœ´ï¸ $25 Worth of Ads,$ 35.00,1,1, notes Ã— âœ´ï¸ $25 Worth of Ads âš ï¸ For this service you can expect a Marketing Executive from our Social Media Marketing Agency to create a YouTube Targeted Ad for your video. ğŸ”¹ Order this Service ğŸ”¹ We Open a Ticket with Contact Information (Within 0-24 Hours) ğŸ”¹ Our Marketing Executive reviews your video URL and we decide whether or not we think we can create well performing ads. ğŸ”¹ We create the ad manage and optimize until your funds have been spent. With this service you can expect to have $25.00 towards a YouTube Ad.âš ï¸ This service payment MUST be sent via Credit/Debit Invoice BTC or Venmo. You may NOT order with funds already in your balance.Credit/Debit: Open a Support Ticket for Details.BTC: 33VLxwu23j1hJMFgRyLcwdqwsuSmvmYDhNVenmo: @Carlton-Bynum 
165,828,âœ´ï¸ $100 Worth of Ads,$ 175.00,1,1, notes Ã— âœ´ï¸ $100 Worth of Ads âš ï¸ For this service you can expect a Marketing Executive from our Social Media Marketing Agency to create a YouTube Targeted Ad for your video. ğŸ”¹ Order this Service ğŸ”¹ We Open a Ticket with Contact Information (Within 0-24 Hours) ğŸ”¹ Our Marketing Executive reviews your video URL and we decide whether or not we think we can create well performing ads. ğŸ”¹ We create the ad manage and optimize until your funds have been spent. With this service you can expect to have $100.00 towards a YouTube Ad.âš ï¸ This service payment MUST be sent via Credit/Debit Invoice BTC or Venmo. You may NOT order with funds already in your balance.Credit/Debit: Open a Support Ticket for Details.BTC: 33VLxwu23j1hJMFgRyLcwdqwsuSmvmYDhNVenmo: @Carlton-Bynum 
166,829,âœ´ï¸ $500 Worth of Ads,$ 625.00,1,1, notes Ã— âœ´ï¸ $500 Worth of Ads âš ï¸ For this service you can expect a Marketing Executive from our Social Media Marketing Agency to create a YouTube Targeted Ad for your video. ğŸ”¹ Order this Service ğŸ”¹ We Open a Ticket with Contact Information (Within 0-24 Hours) ğŸ”¹ Our Marketing Executive reviews your video URL and we decide whether or not we think we can create well performing ads. ğŸ”¹ We create the ad manage and optimize until your funds have been spent. With this service you can expect to have $500.00 towards a YouTube Ad.âš ï¸ This service payment MUST be sent via Credit/Debit Invoice BTC or Venmo. You may NOT order with funds already in your balance.Credit/Debit: Open a Support Ticket for Details.BTC: 33VLxwu23j1hJMFgRyLcwdqwsuSmvmYDhNVenmo: @Carlton-Bynum 
167,830,âœ´ï¸ $2 500 Worth of Ads,$ 3 000.00,1,1, notes Ã— âœ´ï¸ $2 500 Worth of Ads âš ï¸ For this service you can expect a Marketing Executive from our Social Media Marketing Agency to create a YouTube Targeted Ad for your video. ğŸ”¹ Order this Service ğŸ”¹ We Open a Ticket with Contact Information (Within 0-24 Hours) ğŸ”¹ Our Marketing Executive reviews your video URL and we decide whether or not we think we can create well performing ads. ğŸ”¹ We create the ad manage and optimize until your funds have been spent. With this service you can expect to have $2 500.00 towards a YouTube Ad.âš ï¸ This service payment MUST be sent via Credit/Debit Invoice BTC or Venmo. You may NOT order with funds already in your balance.Credit/Debit: Open a Support Ticket for Details.BTC: 33VLxwu23j1hJMFgRyLcwdqwsuSmvmYDhNVenmo: @Carlton-Bynum 
168,831,âœ´ï¸ $10 000 Worth of Ads,$ 12 500.00,1,1, notes Ã— âœ´ï¸ $10 000 Worth of Ads âš ï¸ For this service you can expect a Marketing Executive from our Social Media Marketing Agency to create a YouTube Targeted Ad for your video. ğŸ”¹ Order this Service ğŸ”¹ We Open a Ticket with Contact Information (Within 0-24 Hours) ğŸ”¹ Our Marketing Executive reviews your video URL and we decide whether or not we think we can create well performing ads. ğŸ”¹ We create the ad manage and optimize until your funds have been spent. With this service you can expect to have $10 000.00 towards a YouTube Ad.âš ï¸ This service payment MUST be sent via Credit/Debit Invoice BTC or Venmo. You may NOT order with funds already in your balance.Credit/Debit: Open a Support Ticket for Details.BTC: 33VLxwu23j1hJMFgRyLcwdqwsuSmvmYDhNVenmo: @Carlton-Bynum 
169,format_list_numberedID,storageService,bar_chartRate per 1000,call_receivedMin order,call_madeMax order,format_align_leftDescription
170,813,â™»ï¸ğŸ”´Twitter | Impressions,$ 1.45,100,100000, notes Ã— â™»ï¸ğŸ”´Twitter | Impressions âŒ› Start Time: 0-30 minutesâš¡ Speed per Day: 100 000 âœ… Lifetime non drop guaranteeğŸ”» Minimum Order: 100ğŸ”¼ Maximum Order: 100 000 
171,814,â™»ï¸ğŸ‘ğŸ» Twitter | Likes,$ 5.80,20,10000, notes Ã— â™»ï¸ğŸ‘ğŸ» Twitter | Likes âŒ› Start Time: 0-24 hoursâš¡ Speed per Day: 100-800 âœ… Refill Time: 30 DaysğŸ”» Minimum Order: 20ğŸ”¼ Maximum Order: 10 000 
172,815,â™»ï¸ğŸ¦ Retweets | Twitter,$ 5.80,20,10000, notes Ã— â™»ï¸ğŸ¦ Retweets | Twitter âŒ› Start Time: 0-24 hoursâš¡ Speed per Day: 100-800 âœ… Refill Time: 30 DaysğŸ”» Minimum Order: 20ğŸ”¼ Maximum Order: 10 000 
173,format_list_numberedID,storageService,bar_chartRate per 1000,call_receivedMin order,call_madeMax order,format_align_leftDescription
174,781,ğŸ‘¥ SoundCloud | Followers,$ 1.74,100,50000, notes Ã— ğŸ‘¥ SoundCloud | Followers âŒ› Start Time: 0-48 hoursâš¡ Speed per Day: 1 000-2 000 Followersâœ… Refill Time: 60 DaysğŸ”» Minimum Order: 100ğŸ”¼ Maximum Order: 5 000ğŸ”´LINK EXAMPLE: https://soundcloud.com/bi-s-n-3 
175,782,ğŸ”Š SoundCloud | Plays,$ 0.11,100,100000, notes Ã— ğŸ”Š SoundCloud | Plays âŒ›Start Time: 0-48 Hoursâœ… Refill Time: LIFETIME WARRANTYâš¡Speed per Day: 50 000 - 100 000 PlaysğŸ”»Minimum Order: 2 000ğŸ”¼Maximum Order: 1 000 000ğŸ”´LINK EXAMPLE: https://soundcloud.com/bi-s-n-3/sets/chilloutwithme 
176,783,ğŸ‘ SoundCloud | Track Likes,$ 1.74,20,25000, notes Ã— ğŸ‘ SoundCloud | Track Likes ğŸ”´ Quantity must be multiple of 50âŒ›Start Time: 0-48 Hoursâœ… Refill Time: 30 Daysâš¡Speed per Day: 1 000 - 2 000 LikesğŸ”»Minimum Order: 50ğŸ”¼Maximum Order: 4 500ğŸ”´LINK EXAMPLE: https://soundcloud.com/bi-s-n-3/sets/chilloutwithme 
177,format_list_numberedID,storageService,bar_chartRate per 1000,call_receivedMin order,call_madeMax order,format_align_leftDescription
178,794,ğŸ§ğŸ‘¥ Spotify | Playlist Followers,$ 1.16,500,100000, notes Ã— ğŸ§ğŸ‘¥ Spotify | Playlist Followers âŒ› Start Time: 0-24 hoursâš¡ Speed per Day: 10-10 000âœ… Lifetime non-drop guaranteeğŸ”» Minimum Order: 500ğŸ”¼ Maximum Order: 100 000ğŸ”´ LINK EXAMPLE: https://open.spotify.com/playlist/7E7QNRj3WQd8xYPjrrNQtu?si=CZ1AY6HzRpKAyB3_WhXN0A 
179,795,ğŸ¤ğŸ‘¥ Spotify | Artist Followers,$ 1.40,500,100000, notes Ã— ğŸ¤ğŸ‘¥ Spotify | Artist Followers âŒ› Start Time: 0-24 Hours âš¡ Speed per Day: 10 - 100 Followers âœ… Refill Time: 30 DaysğŸ”» Minimum Order: 500ğŸ”¼ Maximum Order: 100 000ğŸ”´ LINK EXAMPLE: https://open.spotify.com/artist/6iWuBN32BqCJAeXW6o3nil 
180,796,ğŸ§ Spotify | Playlist Plays | Global,$ 0.87,1000,1000000," notes Ã— ğŸ§ Spotify | Playlist Plays | Global âŒ› Start Time: 0-24 Hours âš¡ Speed per Day: 10 - 100 Song Plays âœ… Refill Time: LIFETIME WARRANTYğŸ”» Minimum Order: 5 000ğŸ”¼ Maximum Order: 10 000 000ğŸ”´ LINK EXAMPLE: - Open Spotify and locate the playlist you wish to promote- Right-click any playlist in the Spotify player and select â€œCopy Track Link"".*You can add as many songs you want in the playlist. The plays will be split evenly among them. ex 20k order on 10 songs = 2k per song "
181,865,ğŸ§ Spotify | Song Plays | Global,$ 0.73,1000,1000000, notes Ã— ğŸ§ Spotify | Song Plays | Global ğŸ”´ Enter track linkâŒ› Start Time: 0-24 hoursâš¡ Speed per Day for Small Orders: 10-100âœ… Refill Time: 60 DaysğŸ”» Minimum Order: 5 000ğŸ”¼ Maximum Order: 1 000 000ğŸ”´ Quantity must be multiples of 1 000. (Ex: 1000 or 2000 or 5000) 
182,format_list_numberedID,storageService,bar_chartRate per 1000,call_receivedMin order,call_madeMax order,format_align_leftDescription
183,790,ğŸ‘¥ Telegram | Channel Members,$ 4.35,1000,6000, notes Ã— ğŸ‘¥ Telegram | Channel Members âŒ›Start Time: 0-12 Hoursâš¡Speed per Day: 2 000-5 000 MembersğŸ”»Minimum Order: 1000ğŸ”¼Maximum Order: 30 000ğŸ”´LINK EXAMPLE: (Channel Username ONLY) 
184,791,ğŸ¥ Post Views | Last 5 Posts,$ 0.80,100,150000, notes Ã— ğŸ¥ Post Views | Last 5 Posts âŒ›Start Time: 0-12 Hoursâš¡Speed per Day: 2 000-5 000 ViewsğŸ”»Minimum Order: 100ğŸ”¼Maximum Order: 30 000 
185,792,ğŸ¥ Post Views | Last 10 Posts,$ 1.24,100,50000, notes Ã— ğŸ¥ Post Views | Last 10 Posts âŒ›Start Time: 0-12 Hoursâš¡Speed per Day: 2 000-5 000 ViewsğŸ”»Minimum Order: 100ğŸ”¼Maximum Order: 50 000 
186,793,ğŸ¥ Post Views | Last 20 Posts,$ 2.32,100,50000, notes Ã— ğŸ¥ Post Views | Last 20 Posts âŒ›Start Time: 0-12 Hoursâš¡Speed per Day: 2 000-5 000 ViewsğŸ”»Minimum Order: 100ğŸ”¼Maximum Order: 50 000 
187,format_list_numberedID,storageService,bar_chartRate per 1000,call_receivedMin order,call_madeMax order,format_align_leftDescription
188,849,Private Service 1,$ 4.80,100,20000, notes Ã— Private Service 1 
189,850,Private Service 2,$ 5.39,100,30000, notes Ã— Private Service 2 
190,866,Custom Service (Truze) - F,$ 4.62,100,50000, notes Ã— Custom Service (Truze) - F 
191,861,Custom Service (Software) - F,$ 5.08,100,200000, notes Ã— Custom Service (Software) - F 
192,855,Premium Service 1,$ 128.70,50,20000, notes Ã— Premium Service 1 
193,860,Custom Service (Software) - L,$ 0.94,50,10000, notes Ã— Custom Service (Software) - L 
194,839,Private,$ 3.72,100,11000, notes Ã— Private ğŸ”´Username OR Full Link (Do not include @)âŒ› Start Time: 0-10 minutesâš¡ Speed per Day: 10 000-30 000 Followersâœ… Refill Time: 30 DaysğŸ”» Minimum Order: 100ğŸ”¼ Maximum Order: 20 000ğŸ”´LINK EXAMPLE: https://Instagram.com/carlton.bynum.official/ 
195,862,Custom Service (AV) - L,$ 148.50,100,30000, notes Ã— Custom Service (AV) - L 
196,863,Custom Service (Manual Truze) - L,$ 3.17,50,5000, notes Ã— Custom Service (Manual Truze) - L 
197,868,Custom Service (Manual Truze) - F (100 - 1k),$ 4.50,100,30000, notes Ã— Custom Service (Manual Truze) - F (100 - 1k) 
198,870,Custom Service (Manual Truze) - F (1k - 5k),$ 4.62,100,50000, notes Ã— Custom Service (Manual Truze) - F (1k - 5k) 
199,864,Custom Service (Choobie) - F,$ 10.00,100,11000, notes Ã— Custom Service (Choobie) - F 
200,867,Custom Service (smvnl) - L,$ 3.50,100,5000, notes Ã— Custom Service (smvnl) - L 
201,880,Custom Service (Tw) - F,$ 4.72,500,20000, notes Ã— Custom Service (Tw) - F 
202,881,Custom Service (Tw) - I,$ 1.15,100,100000, notes Ã— Custom Service (Tw) - I 
203,882,Custom Service (Tw) - R,$ 4.60,20,10000, notes Ã— Custom Service (Tw) - R 
204,883,Custom Service (Tw) - L,$ 4.60,20,10000, notes Ã— Custom Service (Tw) - L 
205,884,Custom Service (Ti) - F,$ 9.20,50,5000, notes Ã— Custom Service (Ti) - F 
206,885,Custom Service (Ti) - L,$ 9.20,50,10000, notes Ã— Custom Service (Ti) - L 
207,921,Test Service - F,$ 9.15,100,50000, notes Ã— Test Service - F 
208,922,Testing Service,$ 0.85,50,5000, notes Ã— Testing Service 
209,929,Custom - N,$ 8.70,50,20000, notes Ã— Custom - N âŒ› Start Time: 0-4 hoursâš¡ Speed per Day: 1 000-2 000 Subscribersâœ… 30 Days Refill GuaranteeğŸ”» Minimum Order: 100ğŸ”¼ Maximum Order: 20 000 
210,941,ğŸŒ´ Followers Server - s2948ej92kjs,$ 4.30,10,10000, notes Ã— ğŸŒ´ Followers Server - s2948ej92kjs 
